v 20.864275 -0.10041995 2.5268509
v 19.898525 0.14621004 2.6074734
l 1 2
v 20.860525 -0.099462323 2.527164
v 19.894778 0.14718256 2.6077807
l 3 4
v 20.80686 -0.084893748 2.5317965
v 21.757074 -0.38344989 2.4425866
l 5 6
v 20.821533 -0.089504063 2.5304189
v 19.87129 0.20896433 2.6196103
l 7 8
v 20.818333 -0.088498786 2.5307193
v 19.868127 0.21008183 2.6199343
l 9 10
v 20.723854 0.051920298 2.536773
v 19.907219 -0.5215656 2.6017375
l 11 12
v 20.701017 0.035296377 2.538624
v 21.338627 0.80251957 2.4691776
l 13 14
v 20.687616 0.019165859 2.5400827
v 21.325104 0.78649544 2.4706949
l 15 16
v 20.893751 0.10660678 2.5246277
v 21.8702 0.31084099 2.4550882
l 17 18
v 20.908863 0.10976759 2.5235515
v 21.885323 0.31395133 2.4540157
l 19 20
v 21.448652 -0.15830585 2.4990258
v 20.449848 -0.1239695 2.5338145
l 21 22
v 21.462719 -0.15878941 2.4985359
v 20.463914 -0.12445444 2.5333247
l 23 24
v 21.266705 0.15043771 2.505631
v 20.269991 0.080375922 2.5462854
l 25 26
v 21.180557 0.14438218 2.5091448
v 22.177271 0.21444466 2.4684897
l 27 28
v 21.256538 0.14972316 2.5060456
v 22.253253 0.21977981 2.4653963
l 29 30
v 21.360802 0.15528578 2.5020857
v 20.362833 0.10386851 2.539686
l 31 32
v 21.266705 0.15043771 2.505631
v 22.264674 0.20185576 2.4680295
l 33 34
v 21.348814 0.15466821 2.5025373
v 22.346784 0.20608013 2.4649447
l 35 36
v 21.870001 0.70248783 1.7934426
v 22.46216 0.74391665 2.5981979
l 37 38
v 21.879362 0.70314276 1.8061647
v 21.287146 0.6617193 1.0014513
l 39 40
v 21.875576 0.70287794 1.8010201
v 21.283456 0.66144547 0.99623639
l 41 42
v 22.123869 -0.6772992 1.7086123
v 23.118478 -0.60709759 1.6322892
l 43 44
v 22.221304 -0.68442607 1.8857093
v 21.225584 -0.73649452 1.8093541
l 45 46
v 22.123732 -0.68952835 1.8782271
v 23.119451 -0.63745789 1.9545858
l 47 48
v 22.161594 -0.68754834 1.8811307
v 23.157315 -0.63548115 1.9574836
l 49 50
v 22.068029 -0.15384397 2.4786661
v 21.068961 -0.18444634 2.5091039
l 51 52
v 22.041336 -0.15466161 2.4794793
v 21.042268 -0.18526155 2.5099147
l 53 54
v 21.937019 0.15785667 2.4826572
v 22.936088 0.12725673 2.4522218
l 55 56
v 22.041336 0.15466161 2.4794793
v 23.040404 0.12405924 2.4490415
l 57 58
v 22.123732 0.68952835 1.8782271
v 23.119452 0.63745989 1.9545823
l 59 60
v 22.161594 0.68754834 1.8811307
v 21.165875 0.73961879 1.804772
l 61 62
v 22.221304 0.68442607 1.8857093
v 21.225583 0.73649326 1.8093564
l 63 64
v 22.696068 -0.65314811 1.8892196
v 23.692868 -0.58415125 1.8488626
l 65 66
v 22.642183 -0.65694886 1.8914009
v 21.644828 -0.72876911 1.9025349
l 67 68
v 22.46809 -0.13448039 2.4629071
v 23.465067 -0.071548665 2.4173435
l 69 70
v 22.599262 -0.12620047 2.4569123
v 23.595891 -0.057308794 2.4123644
l 71 72
v 22.727335 -0.11734748 2.4511876
v 21.730706 -0.18623966 2.4957352
l 73 74
v 22.632961 -0.12387108 2.455406
v 21.636332 -0.19276132 2.4999547
l 75 76
v 22.46809 0.13448039 2.4629071
v 21.470765 0.19069989 2.5096138
l 77 78
v 22.366947 0.14018184 2.4676437
v 23.364273 0.08396233 2.4209376
l 79 80
v 22.335201 0.14197136 2.4691305
v 23.332527 0.085751883 2.4224221
l 81 82
v 22.599262 0.12620047 2.4569123
v 21.602285 0.18913219 2.5024759
l 83 84
v 22.437819 0.67166531 1.8936824
v 23.435174 0.59984507 1.8825484
l 85 86
v 22.839243 0.64323777 1.883423
v 21.842443 0.71223463 1.92378
l 87 88
v 22.849323 -0.1082072 2.442256
v 23.839696 -0.028424979 2.3291321
l 89 90
v 22.963903 -0.098976873 2.4291682
v 21.973531 -0.17875961 2.5422916
l 91 92
v 22.881008 -0.10565478 2.4386368
v 21.890636 -0.18543563 2.5517617
l 93 94
v 23.329773 0.065891162 2.3770905
v 22.354423 0.16141676 2.5760043
l 95 96
v 23.535654 0.46778044 1.7552407
v 24.467408 0.11549183 1.8431426
l 97 98
v 23.566856 -0.4559831 1.7581843
v 22.635102 -0.80827171 1.6702824
l 99 100
v 23.666138 -0.42463863 1.8189687
v 22.747204 -0.80812206 1.9111693
l 101 102
v 23.667698 -0.029436905 2.2747629
v 24.596134 0.080125977 1.919796
l 103 104
v 23.711567 -0.024199506 2.2561052
v 24.624028 0.086560361 1.8622172
l 105 106
v 23.740206 0.020723155 2.2437425
v 22.827745 0.13148302 2.6376304
l 107 108
v 23.840237 -0.0080146147 2.1913903
v 24.699345 0.10534637 1.6923096
l 109 110
v 23.840237 0.0080146147 2.1913903
v 22.981058 0.12038028 2.6905757
l 111 112
v 3.2752812 6.441675e-17 -1.7576176
v 2.8753896 8.2935026e-18 -2.67418
l 113 114
v 3.1104867 4.1288485e-17 -2.1353309
v 2.7071133 -2.6054823e-17 -3.0503663
l 115 116
v 3.2752812 6.441675e-17 -1.7576176
v 3.6751734 1.2053999e-16 -0.84105542
l 117 118
v 3.4400759 8.7545011e-17 -1.3799044
v 3.8399676 1.4366827e-16 -0.46334201
l 119 120
v 2.7683523 -0.054913152 -2.6734276
v 1.8635415 -0.45520018 -2.528211
l 121 122
v 2.7549884 -0.060825296 -2.6712828
v 3.659797 0.33946782 -2.816496
l 123 124
v 2.7576907 -0.059629809 -2.6717165
v 3.6625019 0.34065568 -2.8169338
l 125 126
v 2.747874 -0.063943699 -2.6702943
v 1.8483319 -0.48420299 -2.5511048
l 127 128
v 2.7367525 -0.06913957 -2.6688206
v 3.6362945 0.35111844 -2.7880152
l 129 130
v 2.7300169 -0.07228639 -2.6679282
v 3.6295592 0.34797501 -2.7871094
l 131 132
v 2.7300169 0.07228639 -2.6679282
v 3.629559 -0.3479729 -2.7871177
l 133 134
v 2.7367525 0.06913957 -2.6688206
v 1.8372103 0.48940097 -2.5496395
l 135 136
v 2.747874 0.063943699 -2.6702943
v 1.848332 0.48420171 -2.5510997
l 137 138
v 3.054805 -0.010468468 -3.3057225
v 3.0484418 -1.0079317 -3.2348236
l 139 140
v 3.0548329 0.0060868445 -3.3060338
v 3.0612014 -0.99137815 -3.3769072
l 141 142
v 3.0547664 0.016522918 -3.3052921
v 3.0611296 -0.98094029 -3.376191
l 143 144
v 3.0544498 0.048694756 -3.3017654
v 3.073398 -0.92857568 -3.5129134
l 145 146
v 3.0543318 0.054781601 -3.3004503
v 3.07328 -0.92248884 -3.5115983
l 147 148
v 3.0160978 0.17863144 -3.2576625
v 2.5063777 0.96145916 -2.9007785
l 149 150
v 3.0200713 0.17252898 -3.2604444
v 2.5103458 0.95536286 -2.9035815
l 151 152
v 3.0545678 -0.042607911 -3.3030806
v 3.0356196 -1.0198783 -3.0919326
l 153 154
v 3.0544498 -0.048694756 -3.3017654
v 3.0355016 -1.0259652 -3.0906175
l 155 156
v 3.0447578 -0.11610239 -3.2846661
v 3.3078974 0.81588242 -3.5339889
l 157 158
v 3.050257 -0.092658095 -3.2913899
v 3.2207361 0.84894431 -3.5817721
l 159 160
v 3.0482545 -0.10371755 -3.2879791
v 3.2187444 0.83787888 -3.5783743
l 161 162
v 2.9638731 -0.23295125 -3.2313046
v 2.2146151 -0.810769 -2.9076705
l 163 164
v 2.9603438 -0.23567301 -3.2297802
v 3.709608 0.34214335 -3.5534026
l 165 166
v 2.9620423 -0.23436317 -3.2305138
v 3.7112947 0.34345587 -3.5541588
l 167 168
v 3.0006161 -0.19838801 -3.2481635
v 2.368814 -0.88513477 -2.8887124
l 169 170
v 2.9925604 -0.20714426 -3.2435803
v 3.6243807 0.4796001 -3.6030039
l 171 172
v 2.9938517 -0.20574073 -3.2443149
v 3.6256503 0.48100648 -3.6037712
l 173 174
v 2.9088292 0.26760638 -3.2164748
v 1.9765515 0.62750287 -3.252982
l 175 176
v 2.9089203 0.26757118 -3.2164712
v 1.9767752 0.62780134 -3.2530738
l 177 178
v 2.8943186 -0.27276051 -3.2175684
v 1.9432683 -0.55089405 -3.3522724
l 179 180
v 2.7967677 0.25648445 -3.2832913
v 3.3434212 0.73390838 -2.5953696
l 181 182
v 2.8014331 0.26055902 -3.2774203
v 2.2547823 -0.21686644 -3.9653432
l 183 184
v 2.8058035 0.26437595 -3.2719204
v 2.2591471 -0.21304635 -3.959841
l 185 186
v 2.760401 0.19240263 -3.3473361
v 2.7160695 -0.67569707 -3.8417424
l 187 188
v 2.7596979 0.17976871 -3.3545482
v 2.848933 1.0400511 -2.8526006
l 189 190
v 2.7596998 0.1797871 -3.3545375
v 2.8475266 1.0397117 -2.8517293
l 191 192
v 2.7603338 0.19108605 -3.3480859
v 2.7160019 -0.67701123 -3.8424964
l 193 194
v 2.7602665 0.18976949 -3.3488357
v 2.7158822 -0.67832847 -3.8432404
l 195 196
v 2.7601466 0.18742393 -3.3501716
v 2.7157832 -0.68066487 -3.8445942
l 197 198
v 2.7600646 0.18581977 -3.3510852
v 2.7155762 -0.68227387 -3.8454881
l 199 200
v 2.7600083 0.18471806 -3.3517127
v 2.8043428 1.0527974 -2.8572709
l 201 202
v 2.7599971 0.1845032 -3.351835
v 2.805275 1.0526699 -2.8576321
l 203 204
v 2.7600646 0.18581977 -3.3510852
v 2.8045551 1.05395 -2.8567468
l 205 206
v 2.7598059 0.18096617 -3.3538525
v 2.8229247 1.0463835 -2.8567923
l 207 208
v 2.7598078 0.18099232 -3.3538375
v 2.8206682 1.0463748 -2.8564351
l 209 210
v 2.7600646 0.18581977 -3.3510852
v 2.7156302 -0.68226282 -3.8455123
l 211 212
v 2.7599299 0.18318662 -3.3525848
v 2.7156018 -0.68484561 -3.8471099
l 213 214
v 2.7596302 -0.17917345 -3.354898
v 2.8606931 -1.0365753 -2.850271
l 215 216
v 2.7596672 -0.17948723 -3.3547132
v 2.8532338 -1.0384904 -2.8513657
l 217 218
v 2.7596998 -0.1797871 -3.3545375
v 2.6704647 0.68049526 -3.8564851
l 219 220
v 2.7596979 -0.17976871 -3.3545482
v 2.6658488 0.67915041 -3.8579867
l 221 222
v 2.760401 -0.19240263 -3.3473361
v 2.8047325 -1.0605023 -2.8529297
l 223 224
v 2.7604232 -0.1928357 -3.3470893
v 2.7159826 0.67515917 -3.8416699
l 225 226
v 2.7604682 -0.19371921 -3.3465862
v 2.7161902 0.67443187 -3.8409071
l 227 228
v 2.7603338 -0.19108605 -3.3480859
v 2.8046653 -1.0591858 -2.8536795
l 229 230
v 2.7602158 -0.18877688 -3.349401
v 2.8045827 -1.0568784 -2.8550011
l 231 232
v 2.7602665 -0.18976949 -3.3488357
v 2.7158531 0.67833776 -3.8432214
l 233 234
v 2.7601466 -0.18742393 -3.3501716
v 2.8045121 -1.0555216 -2.8557648
l 235 236
v 2.7600775 -0.18607099 -3.3509421
v 2.8044409 -1.0541598 -2.8565195
l 237 238
v 2.7600775 -0.18607099 -3.3509421
v 2.715587 0.68205928 -3.8452805
l 239 240
v 2.759846 -0.18156822 -3.353507
v 2.8078229 -1.0492225 -2.8586593
l 241 242
v 2.7598476 -0.18159825 -3.3534899
v 2.7116499 0.68552989 -3.8492376
l 243 244
v 2.7598627 -0.18187004 -3.3533349
v 2.7119101 0.6858423 -3.8480832
l 245 246
v 2.7598698 -0.18201216 -3.3532538
v 2.8042329 -1.0501033 -2.8588353
l 247 248
v 2.759939 -0.18336511 -3.3524833
v 2.7158648 0.68492511 -3.846578
l 249 250
v 2.7599299 -0.18318662 -3.3525848
v 2.715523 0.68487427 -3.8470526
l 251 252
v 2.6323986 -0.19371921 -3.3704557
v 1.6332275 -0.19371921 -3.4111643
l 253 254
v 2.6549935 -0.19371921 -3.3689349
v 1.6607027 -0.19371921 -3.4756391
l 255 256
v 2.6459937 0.19371921 -3.3699007
v 3.6402845 0.19371921 -3.2631965
l 257 258
v 2.5713849 0.19371921 -3.3704588
v 3.5713749 0.19371921 -3.3749223
l 259 260
v 2.6101718 0.19371921 -3.3705473
v 3.6101711 0.19371921 -3.371764
l 261 262
v 2.4599974 0.17917345 -3.3774662
v 2.2709197 1.0366409 -2.8989277
l 263 264
v 2.4599319 0.17947079 -3.3773003
v 2.2771548 1.0380847 -2.8983695
l 265 266
v 2.4579859 0.19168927 -3.3704934
v 2.3254646 1.0576225 -2.8882095
l 267 268
v 2.4581933 0.19033487 -3.3712478
v 2.5907401 -0.67555561 -3.8536014
l 269 270
v 2.4582798 0.18976949 -3.3715627
v 2.5909421 -0.67616567 -3.8538044
l 271 272
v 2.458683 0.18713634 -3.3730295
v 2.3260273 1.0530247 -2.890702
l 273 274
v 2.4586079 0.18762608 -3.3727565
v 2.5913684 -0.67810903 -3.8553302
l 275 276
v 2.4584813 0.18845291 -3.3722961
v 2.591075 -0.67752621 -3.8544777
l 277 278
v 2.4588153 0.18627168 -3.3735111
v 2.326215 1.0521724 -2.8911905
l 279 280
v 2.4590859 0.1845032 -3.374496
v 2.5916931 -0.68138144 -3.8568435
l 281 282
v 2.4592299 0.18356289 -3.3750198
v 2.5920071 -0.68233479 -3.8572971
l 283 284
v 2.4588153 0.18627168 -3.3735111
v 2.3262411 1.0521767 -2.891191
l 285 286
v 2.4597487 0.18036631 -3.3768008
v 2.2972502 1.0420972 -2.8961616
l 287 288
v 2.4595861 0.18126692 -3.3762987
v 2.3165951 1.0458841 -2.8946445
l 289 290
v 2.4595363 0.18156822 -3.3761308
v 2.6024089 -0.6830802 -3.857764
l 291 292
v 2.4595742 0.1813388 -3.3762586
v 2.6029436 -0.68317844 -3.8579797
l 293 294
v 2.3218062 0.27792609 -3.2978776
v 3.3121191 0.40322009 -3.2380293
l 295 296
v 2.4598684 -0.17976871 -3.3771341
v 2.6426454 0.67884523 -3.8560648
l 297 298
v 2.4579859 -0.19168927 -3.3704934
v 2.5905999 0.67422724 -3.8527818
l 299 300
v 2.4579859 -0.19168927 -3.3704934
v 2.3254469 -1.0575512 -2.8880864
l 301 302
v 2.4584007 -0.18898048 -3.3720021
v 2.3257385 -1.0549156 -2.8897605
l 303 304
v 2.4582798 -0.18976949 -3.3715627
v 2.325733 -1.05566 -2.8892091
l 305 306
v 2.4581933 -0.19033487 -3.3712478
v 2.5907086 0.67556672 -3.8535901
l 307 308
v 2.4586079 -0.18762608 -3.3727565
v 2.3260142 -1.0536052 -2.8905749
l 309 310
v 2.4801853 -0.19371921 -3.3696933
v 1.480293 -0.19371921 -3.3550164
l 311 312
v 2.5331848 -0.19371921 -3.3702598
v 1.5332244 -0.19371921 -3.3613521
l 313 314
v 2.4361701 -0.23032929 -3.3446829
v 1.8844879 -0.88964669 -2.8338529
l 315 316
v 2.4244118 -0.24438171 -3.3337953
v 2.9761024 0.41493134 -3.8446219
l 317 318
v 2.4317861 -0.23556887 -3.3406234
v 2.9834541 0.42375585 -3.8514593
l 319 320
v 2.4091947 -0.2581031 -3.3219116
v 1.7159229 -0.7543838 -2.7993413
l 321 322
v 2.3976498 -0.26636758 -3.3132093
v 3.0909239 0.229914 -3.8357756
l 323 324
v 2.4090617 -0.25819835 -3.3218112
v 3.102133 0.23800594 -3.8447198
l 325 326
v 2.286747 -0.26757118 -3.3056998
v 3.1856587 -0.6127454 -3.035862
l 327 328
v 2.2932701 -0.27007601 -3.3037417
v 3.1921821 -0.61524981 -3.033904
l 329 330
v 2.2545512 -0.24907552 -3.3213258
v 1.5292902 0.33101324 -3.6921269
l 331 332
v 2.1757481 -0.13575496 -3.3809319
v 1.87198 0.7657128 -3.6892836
l 333 334
v 2.1636138 0.030836402 -3.4038734
v 2.1569716 1.0280728 -3.3298775
l 335 336
v 2.1635759 0.036521066 -3.4034514
v 2.170226 -0.9607128 -3.4774811
l 337 338
v 2.163573 0.036957439 -3.4034193
v 2.1701115 -0.96031209 -3.476977
l 339 340
v 2.1636546 0.02471536 -3.4043274
v 2.1570124 1.0219546 -3.3303701
l 341 342
v 2.1636138 0.030836402 -3.4038734
v 2.1701168 -0.9664082 -3.4777715
l 343 344
v 2.1636164 0.030434223 -3.4039032
v 2.1702684 -0.96680469 -3.4778647
l 345 346
v 2.1636569 0.024347378 -3.4043548
v 2.157025 1.0215853 -3.330378
l 347 348
v 2.1636569 0.024347378 -3.4043548
v 2.1570165 1.0215841 -3.330363
l 349 350
v 2.1637361 0.012473281 -3.4052358
v 2.1570883 1.0097104 -3.3312493
l 351 352
v 2.1637769 -0.0063522402 -3.40569
v 2.170419 0.99088418 -3.4796859
l 353 354
v 2.1637361 -0.012473281 -3.4052358
v 2.1703783 0.98476314 -3.4792317
l 355 356
v 2.1636164 -0.030434223 -3.4039032
v 2.1702568 0.96680324 -3.4778853
l 357 358
v 2.1636569 -0.024347378 -3.4043548
v 2.1703047 0.97288971 -3.4783413
l 359 360
v 2.1727934 0.12698647 -3.3839312
v 2.4765615 1.0284542 -3.0755794
l 361 362
v 2.3744199 -0.27582404 -3.3028724
v 1.4524986 -0.52529901 -3.0065224
l 363 364
v 2.364918 -0.2783953 -3.299818
v 3.2868409 -0.028921715 -3.5961642
l 365 366
v 2.3717692 -0.27654135 -3.3020203
v 3.2936863 -0.027062776 -3.5983804
l 367 368
v 10.192677 -1.0022357 -0.66231573
v 10.192677 -0.006041026 -0.7494723
l 369 370
v 10.192677 -2.0060272 -0.57449538
v 10.192677 -1.0098325 -0.66165108
l 371 372
v 10.192677 -1.5040827 -0.61840981
v 10.192677 -0.50788798 -0.70556553
l 373 374
v 10.192677 -3.0090415 -0.48674297
v 10.192677 -2.0128469 -0.57389873
l 375 376
v 10.192677 -2.5077772 -0.53059793
v 10.192677 -1.5115825 -0.61775369
l 377 378
v 9.0924339 -13.768394 0.42097065
v 8.0980835 -13.771552 0.31487003
l 379 380
v 9.0383968 -13.768565 0.4152047
v 8.0440207 -13.771705 0.30934485
l 381 382
v 8.9659882 -13.850944 0.54379302
v 7.996218 -14.021775 0.71804116
l 383 384
v 8.8259583 -13.875314 0.56847227
v 9.7974393 -13.708132 0.40032034
l 385 386
v 9.0271845 -13.839938 0.53242338
v 9.9938276 -13.66288 0.34735167
l 387 388
v 9.0828114 -13.829749 0.52177316
v 10.04805 -13.64993 0.33209197
l 389 390
v 9.0924339 -13.768394 0.42097065
v 10.086757 -13.76525 0.52732525
l 391 392
v 9.1853018 -13.7681 0.43091553
v 8.1910062 -13.771246 0.32430239
l 393 394
v 9.2247934 -13.767975 0.4351604
v 8.2305256 -13.77112 0.32828891
l 395 396
v 9.1784449 -13.811804 0.50277138
v 8.2145078 -13.994129 0.69663406
l 397 398
v 9.219141 -13.804002 0.49441174
v 8.2564224 -13.988568 0.69216958
l 399 400
v 9.2555752 -13.796931 0.48678303
v 8.2939932 -13.983539 0.68812229
l 401 402
v 9.2555752 -13.796931 0.48678303
v 10.216151 -13.608491 0.28237139
l 403 404
v 9.2916317 -13.767764 0.44236922
v 10.285823 -13.764619 0.54995215
l 405 406
v 9.344553 -13.767596 0.44810119
v 8.3503845 -13.770758 0.34030991
l 407 408
v 9.2916317 -13.767764 0.44236922
v 8.2974165 -13.770893 0.33500874
l 409 410
v 9.2601213 -13.767863 0.43896657
v 8.26588 -13.771003 0.33184857
l 411 412
v 9.3665991 -13.767527 0.45049584
v 8.3724514 -13.770666 0.34251151
l 413 414
v 9.3860941 -13.767466 0.4526169
v 8.3919656 -13.770578 0.34445552
l 415 416
v 9.3426762 -13.779694 0.46801031
v 8.3838462 -13.971296 0.67761413
l 417 418
v 9.2880783 -13.790555 0.47986633
v 10.24773 -13.600409 0.27271321
l 419 420
v 9.3426762 -13.779694 0.46801031
v 10.300764 -13.586775 0.2562308
l 421 422
v 9.3654242 -13.775113 0.462982
v 10.322842 -13.580997 0.24927496
l 423 424
v 9.4033051 -13.76741 0.45449236
v 8.4464914 -13.962615 0.66990513
l 425 426
v 9.3860941 -13.767466 0.4526169
v 10.380204 -13.764271 0.56094403
l 427 428
v 9.4033051 -13.76741 0.45449236
v 9.5268586 -12.778849 0.3680044
l 429 430
v 9.4596891 -13.316277 0.41502327
v 9.5832406 -12.327715 0.32853528
l 431 432
v 9.5160723 -12.865143 0.37555417
v 9.6396258 -11.876581 0.28906615
l 433 434
v 9.5724564 -12.414009 0.33608505
v 9.6960099 -11.425447 0.24959709
l 435 436
v 9.6288404 -11.962875 0.29661596
v 9.7523919 -10.974313 0.21012797
l 437 438
v 9.7416077 -11.060607 0.21767776
v 9.8651612 -10.072045 0.1311898
l 439 440
v 9.7416077 -11.060607 0.21767776
v 9.6180544 -12.049169 0.30416557
l 441 442
v 10.192677 -3.0090415 -0.48674297
v 10.192677 -4.0052362 -0.39958724
l 443 444
v 10.192677 -3.5095294 -0.44295597
v 10.192677 -4.5057241 -0.35580024
l 445 446
v 10.192677 -4.0089526 -0.3992621
v 10.192677 -5.0051473 -0.31210632
l 447 448
v 10.192677 -4.5070243 -0.35568646
v 10.192677 -5.503219 -0.26853077
l 449 450
v 10.192677 -5.0034628 -0.31225374
v 10.192677 -5.9996575 -0.22509797
l 451 452
v 10.192677 -5.4979877 -0.2689884
v 10.192677 -6.4941824 -0.18183264
l 453 454
v 10.192677 -5.9903245 -0.22591451
v 10.192677 -6.9865192 -0.13875877
l 455 456
v 10.192677 -6.4802036 -0.18305564
v 10.192677 -7.4763983 -0.095899956
l 457 458
v 10.192677 -6.9673605 -0.14043497
v 10.192677 -7.9635552 -0.053279151
l 459 460
v 10.192677 -7.4515362 -0.098075047
v 10.069126 -8.4400982 -0.011587129
l 461 462
v 10.136294 -7.9026704 -0.058605943
v 10.012741 -8.8912321 0.027882124
l 463 464
v 10.07991 -8.3538036 -0.019136842
v 9.956357 -9.3423654 0.067350956
l 465 466
v 10.023526 -8.8049383 0.020332258
v 9.8999747 -9.7935003 0.10682026
l 467 468
v 9.9671431 -9.256072 0.059801359
v 9.8435896 -10.244634 0.14628933
l 469 470
v 9.910759 -9.7072058 0.099270456
v 9.7872055 -10.695768 0.18575843
l 471 472
v 9.8543749 -10.15834 0.13873956
v 9.7308234 -11.146902 0.22522757
l 473 474
v 8.746911 -13.888568 0.58157349
v 9.7202264 -13.725368 0.42025697
l 475 476
v 8.746911 -13.888568 0.58157349
v 7.7716833 -14.047367 0.73556598
l 477 478
v 8.5708981 -13.916751 0.60859746
v 9.5481181 -13.762761 0.46255632
l 479 480
v 8.6826859 -13.76969 0.37757638
v 9.677202 -13.766545 0.48211261
l 481 482
v 8.6826859 -13.76969 0.37757638
v 7.6881188 -13.772843 0.2735261
l 483 484
v 8.5939617 -13.769971 0.36829418
v 7.5993267 -13.773111 0.26489555
l 485 486
v 8.4744148 -13.931398 0.62212771
v 7.4929412 -14.074084 0.74999601
l 487 488
v 8.2666941 -13.960846 0.64804631
v 9.2503966 -13.824795 0.53048962
l 489 490
v 8.4744148 -13.931398 0.62212771
v 9.453719 -13.782727 0.48479572
l 491 492
v 8.0439548 -13.988895 0.67064172
v 9.0322437 -13.868753 0.57656282
l 493 494
v 8.1567879 -13.975179 0.65990072
v 9.1427682 -13.846598 0.55355353
l 495 496
v 8.1888647 -13.771252 0.32689574
v 9.1838759 -13.768106 0.42660918
l 497 498
v 8.0781746 -13.771602 0.31604093
v 9.0733957 -13.768455 0.41363715
l 499 500
v 8.0439548 -13.988895 0.67064172
v 7.0533709 -14.099489 0.75134088
l 501 502
v 8.0781746 -13.771602 0.31604093
v 7.0826808 -13.77475 0.22126604
l 503 504
v 7.965404 -13.771958 0.30530474
v 6.9695782 -13.775103 0.21408536
l 505 506
v 7.7376518 -13.772678 0.28495795
v 8.7338774 -13.769525 0.37170326
l 507 508
v 7.6247449 -13.773035 0.27575734
v 8.6214362 -13.769886 0.3569761
l 509 510
v 6.9349709 -13.775215 0.23532104
v 5.9351165 -13.778368 0.21854677
l 511 512
v 6.7860823 -13.775685 0.23399003
v 7.7860772 -13.772522 0.23443814
l 513 514
v 6.8909578 -14.03295 0.65339625
v 5.9144953 -13.930527 0.4635795
l 515 516
v 6.7441983 -14.01521 0.62222916
v 7.7096138 -14.148727 0.84616264
l 517 518
v 6.8909578 -14.03295 0.65339625
v 7.8758046 -14.106531 0.81043996
l 519 520
v 7.0626516 -14.043329 0.67785072
v 8.057886 -14.065203 0.77287722
l 521 522
v 7.257483 -14.045309 0.69350404
v 6.2596556 -14.046326 0.6276292
l 523 524
v 7.257483 -14.045309 0.69350404
v 8.2565171 -14.023374 0.73157835
l 525 526
v 7.2020664 -13.774371 0.24665084
v 8.2002288 -13.771219 0.3071649
l 527 528
v 7.301734 -13.774056 0.25269324
v 8.2994942 -13.770896 0.31951082
l 529 530
v 7.4713321 -14.038539 0.6987617
v 6.4722382 -14.079502 0.68720817
l 531 532
v 7.4058919 -13.773726 0.25966844
v 8.4033341 -13.770581 0.3310762
l 533 534
v 7.5138388 -13.773386 0.26739645
v 8.5110043 -13.770231 0.34256988
l 535 536
v 7.6978502 -14.023521 0.69352722
v 6.7011231 -14.097388 0.72637113
l 537 538
v 7.4713321 -14.038539 0.6987617
v 8.4695503 -13.980313 0.6857158
l 539 540
v 7.6978502 -14.023521 0.69352722
v 8.6927416 -13.935916 0.64336338
l 541 542
v 6.6801782 -14.003999 0.60479152
v 7.6315425 -14.170604 0.86392157
l 543 544
v 6.6222091 -13.991445 0.58642828
v 7.5558315 -14.193636 0.88217779
l 545 546
v 6.6065173 -13.776251 0.24113533
v 7.6043818 -13.77311 0.17589213
l 547 548
v 6.6222091 -13.991445 0.58642828
v 5.7106482 -13.751265 0.25270607
l 549 550
v 6.5575995 -13.776405 0.24578758
v 7.5531027 -13.773261 0.15111183
l 551 552
v 6.5137148 -13.776544 0.25151351
v 7.505305 -13.773419 0.12213415
l 553 554
v 6.7205305 -13.775891 0.23519109
v 5.7213394 -13.779047 0.27528017
l 555 556
v 6.7860823 -13.775685 0.23399003
v 5.786255 -13.778827 0.25230923
l 557 558
v 8.400403 -13.770582 0.34826317
v 7.4055532 -13.773734 0.24695217
l 559 560
v 8.4997282 -13.770268 0.35849801
v 7.5050002 -13.773411 0.25599757
l 561 562
v 7.2122383 -2.3024359 -0.78283119
v 7.0649285 -1.3162889 -0.8590802
l 563 564
v 7.2113686 -2.2966139 -0.78328133
v 7.3586907 -3.2827594 -0.70703567
l 565 566
v 7.210001 -2.2874584 -0.78398925
v 7.357303 -3.2736064 -0.70773811
l 567 568
v 7.3621678 -2.1600158 -0.79287565
v 6.3649656 -2.2343561 -0.80069594
l 569 570
v 7.3427486 -2.1614635 -0.79302794
v 6.3455466 -2.2358075 -0.80084762
l 571 572
v 7.2859864 -2.172323 -0.79295683
v 8.2165972 -1.8066528 -0.80873667
l 573 574
v 7.2509561 -2.3622882 -0.77816927
v 8.0057156 -3.0162899 -0.72698536
l 575 576
v 7.2338786 -2.3474901 -0.77932733
v 7.9886273 -3.0015045 -0.72814619
l 577 578
v 8.842638 -13.769184 0.39442164
v 7.8481653 -13.772324 0.2894734
l 579 580
v 8.9137011 -13.768959 0.40194672
v 7.9192659 -13.772109 0.2966429
l 581 582
v 8.9137011 -13.768959 0.40194672
v 9.9081043 -13.765817 0.50755089
l 583 584
v 6.5234823 -13.962895 0.54766864
v 7.4075809 -14.243978 0.92098114
l 585 586
v 6.4458423 -13.930349 0.50693178
v 7.2532639 -14.302679 0.96457863
l 587 588
v 6.4821706 -13.947102 0.52752268
v 7.3322058 -14.272077 0.94204815
l 589 590
v 6.4399405 -13.776775 0.26618537
v 7.4150115 -13.773715 0.044313401
l 591 592
v 6.4095721 -13.776871 0.27523735
v 7.3679008 -13.773861 -0.010414561
l 593 594
v 6.3871965 -13.893785 0.46427375
v 7.073553 -14.371543 1.0126006
l 595 596
v 6.4142499 -13.912617 0.48588654
v 7.168284 -14.335852 0.9881859
l 597 598
v 6.3833666 -13.776953 0.2856203
v 7.3130487 -13.774043 -0.082730955
l 599 600
v 6.3833666 -13.776953 0.2856203
v 5.5049056 -13.779698 0.76342655
l 601 602
v 6.3440948 -13.777076 0.31137842
v 7.1256835 -13.77462 -0.31241077
l 603 604
v 6.3466597 -13.851851 0.41848302
v 6.8362427 -14.44581 1.0568572
l 605 606
v 6.3646154 -13.873635 0.44189581
v 6.9645514 -14.408987 1.0364342
l 607 608
v 6.3466597 -13.851851 0.41848302
v 5.9968309 -13.202404 -0.25667472
l 609 610
v 6.3338623 -13.828094 0.39378455
v 6.1522751 -13.134435 -0.30325517
l 611 612
v 6.4745822 -13.776667 0.25830284
v 7.4598586 -13.773569 0.087361878
l 613 614
v 7.8134317 -14.013344 0.68769944
v 8.8062417 -13.913554 0.62159187
l 615 616
v 7.1074557 -13.77467 0.24167891
v 6.1083664 -13.777834 0.19912965
l 617 618
v 6.9349709 -13.775215 0.23532104
v 7.9344939 -13.772059 0.26604262
l 619 620
v 7.0626516 -14.043329 0.67785072
v 6.0716513 -13.996586 0.55241763
l 621 622
v 7.1074557 -13.77467 0.24167891
v 8.1060728 -13.771519 0.29415776
l 623 624
v 8.9659882 -13.850944 0.54379302
v 9.9341465 -13.676832 0.36391919
l 625 626
v 10.192677 0.96266973 -0.66577727
v 10.192677 1.9588645 -0.57862227
l 627 628
v 10.192677 1.5040827 -0.61840981
v 10.192677 0.50788798 -0.70556553
l 629 630
v 10.192677 2.0060272 -0.57449538
v 10.192677 1.0098325 -0.66165108
l 631 632
v 10.192677 2.5077772 -0.53059793
v 10.192677 1.5115825 -0.61775369
l 633 634
v 10.192677 3.0090415 -0.48674297
v 10.192677 2.0128469 -0.57389873
l 635 636
v 10.192677 3.5095294 -0.44295597
v 10.192677 2.5133347 -0.5301117
l 637 638
v 10.192677 4.0089526 -0.3992621
v 10.192677 3.0127579 -0.48641784
l 639 640
v 10.192677 4.5070243 -0.35568646
v 10.192677 3.5108296 -0.44284224
l 641 642
v 10.192677 5.0034628 -0.31225374
v 10.192677 4.0072681 -0.39940943
l 643 644
v 10.192677 5.4979877 -0.2689884
v 10.192677 4.5017931 -0.35614417
l 645 646
v 10.192677 5.9903245 -0.22591451
v 10.192677 4.9941298 -0.31307027
l 647 648
v 10.192677 6.4802036 -0.18305564
v 10.192677 5.4840089 -0.27021138
l 649 650
v 10.192677 6.9673605 -0.14043497
v 10.192677 5.9711658 -0.22759065
l 651 652
v 10.192677 7.4515362 -0.098075047
v 10.192677 6.4553415 -0.18523086
l 653 654
v 10.136294 7.9026704 -0.058605943
v 10.259846 6.9141083 -0.14509386
l 655 656
v 10.07991 8.3538036 -0.019136842
v 10.203464 7.3652419 -0.10562491
l 657 658
v 10.023526 8.8049383 0.020332258
v 10.147079 7.8163765 -0.066155541
l 659 660
v 9.9671431 9.256072 0.059801359
v 10.090695 8.26751 -0.026686641
l 661 662
v 9.910759 9.7072058 0.099270456
v 10.034312 8.718644 0.012782486
l 663 664
v 9.8543749 10.15834 0.13873956
v 9.9779284 9.1697777 0.052251579
l 665 666
v 9.7979918 10.609473 0.17820866
v 9.9215432 9.6209112 0.091720648
l 667 668
v 9.7979918 10.609473 0.17820866
v 9.6744383 11.598035 0.26469663
l 669 670
v 9.7416077 11.060607 0.21767776
v 9.6180544 12.049169 0.30416557
l 671 672
v 9.6852236 11.511742 0.25714687
v 9.5616721 12.500304 0.34363485
l 673 674
v 9.2916317 13.767764 0.44236922
v 10.285823 13.764619 0.54995215
l 675 676
v 9.2601213 13.767863 0.43896657
v 10.254337 13.764734 0.54632706
l 677 678
v 9.219141 13.804002 0.49441174
v 10.180723 13.617394 0.29307248
l 679 680
v 9.219141 13.804002 0.49441174
v 8.2564224 13.988568 0.69216958
l 681 682
v 9.2880783 13.790555 0.47986633
v 8.3275023 13.978995 0.68427797
l 683 684
v 9.3170004 13.784824 0.47362313
v 8.3573483 13.97497 0.68077624
l 685 686
v 9.3170004 13.784824 0.47362313
v 10.27583 13.593222 0.26401931
l 687 688
v 9.3654242 13.775113 0.462982
v 8.4073366 13.968032 0.6747615
l 689 690
v 9.3860941 13.767466 0.4526169
v 8.3919656 13.770578 0.34445552
l 691 692
v 9.4033051 13.76741 0.45449236
v 8.4091949 13.770605 0.34616523
l 693 694
v 9.3654242 13.775113 0.462982
v 10.322842 13.580997 0.24927496
l 695 696
v 9.3855419 13.771034 0.45849147
v 10.342356 13.575829 0.2430787
l 697 698
v 9.4033051 13.76741 0.45449236
v 9.5268586 12.778849 0.3680044
l 699 700
v 9.5160723 12.865143 0.37555417
v 9.3925208 13.853705 0.46204216
l 701 702
v 9.5160723 12.865143 0.37555417
v 9.6396258 11.876581 0.28906615
l 703 704
v 9.344553 13.767596 0.44810119
v 10.338701 13.764457 0.55608552
l 705 706
v 9.3196669 13.767675 0.44540295
v 10.313835 13.764513 0.55319423
l 707 708
v 9.5724564 12.414009 0.33608505
v 9.6960099 11.425447 0.24959709
l 709 710
v 9.1784449 13.811804 0.50277138
v 8.2145078 13.994129 0.69663406
l 711 712
v 9.1331224 13.820376 0.51188642
v 8.1678836 14.000196 0.70156761
l 713 714
v 9.1853018 13.7681 0.43091553
v 8.1910062 13.771246 0.32430239
l 715 716
v 9.0924339 13.768394 0.42097065
v 10.086757 13.76525 0.52732525
l 717 718
v 9.0383968 13.768565 0.4152047
v 10.032747 13.765406 0.52130533
l 719 720
v 8.9659882 13.850944 0.54379302
v 9.9341465 13.676832 0.36391919
l 721 722
v 8.9659882 13.850944 0.54379302
v 7.996218 14.021775 0.71804116
l 723 724
v 8.8989763 13.862748 0.5558337
v 7.9274953 14.029929 0.72398562
l 725 726
v 8.8259583 13.875314 0.56847227
v 7.8526429 14.038514 0.72978878
l 727 728
v 8.746911 13.888568 0.58157349
v 7.7716833 14.047367 0.73556598
l 729 730
v 8.842638 13.769184 0.39442164
v 7.8481653 13.772324 0.2894734
l 731 732
v 8.6826859 13.76969 0.37757638
v 9.677202 13.766545 0.48211261
l 733 734
v 8.5939617 13.769971 0.36829418
v 9.5885288 13.766817 0.47234446
l 735 736
v 8.4744148 13.931398 0.62212771
v 9.453719 13.782727 0.48479572
l 737 738
v 8.4744148 13.931398 0.62212771
v 7.4929412 14.074084 0.74999601
l 739 740
v 8.2666941 13.960846 0.64804631
v 9.2503966 13.824795 0.53048962
l 741 742
v 8.2666941 13.960846 0.64804631
v 7.2807137 14.089427 0.75439351
l 743 744
v 8.1567879 13.975179 0.65990072
v 7.168499 14.095321 0.75397962
l 745 746
v 8.0439548 13.988895 0.67064172
v 7.0533709 14.099489 0.75134088
l 747 748
v 7.9291673 14.001711 0.67999303
v 6.9363573 14.101501 0.7461006
l 749 750
v 8.0781746 13.771602 0.31604093
v 7.0826808 13.77475 0.22126604
l 751 752
v 7.8515506 13.772318 0.29487556
v 8.8473764 13.769173 0.38609494
l 753 754
v 7.8515506 13.772318 0.29487556
v 6.855325 13.775471 0.20813025
l 755 756
v 7.6247449 13.773035 0.27575734
v 8.6214362 13.769886 0.3569761
l 757 758
v 6.9349709 13.775215 0.23532104
v 7.9344939 13.772059 0.26604262
l 759 760
v 6.8575425 13.775459 0.23402205
v 7.8573968 13.772307 0.25079633
l 761 762
v 6.8909578 14.03295 0.65339625
v 7.8758046 14.106531 0.81043996
l 763 764
v 6.8909578 14.03295 0.65339625
v 5.9144953 13.930527 0.4635795
l 765 766
v 6.7441983 14.01521 0.62222916
v 7.7096138 14.148727 0.84616264
l 767 768
v 6.7441983 14.01521 0.62222916
v 5.792834 13.848604 0.36309911
l 769 770
v 6.6222091 13.991445 0.58642828
v 7.5558315 14.193636 0.88217779
l 771 772
v 6.6222091 13.991445 0.58642828
v 5.7106482 13.751265 0.25270607
l 773 774
v 7.0626516 14.043329 0.67785072
v 6.0716513 13.996586 0.55241763
l 775 776
v 7.1573758 14.045411 0.68689513
v 6.1621414 14.023538 0.59186864
l 777 778
v 7.1074557 13.77467 0.24167891
v 6.1083664 13.777834 0.19912965
l 779 780
v 7.2020664 13.774371 0.24665084
v 6.2034494 13.777522 0.19417199
l 781 782
v 7.301734 13.774056 0.25269324
v 8.2994942 13.770896 0.31951082
l 783 784
v 7.301734 13.774056 0.25269324
v 6.3035716 13.777208 0.19217918
l 785 786
v 7.257483 14.045309 0.69350404
v 8.2565171 14.023374 0.73157835
l 787 788
v 7.257483 14.045309 0.69350404
v 6.2596556 14.046326 0.6276292
l 789 790
v 7.4713321 14.038539 0.6987617
v 6.4722382 14.079502 0.68720817
l 791 792
v 7.6978502 14.023521 0.69352722
v 6.7011231 14.097388 0.72637113
l 793 794
v 7.8134317 14.013344 0.68769944
v 6.8185404 14.10095 0.73786328
l 795 796
v 7.6247449 13.773035 0.27575734
v 6.6275794 13.77619 0.20058392
l 797 798
v 7.4713321 14.038539 0.6987617
v 8.4695503 13.980313 0.6857158
l 799 800
v 7.5138388 13.773386 0.26739645
v 6.5163965 13.776532 0.19598869
l 801 802
v 8.6618357 13.902421 0.59500724
v 7.6846156 14.056411 0.74104838
l 803 804
v 9.0828114 13.829749 0.52177316
v 8.1161682 14.006807 0.70684487
l 805 806
v 6.5234823 13.962895 0.54766864
v 5.6734471 13.63792 0.13314316
l 807 808
v 6.5700665 13.977706 0.56733888
v 5.6859679 13.696623 0.19402638
l 809 810
v 6.5137148 13.776544 0.25151351
v 5.5284384 13.779641 0.42245447
l 811 812
v 6.4399405 13.776775 0.26618537
v 7.4150115 13.773715 0.044313401
l 813 814
v 6.4399405 13.776775 0.26618537
v 5.4816117 13.779785 0.55183729
l 815 816
v 6.4458423 13.930349 0.50693178
v 5.6918082 13.507114 0.004632429
l 817 818
v 6.4821706 13.947102 0.52752268
v 5.6747489 13.574772 0.069875833
l 819 820
v 6.3871965 13.893785 0.46427375
v 7.073553 14.371543 1.0126006
l 821 822
v 6.3871965 13.893785 0.46427375
v 5.7872606 13.358434 -0.1302646
l 823 824
v 6.3466597 13.851851 0.41848302
v 6.8362427 14.44581 1.0568572
l 825 826
v 6.3466597 13.851851 0.41848302
v 5.9968309 13.202404 -0.25667472
l 827 828
v 6.3271823 13.802576 0.36814269
v 6.5087695 14.496234 1.0651824
l 829 830
v 6.3613954 13.777021 0.29757074
v 5.5798066 13.779477 0.92135993
l 831 832
v 6.3833666 13.776953 0.2856203
v 5.5049056 13.779698 0.76342655
l 833 834
v 6.4095721 13.776871 0.27523735
v 5.47989 13.77978 0.64358861
l 835 836
v 6.5137148 13.776544 0.25151351
v 7.505305 13.773419 0.12213415
l 837 838
v 6.6065173 13.776251 0.24113533
v 5.6110141 13.779395 0.33581108
l 839 840
v 6.6607447 13.77608 0.23758979
v 5.6628802 13.779221 0.30283299
l 841 842
v 6.7205305 13.775891 0.23519109
v 7.7203578 13.772749 0.21687189
l 843 844
v 6.7205305 13.775891 0.23519109
v 5.7213394 13.779047 0.27528017
l 845 846
v 6.8575425 13.775459 0.23402205
v 5.8575476 13.778622 0.23357394
l 847 848
v 8.0781746 13.771602 0.31604093
v 9.0733957 13.768455 0.41363715
l 849 850
v 8.1888647 13.771252 0.32689574
v 9.1838759 13.768106 0.42660918
l 851 852
v 8.2965488 13.770911 0.33768713
v 9.2913987 13.767759 0.43899814
l 853 854
v 8.400403 13.770582 0.34826317
v 9.395131 13.76744 0.45076361
l 855 856
v 8.5939617 13.769971 0.36829418
v 7.5993267 13.773111 0.26489555
l 857 858
v 7.3068032 2.1641433 -0.79330981
v 6.3761925 2.5298135 -0.77752997
l 859 860
v 7.210001 2.2874584 -0.78398925
v 7.3573108 3.2736054 -0.70774025
l 861 862
v 7.2122383 2.3024359 -0.78283119
v 7.0649162 1.3162905 -0.85907684
l 863 864
v 7.2113686 2.2966139 -0.78328133
v 7.0640665 1.3104659 -0.85953246
l 865 866
v 8.842638 13.769184 0.39442164
v 9.8370731 13.766035 0.49972546
l 867 868
v 8.9137011 13.768959 0.40194672
v 9.9081043 13.765817 0.50755089
l 869 870
v 8.978898 13.768753 0.40887055
v 9.9732742 13.765613 0.51473041
l 871 872
v 7.5756202 2.2227073 -0.78229064
v 6.659857 1.826271 -0.84722218
l 873 874
v 7.5321097 2.2038715 -0.78537571
v 8.447873 2.6003074 -0.72044361
l 875 876
v 7.5472965 2.2104459 -0.7842989
v 8.4630596 2.6068824 -0.71936766
l 877 878
v 7.6641212 2.2678618 -0.77536273
v 6.7934107 1.7813684 -0.84738722
l 879 880
v 7.6545124 2.2624931 -0.77615756
v 8.5252253 2.7489815 -0.70412938
l 881 882
v 7.6591692 2.265095 -0.77577233
v 8.5298772 2.7515932 -0.70375132
l 883 884
v 7.6358209 2.252414 -0.77767485
v 6.7482842 1.7970579 -0.84788565
l 885 886
v 7.619091 2.2438304 -0.77899832
v 8.5066233 2.6991951 -0.70878752
l 887 888
v 7.6099997 2.2391663 -0.7797175
v 8.4975444 2.6945066 -0.70950669
l 889 890
v 7.6545124 2.2624931 -0.77615756
v 6.776564 1.789072 -0.84742549
l 891 892
v 7.6358209 2.252414 -0.77767485
v 8.5137736 2.7258267 -0.70640586
l 893 894
v 7.642416 2.2559702 -0.77713948
v 8.520362 2.7293959 -0.70587213
l 895 896
v 9.1853018 13.7681 0.43091553
v 10.17957 13.764954 0.53778702
l 897 898
v 9.2247934 13.767975 0.4351604
v 10.219035 13.764835 0.5422784
l 899 900
v 2.4612925 -0.19371921 -3.3825247
v 2.1962883 -0.19371921 -2.4182775
l 901 902
v 2.4612925 -0.19371921 -3.3825247
v 2.8904189 -0.19371921 -4.2857692
l 903 904
v 2.6347318 -0.19371921 -3.4811327
v 3.5989798 -0.19371921 -3.2161313
l 905 906
v 2.6068375 -0.19371921 -3.4836364
v 3.6028338 -0.19371921 -3.3942413
l 907 908
v 2.4881074 -0.19371921 -3.4283826
v 3.1952142 -0.19371921 -4.1354894
l 909 910
v 2.5284977 -0.19371921 -3.4624252
v 1.7119998 -0.19371921 -2.8850768
l 911 912
v 2.5526836 -0.19371921 -3.4739158
v 1.6494391 -0.19371921 -3.0447894
l 913 914
v 2.5789435 -0.19371921 -3.4811327
v 1.6146955 -0.19371921 -3.2161313
l 915 916
v 2.5789435 -0.19371921 -3.4811327
v 3.5749397 -0.19371921 -3.5705286
l 917 918
v 2.6851776 -0.19371921 -3.4624252
v 1.7819331 -0.19371921 -3.8915516
l 919 920
v 2.7068496 -0.19371921 -3.4471009
v 1.8903517 -0.19371921 -4.0244494
l 921 922
v 2.7255678 -0.19371921 -3.4283826
v 2.018461 -0.19371921 -4.1354894
l 923 924
v 2.7408922 -0.19371921 -3.4067106
v 2.1635437 -0.19371921 -4.2232085
l 925 926
v 2.7523828 -0.19371921 -3.3825247
v 2.3232564 -0.19371921 -4.2857692
l 927 928
v 2.7523828 -0.19371921 -3.3825247
v 3.0173842 -0.19371921 -2.4182767
l 929 930
v 2.7595997 -0.19371921 -3.3562648
v 2.8489806 -0.19371921 -2.3602673
l 931 932
v 2.4881074 -0.19371921 -3.4283826
v 1.910759 -0.19371921 -2.6118848
l 933 934
v 3.0200713 0.17252898 -3.2604444
v 2.5103487 0.95535957 -2.9035702
l 935 936
v 2.18975 0.17050879 -3.3670919
v 1.8242393 -0.66205708 -3.7833083
l 937 938
v 2.4576752 0.19371921 -3.3693628
v 2.7226795 0.19371921 -4.3336101
l 939 940
v 2.4612925 0.19371921 -3.3825247
v 2.8904189 0.19371921 -4.2857692
l 941 942
v 2.7523828 0.19371921 -3.3825247
v 3.0173842 0.19371921 -2.4182767
l 943 944
v 2.7595997 0.19371921 -3.3562648
v 2.8489806 0.19371921 -2.3602673
l 945 946
v 2.7523828 0.19371921 -3.3825247
v 2.3232564 0.19371921 -4.2857692
l 947 948
v 2.7408922 0.19371921 -3.4067106
v 2.1635437 0.19371921 -4.2232085
l 949 950
v 2.7255678 0.19371921 -3.4283826
v 2.018461 0.19371921 -4.1354894
l 951 952
v 2.7068496 0.19371921 -3.4471009
v 1.8903517 0.19371921 -4.0244494
l 953 954
v 2.6609917 0.19371921 -3.4739158
v 3.5642361 0.19371921 -3.0447894
l 955 956
v 2.6347318 0.19371921 -3.4811327
v 3.5989798 0.19371921 -3.2161313
l 957 958
v 2.5789435 0.19371921 -3.4811327
v 3.5749397 0.19371921 -3.5705286
l 959 960
v 2.6068375 0.19371921 -3.4836364
v 3.6028338 0.19371921 -3.3942413
l 961 962
v 2.5526836 0.19371921 -3.4739158
v 3.5169316 0.19371921 -3.7389172
l 963 964
v 2.5526836 0.19371921 -3.4739158
v 1.6494391 0.19371921 -3.0447894
l 965 966
v 2.5284977 0.19371921 -3.4624252
v 1.7119998 0.19371921 -2.8850768
l 967 968
v 2.5068257 0.19371921 -3.4471009
v 1.7997189 0.19371921 -2.7399941
l 969 970
v 2.4727831 0.19371921 -3.4067106
v 3.0501316 0.19371921 -4.2232085
l 971 972
v 24.244835 8.0279705e-17 3.2782803
v 23.951478 2.1741415e-17 2.3222771
l 973 974
v 24.244835 8.0279705e-17 3.2782803
v 24.538192 1.38818e-16 4.2342833
l 975 976
v 24.573193 -0.0010794589 4.3921032
v 23.592894 -0.083742009 4.571495
l 977 978
v 24.585905 1.4833871e-16 4.3897681
v 23.605772 -0.08322637 4.5698023
l 979 980
v 24.415369 1.143092e-16 3.8340242
v 24.708729 1.7284746e-16 4.7900264
l 981 982
v 24.573193 0.0010794589 4.3921032
v 25.553326 -0.082146911 4.212069
l 983 984
v 24.573332 3.7801761e-18 4.3925271
v 25.550092 1.1233905e-14 4.1781939
l 985 986
v 24.573332 3.7801761e-18 4.3925271
v 23.596388 -9.0392006e-15 4.6060233
l 987 988
v 24.558935 -1.294811e-16 4.3956733
v 23.581762 -6.8778107e-15 4.608117
l 989 990
v 24.573193 0.0010794589 4.3921032
v 23.592894 0.083742009 4.571495
l 991 992
v 24.558632 0.002307273 4.3947678
v 23.578151 0.084338954 4.5734532
l 993 994
v 24.523006 0.0052737226 4.4012446
v 25.503687 -0.076043814 4.2233289
l 995 996
v 24.523006 0.0052737226 4.4012446
v 23.542091 0.085775813 4.5782305
l 997 998
v 24.502354 -3.7353012e-16 4.407896
v 25.480052 1.7225176e-15 4.1978809
l 999 1000
v 24.478132 -3.7194389e-16 4.4130616
v 25.456139 -4.3599221e-16 4.2044872
l 1001 1002
v 24.50141 -0.0070461445 4.4051414
v 25.482325 0.073455946 4.2281555
l 1003 1004
v 24.541988 -0.0036997495 4.3978009
v 23.561308 -0.085017286 4.5757167
l 1005 1006
v 24.541988 -0.0036997495 4.3978009
v 25.522469 0.078331931 4.2191155
l 1007 1008
v 24.542477 -2.4314308e-16 4.3992515
v 23.565057 -4.6490168e-15 4.6105573
l 1009 1010
v 24.343849 0.019405181 4.4329138
v 25.326359 -0.05536171 4.2623747
l 1011 1012
v 24.343849 0.019405181 4.4329138
v 23.360842 0.092676436 4.6012235
l 1013 1014
v 24.30378 1.0013455e-16 4.4490657
v 25.284036 -1.2813715e-15 4.2513345
l 1015 1016
v 24.300451 -0.022639968 4.4403443
v 25.283458 0.050631288 4.2720346
l 1017 1018
v 24.30378 1.0013455e-16 4.4490657
v 23.322877 6.7938615e-16 4.6435659
l 1019 1020
v 24.204622 1.3196783e-16 4.4685621
v 25.186116 5.7798507e-17 4.2770687
l 1021 1022
v 24.300451 0.022639968 4.4403443
v 23.316936 0.094254675 4.6063819
l 1023 1024
v 24.252556 -0.026127474 4.4484301
v 25.236071 0.045487233 4.2823925
l 1025 1026
v 24.252556 -0.026127474 4.4484301
v 23.268553 -0.095875854 4.6123621
l 1027 1028
v 24.199968 -0.029854998 4.457191
v 23.215437 -0.097543127 4.6187988
l 1029 1030
v 24.204622 1.3196783e-16 4.4685621
v 23.222489 -1.0031499e-16 4.6567475
l 1031 1032
v 24.148046 1.1858718e-16 4.4794025
v 23.165221 -1.5469211e-16 4.6639425
l 1033 1034
v 24.199968 0.029854998 4.457191
v 23.215437 0.097543127 4.6187988
l 1035 1036
v 24.142628 0.03379726 4.4666033
v 23.15753 0.099223365 4.6256692
l 1037 1038
v 24.014055 0.042168222 4.487124
v 24.999862 -0.020810907 4.3315033
l 1039 1040
v 24.014055 0.042168222 4.487124
v 23.027569 0.1023834 4.6395011
l 1041 1042
v 23.951468 1.1692284e-16 4.5152764
v 24.936036 -1.5253012e-16 4.3402786
l 1043 1044
v 23.943285 -0.046488043 4.4980555
v 24.929771 0.013727136 4.3456784
l 1045 1046
v 23.951468 1.1692284e-16 4.5152764
v 22.966055 3.8002455e-16 4.6854579
l 1047 1048
v 24.014055 -0.042168222 4.487124
v 24.999862 0.020810907 4.3315033
l 1049 1050
v 24.417988 -0.013712869 4.4199872
v 23.435856 -0.089867646 4.5920862
l 1051 1052
v 24.417988 -0.013712869 4.4199872
v 25.399768 0.063711787 4.2464583
l 1053 1054
v 24.419891 -2.1632332e-16 4.4253197
v 23.44073 3.5418983e-15 4.6284012
l 1055 1056
v 24.450745 -3.1838139e-16 4.4188542
v 23.472003 2.91915e-15 4.6239536
l 1057 1058
v 24.449202 0.011251306 4.4144702
v 23.467421 0.088675962 4.5879991
l 1059 1060
v 24.417988 0.013712869 4.4199872
v 23.435856 0.089867646 4.5920862
l 1061 1062
v 24.449202 0.011251306 4.4144702
v 25.430664 -0.067310897 4.2396602
l 1063 1064
v 24.50141 0.0070461445 4.4051414
v 23.520235 0.0866314 4.5811013
l 1065 1066
v 24.450745 -3.1838139e-16 4.4188542
v 25.429101 -2.2317719e-15 4.211927
l 1067 1068
v 24.449202 -0.011251306 4.4144702
v 25.430664 0.067310897 4.2396602
l 1069 1070
v 24.50141 -0.0070461445 4.4051414
v 23.520235 -0.0866314 4.5811013
l 1071 1072
v 23.943285 -0.046488043 4.4980555
v 22.956099 -0.10358583 4.6470642
l 1073 1074
v 23.790695 -0.055036649 4.5207758
v 24.778647 -0.0014057196 4.375606
l 1075 1076
v 23.877869 1.3657347e-16 4.527987
v 22.891516 -2.0402793e-17 4.692636
l 1077 1078
v 23.800999 1.2433975e-16 4.5408187
v 22.813543 -1.3680615e-16 4.6987181
l 1079 1080
v 23.868643 0.050805267 4.5093222
v 22.880691 0.1044362 4.6544919
l 1081 1082
v 23.710163 0.059088759 4.5322142
v 24.699 0.0093337276 4.3917648
l 1083 1084
v 23.710163 0.059088759 4.5322142
v 22.720488 0.10440029 4.6681918
l 1085 1086
v 23.640234 1.0475963e-16 4.5659833
v 24.628696 8.7493392e-17 4.4145147
l 1087 1088
v 23.544172 0.066263959 4.5545936
v 24.53473 0.025946329 4.4235592
l 1089 1090
v 23.544172 0.066263959 4.5545936
v 22.552638 0.10096382 4.6797131
l 1091 1092
v 23.216578 0.074391551 4.5927591
v 24.210921 0.060923666 4.4874012
l 1093 1094
v 23.14023 0.074765541 4.6002641
v 24.135422 0.069890571 4.5024368
l 1095 1096
v 23.233438 1.492516e-16 4.6180024
v 24.227629 1.5291036e-16 4.5103681
l 1097 1098
v 23.14023 -0.074765541 4.6002641
v 24.135422 -0.069890571 4.5024368
l 1099 1100
v 23.233438 1.492516e-16 4.6180024
v 22.238147 2.3547862e-16 4.7149318
l 1101 1102
v 23.084944 1.6524276e-16 4.6316199
v 24.081287 3.6012655e-17 4.5461741
l 1103 1104
v 23.14023 0.074765541 4.6002641
v 22.144273 0.070231562 4.6899759
l 1105 1106
v 23.067389 -0.074433938 4.6068254
v 24.063346 -0.078967916 4.5171136
l 1107 1108
v 23.067389 -0.074433938 4.6068254
v 22.070792 -0.059657644 4.6879184
l 1109 1110
v 22.933878 -0.071740583 4.6170969
v 23.930949 -0.097538253 4.5451029
l 1111 1112
v 23.084944 1.6524276e-16 4.6316199
v 22.087636 3.453627e-16 4.7049526
l 1113 1114
v 23.295868 -0.073317602 4.5843577
v 22.301525 -0.086785488 4.6897156
l 1115 1116
v 23.295868 -0.073317602 4.5843577
v 24.289292 -0.052002227 4.4718694
l 1117 1118
v 23.392897 1.4175572e-16 4.5999022
v 22.399859 2.3746053e-16 4.7176983
l 1119 1120
v 23.475048 1.3556078e-16 4.5893602
v 22.483181 2.1035621e-16 4.7166396
l 1121 1122
v 23.37742 0.071567774 4.5751233
v 22.383996 0.092883149 4.6876117
l 1123 1124
v 23.460468 0.069193274 4.565156
v 22.467994 0.097570058 4.6842719
l 1125 1126
v 23.557753 1.3904896e-16 4.5780172
v 22.567027 9.7263789e-17 4.7138961
l 1127 1128
v 23.37742 -0.071567774 4.5751233
v 24.369895 -0.04319099 4.4560074
l 1129 1130
v 23.460468 -0.069193274 4.565156
v 24.452003 -0.034493408 4.4400364
l 1131 1132
v 23.62771 -0.062863797 4.5435429
v 22.637153 -0.10318143 4.6745772
l 1133 1134
v 23.790695 -0.055036649 4.5207758
v 22.801858 -0.10479168 4.6612252
l 1135 1136
v 23.710163 -0.059088759 4.5322142
v 22.720488 -0.10440029 4.6681918
l 1137 1138
v 22.933878 0.071740583 4.6170969
v 23.930949 0.097538253 4.5451029
l 1139 1140
v 22.933878 0.071740583 4.6170969
v 21.936525 0.033990229 4.6792397
l 1141 1142
v 22.951363 1.8944755e-16 4.6406121
v 23.949525 7.9523615e-18 4.5800132
l 1143 1144
v 22.951363 1.8944755e-16 4.6406121
v 21.952463 7.4973836e-16 4.6875026
l 1145 1146
v 22.873749 -0.069464661 4.6208434
v 23.871102 -0.10721501 4.5587006
l 1147 1148
v 22.818174 -0.06664592 4.6237307
v 23.815549 -0.11723287 4.5719142
l 1149 1150
v 22.767151 -0.063344255 4.6258106
v 21.770735 0.016314665 4.6542724
l 1151 1152
v 22.767151 -0.063344255 4.6258106
v 23.764239 -0.12786458 4.5851645
l 1153 1154
v 22.834864 2.1353625e-16 4.6452808
v 21.835014 -2.2590381e-16 4.6626094
l 1155 1156
v 22.890923 2.2334885e-16 4.6434493
v 21.891456 4.8401274e-17 4.6761034
l 1157 1158
v 22.818174 0.06664592 4.6237307
v 21.821086 0.0021255971 4.6643768
l 1159 1160
v 22.767151 0.063344255 4.6258106
v 21.770735 -0.016314665 4.6542724
l 1161 1162
v 22.678324 0.055530094 4.6277843
v 23.673556 0.15187835 4.6126274
l 1163 1164
v 22.575029 0.041372992 4.6260519
v 23.561311 0.20224511 4.6630604
l 1165 1166
v 22.575029 0.041372992 4.6260519
v 21.59527 -0.14916894 4.5646851
l 1167 1168
v 22.585945 2.4326545e-16 4.6390982
v 23.582205 1.2587675e-15 4.7255081
l 1169 1170
v 22.585945 2.4326545e-16 4.6390982
v 21.592951 -2.6591096e-15 4.5209324
l 1171 1172
v 22.547577 -0.036034081 4.6243324
v 23.527336 -0.22657602 4.6856993
l 1173 1174
v 22.575029 -0.041372992 4.6260519
v 23.561311 -0.20224511 4.6630604
l 1175 1176
v 22.640141 -0.051111158 4.6277914
v 21.649593 0.085016528 4.6109174
l 1177 1178
v 22.678324 -0.055530094 4.6277843
v 21.684954 0.059432399 4.6279703
l 1179 1180
v 22.692661 2.4751833e-16 4.6454673
v 21.693355 -3.5202225e-17 4.6082138
l 1181 1182
v 22.678324 0.055530094 4.6277843
v 21.684954 -0.059432399 4.6279703
l 1183 1184
v 22.735847 2.2285977e-16 4.6462111
v 21.735996 7.9375761e-16 4.6289891
l 1185 1186
v 22.678324 -0.055530094 4.6277843
v 23.673556 -0.15187835 4.6126274
l 1187 1188
v 22.783194 1.9082694e-16 4.6461763
v 21.783194 8.6739393e-16 4.6469115
l 1189 1190
v 22.640141 0.051111158 4.6277914
v 21.649593 -0.085016528 4.6109174
l 1191 1192
v 22.617958 2.7589671e-16 4.6418748
v 23.616161 -8.3446624e-16 4.7018045
l 1193 1194
v 22.547577 -0.036034081 4.6243324
v 21.578283 0.19185315 4.5319348
l 1195 1196
v 22.501736 -0.024044724 4.6189818
v 23.453085 -0.30141996 4.7531378
l 1197 1198
v 22.557138 1.5906775e-16 4.6356702
v 21.569734 6.7287905e-15 4.4774524
l 1199 1200
v 22.523201 0.030303145 4.6220088
v 21.571852 -0.24707209 4.4878529
l 1201 1202
v 22.523201 0.030303145 4.6220088
v 23.492495 0.25819038 4.7144064
l 1203 1204
v 22.818174 0.06664592 4.6237307
v 23.815549 0.11723287 4.5719142
l 1205 1206
v 23.067389 0.074433938 4.6068254
v 22.070792 0.059657644 4.6879184
l 1207 1208
v 23.868643 0.050805267 4.5093222
v 24.855829 -0.0062925178 4.3603134
l 1209 1210
v 24.199968 0.029854998 4.457191
v 25.183971 -0.039893381 4.2932589
l 1211 1212
v 23.640234 1.0475963e-16 4.5659833
v 22.65071 5.1612638e-16 4.7103537
l 1213 1214
v 24.385279 -8.3472933e-17 4.4324985
v 23.405655 3.0396131e-15 4.6333397
l 1215 1216
v 24.343849 -0.019405181 4.4329138
v 25.326359 0.05536171 4.2623747
l 1217 1218
v 24.142628 -0.03379726 4.4666033
v 23.15753 -0.099223365 4.6256692
l 1219 1220
v 24.086821 1.0156302e-16 4.4908986
v 23.10309 4.5541426e-17 4.6705487
l 1221 1222
v 7.6767969 2.5063465 -2.0859199
v 7.6767969 2.6799957 -3.0707274
l 1223 1224
v 7.6767969 2.4429095 -1.7261513
v 7.6767969 2.6165579 -2.7109591
l 1225 1226
v 7.6767969 2.3794725 -1.3663827
v 7.6767969 2.5531209 -2.3511904
l 1227 1228
v 7.6767969 2.3794725 -1.3663827
v 7.6767969 2.2058248 -0.38157489
l 1229 1230
v 7.6767969 2.3160357 -1.0066141
v 7.6767969 2.1423872 -0.021806406
l 1231 1232
v 7.6641726 2.5023367 -2.1049685
v 6.8071787 1.9950314 -2.0144002
l 1233 1234
v 7.2122383 2.4843342 -2.1077368
v 7.5187898 1.5521769 -2.3003734
l 1235 1236
v 7.212554 2.4833744 -2.1079352
v 7.519252 1.5512731 -2.30061
l 1237 1238
v 7.210001 2.5201538 -2.1036704
v 7.1686378 1.5238482 -2.1789323
l 1239 1240
v 7.2095861 2.5101614 -2.1044252
v 7.1686002 1.5138531 -2.1798568
l 1241 1242
v 7.2095861 2.5090747 -2.1045051
v 7.2509185 1.5124654 -2.175649
l 1243 1244
v 7.2095637 2.5096166 -2.1044664
v 7.2507791 1.5129944 -2.1754971
l 1245 1246
v 7.2276063 2.5697834 -2.0991423
v 7.7398454 3.4278132 -2.1365053
l 1247 1248
v 7.5756202 2.5615153 -2.0938294
v 8.4746448 2.1247198 -2.124882
l 1249 1250
v 7.6767969 -2.5100248 -2.1067805
v 7.6767969 -2.3363756 -1.121973
l 1251 1252
v 7.6762705 -2.510313 -2.1066601
v 8.5362566 -2.0394239 -2.3033508
l 1253 1254
v 7.6767969 -2.5063465 -2.0859199
v 7.6767969 -2.332698 -1.1011121
l 1255 1256
v 7.6676855 -2.515012 -2.1046987
v 8.5277771 -2.0442404 -2.3012098
l 1257 1258
v 7.6767969 -2.4429095 -1.7261513
v 7.6767969 -2.2692611 -0.74134363
l 1259 1260
v 7.6767969 -2.3794725 -1.3663827
v 7.6767969 -2.2058248 -0.38157489
l 1261 1262
v 7.6767969 -2.2750583 -0.77421981
v 7.6767969 -2.4487068 -1.7590275
l 1263 1264
v 7.3283458 -2.397661 -2.1265938
v 6.3310485 -2.471088 -2.1291809
l 1265 1266
v 7.2650232 -2.414983 -2.1220787
v 8.1961882 -2.0632158 -2.2179517
l 1267 1268
v 7.2793269 -2.4095795 -2.1235514
v 6.3481624 -2.761345 -2.0276673
l 1269 1270
v 7.2723322 -2.4122219 -2.1228311
v 6.3411668 -2.7639908 -2.0269687
l 1271 1272
v 7.2101231 -2.5209713 -2.1036041
v 7.3574923 -3.5068273 -2.0237901
l 1273 1274
v 7.210001 -2.5201538 -2.1036704
v 7.357206 -3.5060251 -2.0237426
l 1275 1276
v 7.2095861 -2.5101614 -2.1044252
v 7.2509493 -3.5064669 -2.0291632
l 1277 1278
v 7.2095637 -2.5096166 -2.1044664
v 7.2505497 -3.5059249 -2.0290348
l 1279 1280
v 7.3068032 -2.6231511 -2.1002319
v 6.3770452 -2.25498 -2.0999011
l 1281 1282
v 7.3621678 -2.6270208 -2.0992033
v 6.364758 -2.5567395 -2.1145027
l 1283 1284
v 7.4308367 -2.6155045 -2.0972998
v 8.3902434 -2.3349357 -2.068667
l 1285 1286
v 7.4576869 -2.6076524 -2.0964985
v 8.4170923 -2.3270783 -2.0678718
l 1287 1288
v 7.5568247 -2.5697834 -2.0932436
v 8.4718015 -2.167286 -2.1217605
l 1289 1290
v 8.1904736 -2.5970247 -2.9391677
v 8.2068547 -1.5993684 -3.0056023
l 1291 1292
v 8.190383 -2.6025388 -2.9388013
v 8.1739904 -3.6002008 -2.8724544
l 1293 1294
v 8.1902018 -2.6135666 -2.9380682
v 8.2066227 -1.6159035 -3.0043905
l 1295 1296
v 8.1902876 -2.6083519 -2.9384148
v 8.2061871 -1.6106579 -3.0043978
l 1297 1298
v 8.1904907 -2.5959792 -2.9392374
v 8.2067212 -1.5983135 -3.0055681
l 1299 1300
v 8.1907444 -2.580483 -2.9402676
v 8.1743472 -3.5781457 -2.8739334
l 1301 1302
v 8.19065 -2.5862274 -2.9398856
v 8.2071576 -1.5885464 -3.0059162
l 1303 1304
v 8.1907396 -2.5587854 -2.9402478
v 8.2070619 -3.5564507 -3.0065626
l 1305 1306
v 8.190649 -2.5532715 -2.9398811
v 8.2070416 -3.5509335 -3.006228
l 1307 1308
v 8.1682158 -2.4256752 -2.9188552
v 7.7956186 -1.5407569 -2.6394073
l 1309 1310
v 8.190197 -2.5257015 -2.9380484
v 8.2065889 -3.5233665 -3.0043494
l 1311 1312
v 8.1902828 -2.5309155 -2.9383948
v 8.1738596 -1.53325 -2.8721088
l 1313 1314
v 8.1902876 -2.5312157 -2.9384148
v 8.1744392 -1.5335593 -2.8718516
l 1315 1316
v 8.1902876 -2.5312157 -2.9384148
v 8.2066802 -3.5288776 -3.0047617
l 1317 1318
v 8.1900749 -2.5198531 -2.9375505
v 8.2387975 -3.4989444 -3.1350509
l 1319 1320
v 8.1897993 -2.5143218 -2.9364338
v 8.2385832 -3.4933762 -3.1341015
l 1321 1322
v 8.1285439 -2.7659745 -2.9085429
v 8.7780473 -2.036252 -3.1222021
l 1323 1324
v 8.1273928 -2.7672675 -2.9081643
v 8.7769829 -2.0376222 -3.121824
l 1325 1326
v 8.1273928 -2.7672675 -2.9081643
v 7.4779023 -3.494793 -2.6871014
l 1327 1328
v 7.8905387 -2.2848201 -2.9529829
v 8.8013803 -2.2546917 -2.5413279
l 1329 1330
v 7.8538318 -2.8385699 -2.9801757
v 6.9746837 -2.6900769 -3.4329985
l 1331 1332
v 7.846839 -2.8373888 -2.9837775
v 6.996157 -2.6327263 -3.4679814
l 1333 1334
v 7.7515273 -2.3245966 -3.0310292
v 8.5398908 -1.9235395 -2.5645144
l 1335 1336
v 7.7621346 -2.3192005 -3.0247524
v 6.9737577 -2.720259 -3.4912436
l 1337 1338
v 7.7576475 -2.3214831 -3.0274074
v 6.9692938 -2.7225393 -3.4939396
l 1339 1340
v 7.741539 -2.3019691 -3.0212934
v 7.6924469 -1.4974043 -2.429461
l 1341 1342
v 7.7415409 -2.3020065 -3.0213208
v 7.7004683 -1.4959556 -2.4309014
l 1343 1344
v 7.7413654 -2.2990572 -3.0191495
v 7.7893092 -3.1034322 -3.6113339
l 1345 1346
v 7.7415347 -2.3018987 -3.0212417
v 7.6936439 -1.4975823 -2.4289735
l 1347 1348
v 7.7406764 -2.2947719 -3.0161288
v 7.5997198 -1.4842716 -2.4476039
l 1349 1350
v 7.7409134 -2.2961454 -3.0170918
v 7.6010253 -1.4853855 -2.4486732
l 1351 1352
v 7.7399368 -2.2904956 -3.0131304
v 7.8801481 -3.1011855 -3.5815693
l 1353 1354
v 7.7409134 -2.2961454 -3.0170918
v 7.881086 -3.1067837 -3.5856137
l 1355 1356
v 7.7409225 -2.2961972 -3.017128
v 7.5989465 -1.4854396 -2.449224
l 1357 1358
v 7.7411652 -2.2976015 -3.0181129
v 7.601059 -1.4869676 -2.4495682
l 1359 1360
v 7.7409134 -2.2961454 -3.0170918
v 7.8811835 -3.106755 -3.5856306
l 1361 1362
v 7.7408633 -2.3136971 -3.027998
v 7.8537806 -1.4587181 -2.5217761
l 1363 1364
v 7.7409763 -2.3128414 -3.0274913
v 7.85377 -1.4578384 -2.5212824
l 1365 1366
v 7.7268176 -2.7900586 -3.0518355
v 8.3653055 -3.3721839 -2.5483841
l 1367 1368
v 7.7413611 -2.814508 -3.0341599
v 7.53146 -1.9859376 -3.5532097
l 1369 1370
v 7.7405539 -2.8113213 -3.0361562
v 7.5305489 -1.9827408 -3.5551479
l 1371 1372
v 7.7401381 -2.8096807 -3.0371838
v 7.4366242 -2.0154657 -3.5635884
l 1373 1374
v 7.739078 -2.8069069 -3.0390222
v 7.4354929 -2.0127046 -3.5654048
l 1375 1376
v 7.73839 -2.8051069 -3.0402153
v 7.3452631 -2.0527617 -3.5688248
l 1377 1378
v 7.7371516 -2.802737 -3.0418804
v 7.3438712 -2.0503704 -3.5703451
l 1379 1380
v 7.7416496 -2.835083 -3.0226643
v 7.7030811 -3.7135397 -2.5464014
l 1381 1382
v 7.7417126 -2.8336499 -3.0234418
v 7.7031368 -3.7119787 -2.5469437
l 1383 1384
v 7.7417126 -2.8336499 -3.0234418
v 7.7791682 -1.9550021 -3.499441
l 1385 1386
v 7.6676855 -2.5044401 -2.1054754
v 6.8162202 -1.9946242 -1.9826157
l 1387 1388
v 7.5959139 -2.2903218 -3.0417316
v 8.5949626 -2.2903218 -2.9981235
l 1389 1390
v 7.5001726 -2.8378832 -3.0477734
v 6.500184 -2.8378832 -3.0429981
l 1391 1392
v 7.5177522 -2.8378832 -3.047857
v 6.5177635 -2.8378832 -3.0430967
l 1393 1394
v 7.4843359 -2.8378832 -3.0476978
v 6.4843813 -2.8378832 -3.0381741
l 1395 1396
v 7.4055576 -2.8378832 -3.0467913
v 6.4056809 -2.8378832 -3.0310885
l 1397 1398
v 7.4394655 -2.8378832 -3.0472703
v 6.439511 -2.8378832 -3.0377304
l 1399 1400
v 7.2685037 -2.8378832 -3.0431075
v 6.2694691 -2.8378832 -2.9991772
l 1401 1402
v 7.4165277 -2.2903218 -3.0406606
v 8.4164045 -2.2903218 -3.056362
l 1403 1404
v 7.4074244 -2.2903218 -3.0405178
v 8.4073014 -2.2903218 -3.0562039
l 1405 1406
v 7.4404993 -2.2903218 -3.0409772
v 8.4404539 -2.2903218 -3.0505018
l 1407 1408
v 7.4503365 -2.2903218 -3.0410709
v 8.450291 -2.2903218 -3.050602
l 1409 1410
v 7.4851947 -2.2903218 -3.041399
v 8.4851834 -2.2903218 -3.0461598
l 1411 1412
v 7.4914546 -2.2903218 -3.0414288
v 8.4914432 -2.2903218 -3.0461978
l 1413 1414
v 7.1981125 -2.2903218 -3.0326879
v 8.1961596 -2.2903218 -3.0951536
l 1415 1416
v 7.1293664 -2.2976015 -3.0323071
v 7.1683514 -1.4223029 -2.5502982
l 1417 1418
v 7.1293197 -2.2986491 -3.0328841
v 7.1683287 -1.4233624 -2.5508555
l 1419 1420
v 7.1410089 -2.8378832 -3.0356214
v 6.1450479 -2.8378832 -2.9458335
l 1421 1422
v 7.1291847 -2.8378832 -3.0345554
v 7.0901922 -1.9625578 -3.5165149
l 1423 1424
v 7.1291409 -2.8368998 -3.0350969
v 7.1681866 -3.7122458 -2.5531791
l 1425 1426
v 7.1291199 -2.8364275 -3.035357
v 7.1680017 -3.7117101 -2.5533109
l 1427 1428
v 7.129055 -2.8349714 -3.036159
v 7.0901459 -1.9596924 -3.5182095
l 1429 1430
v 7.1289496 -2.8326008 -3.0374646
v 7.167726 -3.707806 -2.5552692
l 1431 1432
v 7.129055 -2.8349714 -3.036159
v 7.0901021 -1.9596824 -3.5181879
l 1433 1434
v 7.129055 -2.8349714 -3.036159
v 7.0901392 -1.9596872 -3.5181996
l 1435 1436
v 7.1287584 -2.8283017 -3.0398324
v 7.089728 -1.9530303 -3.521887
l 1437 1438
v 7.129055 -2.8349714 -3.036159
v 7.0901329 -1.9596938 -3.518211
l 1439 1440
v 7.1286945 -2.8268688 -3.0406215
v 7.0896691 -1.9515633 -3.5226147
l 1441 1442
v 6.8708572 -2.8376563 -2.9893334
v 7.845703 -2.9873312 -3.1544794
l 1443 1444
v 6.868052 -2.8372254 -2.9888582
v 7.8428952 -2.98694 -3.1539834
l 1445 1446
v 6.8337836 -2.8297517 -2.9831657
v 5.879993 -2.5969974 -2.7931422
l 1447 1448
v 6.7956357 -2.8181381 -2.9769664
v 7.7287249 -3.1325308 -3.1516139
l 1449 1450
v 6.793334 -2.8173623 -2.9765356
v 7.7263883 -3.1318598 -3.1511812
l 1451 1452
v 6.7593145 -2.7969928 -2.974653
v 7.5254189 -3.4397055 -2.9725233
l 1453 1454
v 6.7564034 -2.7945504 -2.9746611
v 7.5224896 -3.4372848 -2.9725279
l 1455 1456
v 6.7267718 -2.761688 -2.97826
v 7.3515978 -3.5361642 -2.8793707
l 1457 1458
v 6.7232838 -2.7573643 -2.9788122
v 7.3480874 -3.531856 -2.8799028
l 1459 1460
v 6.6916876 -2.6981807 -2.9864562
v 7.0578044 -3.617587 -2.8427533
l 1461 1462
v 6.688642 -2.6905324 -2.9876516
v 7.0547543 -3.6099402 -2.8439466
l 1463 1464
v 6.6765599 -2.6275358 -2.9954922
v 6.6204605 -1.6298901 -3.034936
l 1465 1466
v 6.6757116 -2.5996156 -2.9970317
v 6.6700181 -1.6020761 -3.0669073
l 1467 1468
v 6.6756983 -2.5972896 -2.9971945
v 6.6814242 -3.5948316 -2.9273584
l 1469 1470
v 6.6756802 -2.5941017 -2.9974179
v 6.6813501 -3.5916392 -2.9275135
l 1471 1472
v 6.6757922 -2.6138833 -2.996032
v 6.6701166 -1.6163464 -3.0659456
l 1473 1474
v 6.6756358 -2.5862274 -2.9979696
v 6.6699602 -1.5886875 -3.0678404
l 1475 1476
v 6.6756177 -2.5830739 -2.9981904
v 6.6813494 -3.5806159 -2.9283542
l 1477 1478
v 6.6756043 -2.5806961 -2.9983571
v 6.6812057 -3.5782332 -2.9284404
l 1479 1480
v 6.6756372 -2.5530403 -2.9979486
v 6.6700581 -3.5505793 -3.067839
l 1481 1482
v 6.6756506 -2.5506806 -2.9977832
v 6.6700063 -3.5482152 -3.0677326
l 1483 1484
v 6.6758251 -2.5198531 -2.9956236
v 6.6815008 -1.5223132 -2.9257528
l 1485 1486
v 6.6757445 -2.5341387 -2.9966245
v 6.6813518 -1.5365987 -2.9267488
l 1487 1488
v 6.6757755 -2.5286248 -2.9962382
v 6.6814152 -1.5310866 -2.9263393
l 1489 1490
v 6.6756687 -2.547509 -2.997561
v 6.6812996 -1.5499688 -2.9276899
l 1491 1492
v 6.6758251 -2.5198531 -2.9956236
v 6.6701795 -3.5173922 -3.0655087
l 1493 1494
v 6.6757312 -2.5364466 -2.9967861
v 6.6700937 -3.5339864 -3.0666614
l 1495 1496
v 8.1907444 2.580483 -2.9402676
v 8.207137 1.582821 -3.0066144
l 1497 1498
v 8.19065 2.5862274 -2.9398856
v 8.206991 1.588565 -3.0062388
l 1499 1500
v 8.1906538 2.5859969 -2.9399009
v 8.1741462 3.5836779 -2.8738703
l 1501 1502
v 8.1907406 2.5806961 -2.9402535
v 8.1744068 3.5783577 -2.8738863
l 1503 1504
v 8.1902876 2.6083519 -2.9384148
v 8.2066548 1.6106883 -3.004743
l 1505 1506
v 8.1905584 2.5477576 -2.9395146
v 8.1743594 1.5500918 -2.8731785
l 1507 1508
v 8.1905546 2.547509 -2.9394979
v 8.2058588 3.5451475 -3.0064536
l 1509 1510
v 8.1904907 2.5435874 -2.9392374
v 8.2067465 3.541255 -3.0055342
l 1511 1512
v 8.190649 2.5532715 -2.9398811
v 8.2069858 3.5509352 -3.0062155
l 1513 1514
v 8.1906452 2.5530403 -2.9398658
v 8.207102 3.5507356 -3.0056931
l 1515 1516
v 8.1905584 2.5477576 -2.9395146
v 8.2069483 3.5454211 -3.0058394
l 1517 1518
v 8.1907396 2.5587854 -2.9402478
v 8.174347 1.5611221 -2.8739224
l 1519 1520
v 8.1086702 2.3435133 -2.8958941
v 8.8263818 3.0233519 -3.0465908
l 1521 1522
v 8.12533 2.3607323 -2.9004765
v 8.7748016 3.0882726 -3.121546
l 1523 1524
v 8.117012 2.3514152 -2.8976455
v 8.7665105 3.0789361 -3.1186998
l 1525 1526
v 8.1116838 2.3463678 -2.8965268
v 8.8293766 3.0262299 -3.0472076
l 1527 1528
v 8.1285439 2.7659745 -2.9085429
v 7.4789537 3.4956198 -2.6948832
l 1529 1530
v 8.1297426 2.7646277 -2.9089372
v 7.4802392 3.4943502 -2.695278
l 1531 1532
v 8.0422287 2.3047225 -2.8976552
v 7.1079788 2.0293375 -3.1242391
l 1533 1534
v 8.078042 2.3177025 -2.8908648
v 7.1562095 1.9627568 -3.0465515
l 1535 1536
v 7.9282928 2.2844729 -2.9365587
v 8.8302689 2.3052709 -2.505274
l 1537 1538
v 7.9284892 2.2844775 -2.9364648
v 8.8304595 2.3056002 -2.5051836
l 1539 1540
v 8.0040789 2.8342478 -2.9180524
v 7.0656731 3.0263557 -3.2052619
l 1541 1542
v 8.0063276 2.8337872 -2.9173641
v 7.067948 3.0259998 -3.2045887
l 1543 1544
v 7.8538313 2.2893095 -2.9713552
v 8.7482585 2.2893095 -2.5241416
l 1545 1546
v 7.8449097 2.2908163 -2.9759505
v 8.7240584 2.1423337 -2.5231255
l 1547 1548
v 7.8256278 2.8322856 -2.9958508
v 8.6763098 3.0369481 -2.5116469
l 1549 1550
v 7.7421012 2.82478 -3.0282524
v 7.7296789 1.9518759 -3.5159861
l 1551 1552
v 7.7419009 2.8293498 -3.025774
v 7.7804668 1.9509542 -3.5021498
l 1553 1554
v 7.7418461 2.8306038 -3.0250938
v 7.7803383 1.9522179 -3.5014933
l 1555 1556
v 7.7417822 2.8320596 -3.0243042
v 7.7803346 1.9536976 -3.5007429
l 1557 1558
v 7.7416496 2.835083 -3.0226643
v 7.7802254 1.9567542 -3.4991624
l 1559 1560
v 7.7417126 2.8336499 -3.0234418
v 7.780168 1.9552336 -3.4997884
l 1561 1562
v 7.7303314 2.7932622 -3.0490649
v 7.0918435 2.211137 -3.5525164
l 1563 1564
v 7.7401381 2.8096807 -3.0371838
v 7.950143 3.6382611 -2.5181921
l 1565 1566
v 7.7405539 2.8113213 -3.0361562
v 7.950455 3.6398916 -2.5171064
l 1567 1568
v 7.7224479 2.3409188 -3.0483062
v 8.4340373 1.8314576 -2.564478
l 1569 1570
v 7.7263198 2.3381467 -3.0456736
v 7.014726 2.8476337 -3.5294683
l 1571 1572
v 7.7244906 2.3394563 -3.0469172
v 7.0129051 2.8488944 -3.5307754
l 1573 1574
v 7.741529 2.3086522 -3.0250111
v 7.6287354 3.1636552 -3.53122
l 1575 1576
v 7.7409763 2.3128414 -3.0274913
v 7.6280591 3.1678204 -3.5337132
l 1577 1578
v 7.7404103 2.2932336 -3.0150502
v 7.6002015 1.4825185 -2.4466467
l 1579 1580
v 7.7401834 2.2919211 -3.0141299
v 7.8803792 3.1026122 -3.5825708
l 1581 1582
v 7.7401586 2.2917778 -3.0140295
v 7.8804868 3.1027133 -3.5820891
l 1583 1584
v 7.7404299 2.2933464 -3.0151293
v 7.6002009 1.4826552 -2.4466967
l 1585 1586
v 7.741539 2.3019691 -3.0212934
v 7.6935902 1.4976406 -2.4290463
l 1587 1588
v 7.7414498 2.3004735 -3.0201921
v 7.7896081 3.1047162 -3.6125386
l 1589 1590
v 7.7406764 2.2947719 -3.0161288
v 7.8805645 3.1055318 -3.5845473
l 1591 1592
v 7.7406621 2.2946897 -3.0160711
v 7.8816187 3.10519 -3.5845959
l 1593 1594
v 7.7411652 2.2976015 -3.0181129
v 7.6009926 1.4869632 -2.4495909
l 1595 1596
v 7.7409225 2.2961972 -3.017128
v 7.8810286 3.106831 -3.5856727
l 1597 1598
v 7.7409134 2.2961454 -3.0170918
v 7.8828894 3.1069031 -3.5849957
l 1599 1600
v 7.741169 2.2976224 -3.0181277
v 7.6008989 1.4870129 -2.4495888
l 1601 1602
v 7.7205434 2.2903218 -3.019006
v 6.7564932 2.2903218 -3.2847263
l 1603 1604
v 7.6390934 2.2903218 -3.0381203
v 6.6469023 2.2903218 -3.162847
l 1605 1606
v 7.6053524 2.2903218 -3.0413196
v 6.6063037 2.2903218 -3.0849277
l 1607 1608
v 7.4652472 2.8378832 -3.0475159
v 8.4652018 2.8378832 -3.0570413
l 1609 1610
v 7.5012927 2.8378832 -3.0477786
v 8.5012813 2.8378832 -3.0525464
l 1611 1612
v 7.3967543 2.2903218 -3.0403502
v 6.3968773 2.2903218 -3.0246622
l 1613 1614
v 7.4151535 2.2903218 -3.0406389
v 6.4152763 2.2903218 -3.0249705
l 1615 1616
v 7.3470931 2.2903218 -3.039326
v 8.3468193 2.2903218 -3.062725
l 1617 1618
v 7.2784963 2.2903218 -3.0370452
v 6.2796542 2.2903218 -2.9889359
l 1619 1620
v 7.2389865 2.8378832 -3.0418096
v 8.2380211 2.8378832 -3.0857398
l 1621 1622
v 7.1410089 2.2903218 -3.0283637
v 8.1378731 2.2903218 -3.1074942
l 1623 1624
v 7.225235 2.2903218 -3.0343854
v 6.2271879 2.2903218 -2.9719198
l 1625 1626
v 7.1295104 2.2946897 -3.0305245
v 7.1776638 1.494999 -2.4320463
l 1627 1628
v 7.1295304 2.2943571 -3.0302756
v 7.1780548 1.4948924 -2.4315255
l 1629 1630
v 7.1297746 2.2903218 -3.0272541
v 7.0815961 3.0898482 -3.6259497
l 1631 1632
v 7.1296868 2.2917778 -3.0283444
v 7.1775866 1.4922737 -2.4295968
l 1633 1634
v 7.129703 2.2915072 -3.0281417
v 7.1779451 1.4919758 -2.429458
l 1635 1636
v 7.1295986 2.2932336 -3.0294342
v 7.1776382 1.4936266 -2.4308351
l 1637 1638
v 7.1296167 2.292932 -3.0292084
v 7.1781769 1.493341 -2.43063
l 1639 1640
v 7.1292367 2.3005133 -3.033911
v 7.0902441 3.1758387 -3.5158704
l 1641 1642
v 7.1293197 2.2986491 -3.0328841
v 7.0903653 3.1738901 -3.5149999
l 1643 1644
v 7.1292367 2.3005133 -3.033911
v 7.1679637 1.4252819 -2.5517592
l 1645 1646
v 7.1293836 2.2972162 -3.032095
v 7.0903962 3.1724704 -3.5141842
l 1647 1648
v 7.1294556 2.2955942 -3.0312018
v 7.0905111 3.1708694 -3.5132565
l 1649 1650
v 7.1485691 2.3409188 -3.057935
v 6.32894 1.8672088 -2.735744
l 1651 1652
v 7.1410089 2.3365493 -3.0549631
v 7.9606483 2.8102466 -3.3771464
l 1653 1654
v 7.1433859 2.337923 -3.0558975
v 7.9630102 2.8116388 -3.378092
l 1655 1656
v 7.1291199 2.8364275 -3.035357
v 7.1681124 3.7117529 -2.5533976
l 1657 1658
v 7.1291409 2.8368998 -3.0350969
v 7.090259 1.9616171 -3.517143
l 1659 1660
v 7.1291847 2.8378832 -3.0345554
v 7.090139 1.9625372 -3.5164732
l 1661 1662
v 7.1289496 2.8326008 -3.0374646
v 7.0903893 1.9572809 -3.519469
l 1663 1664
v 7.1289902 2.8335156 -3.0369606
v 7.0902138 1.9583105 -3.519156
l 1665 1666
v 7.1288857 2.8311677 -3.0382538
v 7.1678387 3.7064567 -2.5562249
l 1667 1668
v 7.1287584 2.8283017 -3.0398324
v 7.1677811 3.7035457 -2.5577274
l 1669 1670
v 7.1287961 2.8291478 -3.0393662
v 7.0898311 1.9539151 -3.5214964
l 1671 1672
v 7.1288223 2.8297348 -3.0390429
v 7.0897165 1.9544745 -3.5211116
l 1673 1674
v 7.1287584 2.8283017 -3.0398324
v 7.1676396 3.7035643 -2.5577498
l 1675 1676
v 7.1286306 2.8254356 -3.0414107
v 7.0897968 1.9500824 -3.5233324
l 1677 1678
v 7.1286664 2.826236 -3.0409698
v 7.0895577 1.9509824 -3.5230503
l 1679 1680
v 7.1293526 2.814508 -3.0475378
v 7.0136196 3.6786255 -2.5577351
l 1681 1682
v 7.1289878 2.8172314 -3.045994
v 7.2447271 1.9531199 -3.535806
l 1683 1684
v 7.1286769 2.8195529 -3.0446782
v 7.2444023 1.9554282 -3.5344702
l 1685 1686
v 7.1305947 2.8096807 -3.0503278
v 6.9131377 3.654758 -2.5619051
l 1687 1688
v 6.8881497 2.287998 -2.9837668
v 7.8626413 2.1810945 -3.1810937
l 1689 1690
v 6.8892212 2.2878804 -2.9839838
v 7.8637134 2.1810371 -3.1813397
l 1691 1692
v 6.7761497 2.3177025 -2.9655492
v 7.7003275 1.9624349 -3.1058358
l 1693 1694
v 6.7769728 2.3173862 -2.9656742
v 7.7012329 1.9622656 -3.1057906
l 1695 1696
v 6.7593145 2.7969928 -2.974653
v 5.9932284 2.1542584 -2.9767863
l 1697 1698
v 6.7703781 2.8062744 -2.9746222
v 6.0042738 2.1635617 -2.976752
l 1699 1700
v 6.7406082 2.3502245 -2.970243
v 7.4398032 1.6388438 -2.8990815
l 1701 1702
v 6.6777644 2.6422901 -2.9929364
v 6.8442053 3.6214613 -2.8766553
l 1703 1704
v 6.6756043 2.5806961 -2.9983571
v 6.68128 3.578236 -2.9284863
l 1705 1706
v 6.6756177 2.5830739 -2.9981904
v 6.6700164 1.5855367 -3.068107
l 1707 1708
v 6.6756358 2.5862274 -2.9979696
v 6.6699041 1.5886854 -3.0678059
l 1709 1710
v 6.6757607 2.6083519 -2.9964197
v 6.6814364 3.6058889 -2.9265061
l 1711 1712
v 6.6757426 2.6051297 -2.9966452
v 6.6813939 3.6026691 -2.9267645
l 1713 1714
v 6.6757607 2.6083519 -2.9964197
v 6.6701512 1.6108084 -3.066244
l 1715 1716
v 6.6757298 2.6028209 -2.9968071
v 6.6813625 3.6003594 -2.9269134
l 1717 1718
v 6.6757426 2.6051297 -2.9966452
v 6.6701802 1.6075942 -3.0665881
l 1719 1720
v 6.6755433 2.5696337 -2.9991112
v 6.68118 1.5720974 -2.9291861
l 1721 1722
v 6.6755428 2.5697834 -2.9991217
v 6.6787197 1.5722339 -2.9292297
l 1723 1724
v 6.6755881 2.5617087 -2.9985559
v 6.6813494 1.5641709 -2.9286623
l 1725 1726
v 6.6756372 2.5530403 -2.9979486
v 6.6699877 3.5505798 -3.0678269
l 1727 1728
v 6.6759825 2.5120823 -2.9951475
v 6.7424576 1.5303822 -2.8166931
l 1729 1730
v 6.6765342 2.5039349 -2.9936664
v 6.7430591 1.5222393 -2.8152055
l 1731 1732
v 6.6757312 2.5364466 -2.9967861
v 6.6815021 1.5389071 -2.9269171
l 1733 1734
v 6.6757131 2.5396528 -2.9970107
v 6.6813506 1.542113 -2.9271354
l 1735 1736
v 6.6757131 2.5396528 -2.9970107
v 6.6700822 3.537193 -3.0668818
l 1737 1738
v 6.675838 2.5175967 -2.9954655
v 6.6702309 3.5151369 -3.0653382
l 1739 1740
v 6.6758251 2.5198531 -2.9956236
v 6.6815169 1.5223141 -2.925741
l 1741 1742
v 6.675807 2.5231109 -2.9958518
v 6.6813554 1.5255699 -2.9259859
l 1743 1744
v 6.6757941 2.5253842 -2.996011
v 6.6701185 3.5229211 -3.0659246
l 1745 1746
v 6.6757627 2.5309155 -2.9963987
v 6.6813691 1.5333754 -2.9265252
l 1747 1748
v 6.6757755 2.5286248 -2.9962382
v 6.6815 1.5310901 -2.9262963
l 1749 1750
v 6.675838 2.5175967 -2.9954655
v 6.6701952 3.5151353 -3.0653573
l 1751 1752
v 6.6838078 2.4556367 -2.9873536
v 6.9542039 1.5110665 -2.8011468
l 1753 1754
v 6.6819701 2.462323 -2.9877152
v 6.5155282 3.4414939 -3.1039966
l 1755 1756
v 6.684866 2.4519417 -2.9866254
v 6.414331 3.3964953 -3.1727149
l 1757 1758
v 6.6842599 2.4540575 -2.9870422
v 6.9548307 1.5095078 -2.8009848
l 1759 1760
v 7.4843359 2.2903218 -3.0413949
v 6.4843813 2.2903218 -3.0318679
l 1761 1762
v 7.4562397 2.2903218 -3.0411272
v 6.4562851 2.2903218 -3.0315962
l 1763 1764
v 7.4055576 2.8378832 -3.0467913
v 8.4054347 2.8378832 -3.062472
l 1765 1766
v 7.7453923 2.2903218 -3.0689905
v 7.664864 2.2903218 -2.0722381
l 1767 1768
v 7.7413387 2.2903218 -3.1191642
v 7.8218674 2.2903218 -2.1224119
l 1769 1770
v 8.0851068 2.3231642 -2.8924129
v 8.864975 2.943271 -2.9776965
l 1771 1772
v 7.7399068 2.2903218 -3.0130084
v 7.9792808 2.2903218 -3.9839358
l 1773 1774
v 7.7413387 2.2903218 -3.1191642
v 7.5019954 2.2903218 -4.0900992
l 1775 1776
v 7.7296033 2.2903218 -3.1667709
v 7.3400804 2.2903218 -4.0877877
l 1777 1778
v 7.6547008 2.2903218 -3.2877936
v 8.3058333 2.2903218 -2.5288296
l 1779 1780
v 7.7108254 2.2903218 -3.2111707
v 7.1833286 2.2903218 -4.0607276
l 1781 1782
v 7.7626314 2.8090045 -3.0309014
v 8.5819719 3.1637265 -2.5805089
l 1783 1784
v 7.7413387 2.8378832 -3.1191642
v 7.8218674 2.8378832 -2.1224119
l 1785 1786
v 7.7415218 2.8378832 -3.0210831
v 7.8220505 2.8378832 -4.0178354
l 1787 1788
v 7.7296033 2.8378832 -3.1667709
v 7.3400804 2.8378832 -4.0877877
l 1789 1790
v 7.7296033 2.8378832 -3.1667709
v 7.9689466 2.8378832 -2.1958359
l 1791 1792
v 7.6547008 2.2903218 -3.2877936
v 6.8957367 2.2903218 -3.9389262
l 1793 1794
v 7.6186318 2.2903218 -3.318738
v 6.7690771 2.2903218 -3.8462385
l 1795 1796
v 7.1861501 2.2903218 -3.2517247
v 7.8372826 2.2903218 -4.0106887
l 1797 1798
v 7.1609693 2.2903218 -3.2111707
v 7.6884733 2.2903218 -4.0607232
l 1799 1800
v 7.2531633 2.2903218 -3.318738
v 6.4941993 2.2903218 -2.6676054
l 1801 1802
v 7.2531633 2.2903218 -3.318738
v 8.1027153 2.2903218 -3.8462429
l 1803 1804
v 7.4358974 2.2903218 -3.3784854
v 8.4326493 2.2903218 -3.297952
l 1805 1806
v 7.4860711 2.2903218 -3.3744316
v 8.4570064 2.2903218 -3.1350894
l 1807 1808
v 7.5780778 2.2903218 -3.3439186
v 6.6570592 2.2903218 -3.7334372
l 1809 1810
v 7.5336781 2.8378832 -3.3626962
v 8.4546966 2.8378832 -2.9731775
l 1811 1812
v 7.4860711 2.8378832 -3.3744316
v 8.4570064 2.8378832 -3.1350894
l 1813 1814
v 7.4358974 2.8378832 -3.3784854
v 6.4391454 2.8378832 -3.297952
l 1815 1816
v 7.4358974 2.8378832 -3.3784854
v 8.4326493 2.8378832 -3.297952
l 1817 1818
v 7.4358974 2.2903218 -3.3784854
v 6.4391454 2.2903218 -3.297952
l 1819 1820
v 7.3381171 2.2903218 -3.3626962
v 8.3090518 2.2903218 -3.6020407
l 1821 1822
v 7.2937169 2.2903218 -3.3439186
v 8.214737 2.2903218 -3.7334337
l 1823 1824
v 7.2937169 2.8378832 -3.3439186
v 8.214737 2.8378832 -3.7334337
l 1825 1826
v 7.3857236 2.8378832 -3.3744316
v 6.4147889 2.8378832 -3.1350871
l 1827 1828
v 7.2937169 2.8378832 -3.3439186
v 6.444165 2.8378832 -2.8164136
l 1829 1830
v 7.2531633 2.8378832 -3.318738
v 6.4941993 2.8378832 -2.6676054
l 1831 1832
v 7.1421919 2.2903218 -3.1667709
v 6.9028485 2.2903218 -2.1958359
l 1833 1834
v 7.1421919 2.2903218 -3.1667709
v 7.5317064 2.2903218 -4.0877913
l 1835 1836
v 7.1297746 2.2903218 -3.0272541
v 7.0492396 2.2903218 -4.0240059
l 1837 1838
v 7.1264024 2.2903218 -3.0689905
v 7.2069405 2.2903218 -4.065742
l 1839 1840
v 6.9999433 2.2877076 -3.0084214
v 7.948589 2.4371625 -3.2872305
l 1841 1842
v 6.7587171 2.3321643 -2.9680057
v 7.5245539 1.6957728 -2.8758109
l 1843 1844
v 6.6838078 2.4556367 -2.9873536
v 6.9541748 1.5110635 -2.8011198
l 1845 1846
v 7.1609693 2.8378832 -3.2111707
v 7.6884733 2.8378832 -4.0607232
l 1847 1848
v 7.2170944 2.8378832 -3.2877936
v 6.5659619 2.8378832 -2.5288296
l 1849 1850
v 7.1609693 2.8378832 -3.2111707
v 6.7714548 2.8378832 -2.2901503
l 1851 1852
v 7.1421919 2.8378832 -3.1667709
v 6.9028485 2.8378832 -2.1958359
l 1853 1854
v 6.6868815 2.6844225 -2.988987
v 6.4211516 1.7229981 -3.0600557
l 1855 1856
v 6.7121091 2.7403948 -2.9819002
v 7.2556302 3.5782817 -2.9315972
l 1857 1858
v 7.1291847 2.8378832 -3.0345554
v 7.0486474 2.8378832 -4.031307
l 1859 1860
v 7.1304564 2.8378832 -3.1191642
v 7.0499183 2.8378832 -2.1224127
l 1861 1862
v 7.6186318 2.8378832 -3.318738
v 6.7690771 2.8378832 -3.8462385
l 1863 1864
v 7.6186318 2.8378832 -3.318738
v 8.3775959 2.8378832 -2.6676054
l 1865 1866
v 7.6856451 2.8378832 -3.2517247
v 8.213142 2.8378832 -2.4021678
l 1867 1868
v 7.6547008 2.8378832 -3.2877936
v 8.3058333 2.8378832 -2.5288296
l 1869 1870
v 7.3857236 -2.2903218 -3.3744316
v 6.4147889 -2.2903218 -3.1350871
l 1871 1872
v 7.4358974 -2.2903218 -3.3784854
v 6.4391454 -2.2903218 -3.297952
l 1873 1874
v 7.4358974 -2.2903218 -3.3784854
v 8.4326493 -2.2903218 -3.297952
l 1875 1876
v 7.4860711 -2.2903218 -3.3744316
v 8.4570064 -2.2903218 -3.1350894
l 1877 1878
v 7.7399068 -2.2903218 -3.0130084
v 7.9792808 -2.2903218 -3.9839358
l 1879 1880
v 8.0867071 -2.3244367 -2.8925879
v 7.306839 -1.7043299 -2.8073043
l 1881 1882
v 8.1664343 -2.7087457 -2.9216087
v 7.7681166 -3.6105909 -2.754222
l 1883 1884
v 7.7413387 -2.2903218 -3.1191642
v 7.8218674 -2.2903218 -2.1224119
l 1885 1886
v 7.7413387 -2.2903218 -3.0188165
v 7.8218671 -2.2903218 -4.0155688
l 1887 1888
v 7.6186318 -2.2903218 -3.318738
v 6.7690771 -2.2903218 -3.8462385
l 1889 1890
v 7.6186318 -2.2903218 -3.318738
v 8.3775959 -2.2903218 -2.6676054
l 1891 1892
v 7.6547008 -2.2903218 -3.2877936
v 8.3058333 -2.2903218 -2.5288296
l 1893 1894
v 7.6856451 -2.2903218 -3.2517247
v 8.213142 -2.2903218 -2.4021678
l 1895 1896
v 7.7108254 -2.2903218 -3.2111707
v 8.1003483 -2.2903218 -2.2901539
l 1897 1898
v 7.7296033 -2.2903218 -3.1667709
v 7.9689466 -2.2903218 -2.1958359
l 1899 1900
v 7.7413387 -2.8378832 -3.1191642
v 7.5019954 -2.8378832 -4.0900992
l 1901 1902
v 7.7296033 -2.8378832 -3.1667709
v 7.3400804 -2.8378832 -4.0877877
l 1903 1904
v 7.6547008 -2.8378832 -3.2877936
v 8.3058333 -2.8378832 -2.5288296
l 1905 1906
v 7.7108254 -2.8378832 -3.2111707
v 7.1833286 -2.8378832 -4.0607276
l 1907 1908
v 7.5336781 -2.2903218 -3.3626962
v 8.4546966 -2.2903218 -2.9731775
l 1909 1910
v 7.2937169 -2.2903218 -3.3439186
v 8.214737 -2.2903218 -3.7334337
l 1911 1912
v 7.2937169 -2.2903218 -3.3439186
v 6.444165 -2.2903218 -2.8164136
l 1913 1914
v 7.2170944 -2.2903218 -3.2877936
v 6.5659619 -2.2903218 -2.5288296
l 1915 1916
v 7.2531633 -2.2903218 -3.318738
v 6.4941993 -2.2903218 -2.6676054
l 1917 1918
v 7.6547008 -2.8378832 -3.2877936
v 6.8957367 -2.8378832 -3.9389262
l 1919 1920
v 7.6186318 -2.8378832 -3.318738
v 6.7690771 -2.8378832 -3.8462385
l 1921 1922
v 7.4860711 -2.8378832 -3.3744316
v 8.4570064 -2.8378832 -3.1350894
l 1923 1924
v 7.5780778 -2.8378832 -3.3439186
v 6.6570592 -2.8378832 -3.7334372
l 1925 1926
v 7.1609693 -2.2903218 -3.2111707
v 7.6884733 -2.2903218 -4.0607232
l 1927 1928
v 7.1421919 -2.2903218 -3.1667709
v 7.5317064 -2.2903218 -4.0877913
l 1929 1930
v 7.1421919 -2.2903218 -3.1667709
v 6.9028485 -2.2903218 -2.1958359
l 1931 1932
v 24.074301 4.6250199e-17 2.7225361
v 23.780139 -3.1479581e-17 1.7667803
l 1933 1934
v 7.1304564 -2.2903218 -3.1191642
v 7.0499183 -2.2903218 -2.1224127
l 1935 1936
v 7.4860711 -2.8378832 -3.3744316
v 6.4893192 -2.8378832 -3.454965
l 1937 1938
v 7.4358974 -2.8378832 -3.3784854
v 6.4391454 -2.8378832 -3.297952
l 1939 1940
v 7.3381171 -2.8378832 -3.3626962
v 8.3090518 -2.8378832 -3.6020407
l 1941 1942
v 7.2937169 -2.8378832 -3.3439186
v 8.214737 -2.8378832 -3.7334337
l 1943 1944
v 7.2531633 -2.8378832 -3.318738
v 6.4941993 -2.8378832 -2.6676054
l 1945 1946
v 7.2531633 -2.8378832 -3.318738
v 8.1027153 -2.8378832 -3.8462429
l 1947 1948
v 7.1861501 -2.8378832 -3.2517247
v 7.8372826 -2.8378832 -4.0106887
l 1949 1950
v 7.1609693 -2.8378832 -3.2111707
v 7.6884733 -2.8378832 -4.0607232
l 1951 1952
v 7.1421919 -2.8378832 -3.1667709
v 6.9028485 -2.8378832 -2.1958359
l 1953 1954
v 7.1421919 -2.8378832 -3.1667709
v 7.5317064 -2.8378832 -4.0877913
l 1955 1956
v 7.1291847 -2.8378832 -3.0345554
v 7.0486474 -2.8378832 -4.031307
l 1957 1958
v 7.1264024 -2.8378832 -3.0689905
v 7.2069405 -2.8378832 -4.065742
l 1959 1960
v 6.8904586 -2.8405347 -2.9927528
v 7.8649467 -2.9473781 -3.190129
l 1961 1962
v 6.7956357 -2.8181381 -2.9769664
v 7.7286901 -3.1325978 -3.151679
l 1963 1964
v 6.7564034 -2.7945504 -2.9746611
v 6.0572033 -2.0831749 -3.0458233
l 1965 1966
v 6.7121091 -2.7403948 -2.9819002
v 7.2556302 -3.5782817 -2.9315972
l 1967 1968
v 6.684866 -2.67713 -2.989526
v 6.9505959 -3.6385544 -2.9184573
l 1969 1970
v 6.6774235 -2.6402845 -2.9931746
v 6.8438706 -3.6194545 -2.8768926
l 1971 1972
v 7.7413387 -2.8378832 -3.1191642
v 7.8218674 -2.8378832 -2.1224119
l 1973 1974
v 7.7453923 -2.8378832 -3.0689905
v 7.6648636 -2.8378832 -2.0722382
l 1975 1976
v 7.7801118 -2.8165724 -3.0212924
v 6.9607713 -2.4618504 -3.471685
l 1977 1978
v 23.910627 0.28547397 1.7934426
v 23.822444 1.2815783 1.7934426
l 1979 1980
v 23.910627 -0.28547397 1.7934426
v 23.822444 -1.2815783 1.7934426
l 1981 1982
v 23.853264 -0.93344498 1.7934426
v 23.765081 -1.9295493 1.7934426
l 1983 1984
v 23.770628 -1.86689 1.7934426
v 23.682445 -2.8629942 1.7934426
l 1985 1986
v 23.687992 -2.8003349 1.7934426
v 23.599809 -3.7964392 1.7934426
l 1987 1988
v 23.605356 -3.7337799 1.7934426
v 23.517173 -4.7298842 1.7934426
l 1989 1990
v 23.491167 -4.6672249 1.7970959
v 24.484531 -4.6672249 1.6820826
l 1991 1992
v 23.491167 -4.6672249 1.7897893
v 24.484531 -4.6672249 1.9048026
l 1993 1994
v 23.491167 -4.6672249 1.7970959
v 22.497494 -4.6672249 1.909409
l 1995 1996
v 23.381954 -4.6672249 1.8091977
v 24.376041 -4.6672249 1.7006109
l 1997 1998
v 23.770628 1.86689 1.7934426
v 23.682445 2.8629942 1.7934426
l 1999 2000
v 23.853264 0.93344498 1.7934426
v 23.765081 1.9295493 1.7934426
l 2001 2002
v 23.44581 4.6672249 1.7846627
v 24.439483 4.6672249 1.8969759
l 2003 2004
v 23.44581 4.6672249 1.7846627
v 22.451723 4.6672249 1.676076
l 2005 2006
v 23.381954 4.6672249 1.8091977
v 24.376041 4.6672249 1.7006109
l 2007 2008
v 23.44581 4.6672249 1.8022225
v 24.439483 4.6672249 1.6899094
l 2009 2010
v 23.52272 4.6672249 1.7934426
v 22.529356 4.6672249 1.9084559
l 2011 2012
v 23.605356 3.7337799 1.7934426
v 23.517173 4.7298842 1.7934426
l 2013 2014
v 23.52272 4.6672249 1.7934426
v 22.529356 4.6672249 1.6784293
l 2015 2016
v 23.687992 2.8003349 1.7934426
v 23.599809 3.7964392 1.7934426
l 2017 2018
v 23.381954 4.6672249 1.8091977
v 22.387339 4.6672249 1.9128333
l 2019 2020
v 23.294647 4.6672249 1.8182948
v 22.299382 4.6672249 1.9154868
l 2021 2022
v 23.179922 4.6672249 1.8294982
v 22.183872 4.6672249 1.9182947
l 2023 2024
v 22.86936 4.6672249 1.8552961
v 23.866342 4.6672249 1.7776598
l 2025 2026
v 22.86936 4.6672249 1.8552961
v 21.871302 4.6672249 1.917589
l 2027 2028
v 23.294647 -4.6672249 1.8182948
v 24.289263 -4.6672249 1.7146591
l 2029 2030
v 23.179922 -4.6672249 1.8294982
v 24.175188 -4.6672249 1.7323061
l 2031 2032
v 23.294647 -4.6672249 1.7685906
v 24.289263 -4.6672249 1.8722249
l 2033 2034
v 23.179922 -4.6672249 1.757387
v 24.175188 -4.6672249 1.8545801
l 2035 2036
v 22.337715 -4.6672249 1.7108743
v 21.33808 -4.6672249 1.7378808
l 2037 2038
v 22.194084 -4.6672249 1.7147547
v 21.197 -4.6672249 1.7910645
l 2039 2040
v 22.194084 -4.6672249 1.8721305
v 21.197 -4.6672249 1.7958207
l 2041 2042
v 22.337715 -4.6672249 1.8760109
v 21.33808 -4.6672249 1.8490044
l 2043 2044
v 22.337715 -4.6672249 1.8760109
v 23.337649 -4.6672249 1.8645093
l 2045 2046
v 22.86936 -4.6672249 1.8552961
v 23.866342 -4.6672249 1.7776598
l 2047 2048
v 23.036797 -4.6672249 1.8422576
v 24.032846 -4.6672249 1.7534611
l 2049 2050
v 23.036797 -4.6672249 1.7446276
v 24.032846 -4.6672249 1.8334241
l 2051 2052
v 23.036797 -4.6672249 1.7446276
v 22.039815 -4.6672249 1.6669913
l 2053 2054
v 22.687601 -4.6672249 1.7202449
v 23.685659 -4.6672249 1.7825371
l 2055 2056
v 22.687601 -4.6672249 1.7202449
v 21.688436 -4.6672249 1.6793968
l 2057 2058
v 22.505642 -4.6672249 1.712806
v 21.505708 -4.6672249 1.7013037
l 2059 2060
v 22.687601 -4.6672249 1.8666404
v 21.688436 -4.6672249 1.9074886
l 2061 2062
v 22.86936 -4.6672249 1.8552961
v 21.871302 -4.6672249 1.917589
l 2063 2064
v 21.992275 -4.6672249 1.8509947
v 22.982339 -4.6672249 1.991611
l 2065 2066
v 21.992275 -4.6672249 1.8509947
v 21.019769 -4.6672249 1.6181167
l 2067 2068
v 21.88806 -4.6672249 1.7689005
v 22.805987 -4.6672249 1.3721521
l 2069 2070
v 21.992275 -4.6672249 1.7358905
v 21.019769 -4.6672249 1.9687685
l 2071 2072
v 21.88806 -4.6672249 1.7689005
v 21.889026 -3.6672262 1.7675859
l 2073 2074
v 21.889864 -2.8003349 1.7664462
v 21.888897 -3.8003336 1.7677609
l 2075 2076
v 21.870001 -4.6672249 1.7934426
v 21.870001 -3.6672249 1.7934426
l 2077 2078
v 21.88806 -4.6672249 1.7689005
v 21.29539 -4.6672249 2.574346
l 2079 2080
v 21.88806 -4.6672249 1.8179848
v 21.295392 -4.6672249 1.012538
l 2081 2082
v 21.88806 -4.6672249 1.8179848
v 21.889026 -3.6672262 1.8192993
l 2083 2084
v 21.888962 -3.7337799 1.8192118
v 21.889928 -2.7337812 1.8205265
l 2085 2086
v 22.505642 4.6672249 1.8740793
v 21.505708 4.6672249 1.8855809
l 2087 2088
v 22.505642 4.6672249 1.8740793
v 23.504807 4.6672249 1.8332312
l 2089 2090
v 22.337715 4.6672249 1.7108743
v 21.33808 4.6672249 1.7378808
l 2091 2092
v 22.079165 4.6672249 1.7235498
v 23.076249 4.6672249 1.64724
l 2093 2094
v 21.992275 4.6672249 1.7358905
v 22.982339 4.6672249 1.5952742
l 2095 2096
v 21.992275 4.6672249 1.8509947
v 22.982339 4.6672249 1.991611
l 2097 2098
v 21.929844 4.6672249 1.8360448
v 22.90235 4.6672249 2.0689228
l 2099 2100
v 21.889864 2.8003349 1.820439
v 21.890833 1.8003363 1.8217536
l 2101 2102
v 21.870001 3.7337799 1.7934426
v 21.870001 2.7337799 1.7934426
l 2103 2104
v 21.888962 3.7337799 1.8192118
v 21.889928 2.7337812 1.8205265
l 2105 2106
v 21.870001 4.6672249 1.7934426
v 21.870001 3.6672249 1.7934426
l 2107 2108
v 21.88806 4.6672249 1.8179848
v 21.889026 3.6672262 1.8192993
l 2109 2110
v 21.88806 4.6672249 1.8179848
v 21.295392 4.6672249 1.012538
l 2111 2112
v 21.88806 4.6672249 1.8179848
v 22.805988 4.6672249 2.214731
l 2113 2114
v 21.88806 4.6672249 1.7689005
v 21.29539 4.6672249 2.574346
l 2115 2116
v 21.888962 3.7337799 1.7676734
v 21.887995 4.7337786 1.768988
l 2117 2118
v 21.88806 4.6672249 1.7689005
v 22.805987 4.6672249 1.3721521
l 2119 2120
v 21.889864 2.8003349 1.7664462
v 21.888897 3.8003336 1.7677609
l 2121 2122
v 21.890768 1.86689 1.7652191
v 21.8898 2.8668886 1.7665337
l 2123 2124
v 21.89167 0.93344498 1.7639921
v 21.890704 1.9334436 1.7653066
l 2125 2126
v 21.870001 1.86689 1.7934426
v 21.870001 2.86689 1.7934426
l 2127 2128
v 21.870001 0.93344498 1.7934426
v 21.870001 1.933445 1.7934426
l 2129 2130
v 21.89167 0.93344498 1.8228931
v 21.890704 1.9334436 1.8215786
l 2131 2132
v 21.891893 0.70340538 1.8231956
v 21.890923 1.703404 1.8218809
l 2133 2134
v 21.891893 -0.70340538 1.8231956
v 21.890923 -1.703404 1.8218809
l 2135 2136
v 21.89167 -0.93344498 1.8228931
v 21.890704 -1.9334436 1.8215786
l 2137 2138
v 21.870001 -1.86689 1.7934426
v 21.870001 -2.86689 1.7934426
l 2139 2140
v 21.890768 -1.86689 1.8216661
v 21.8898 -2.8668886 1.8203515
l 2141 2142
v 21.890768 -1.86689 1.7652191
v 21.8898 -2.8668886 1.7665337
l 2143 2144
v 21.870001 -3.7337799 1.7934426
v 21.870001 -2.7337799 1.7934426
l 2145 2146
v 21.89167 -0.93344498 1.7639921
v 21.890704 -1.9334436 1.7653066
l 2147 2148
v 22.079165 -4.6672249 1.7235498
v 21.0891 -4.6672249 1.8641662
l 2149 2150
v 21.929844 4.6672249 1.7508404
v 22.90235 4.6672249 1.5179624
l 2151 2152
v 21.891897 0.69874752 1.7636836
v 21.89093 1.6987462 1.7649981
l 2153 2154
v 21.89167 -0.93344498 1.7639921
v 21.892637 0.066553692 1.7626776
l 2155 2156
v 21.870001 0.70248783 1.7934426
v 21.870001 1.7024878 1.7934426
l 2157 2158
v 21.870001 -0.93344498 1.7934426
v 21.870001 0.066555023 1.7934426
l 2159 2160
v 21.870001 -1.86689 1.7934426
v 21.870001 -0.86688995 1.7934426
l 2161 2162
v 22.337715 4.6672249 1.7108743
v 23.337649 4.6672249 1.7223766
l 2163 2164
v 22.505642 4.6672249 1.712806
v 23.504807 4.6672249 1.7536541
l 2165 2166
v 22.86936 4.6672249 1.7315891
v 21.871302 4.6672249 1.6692969
l 2167 2168
v 23.036797 4.6672249 1.7446276
v 22.039815 4.6672249 1.6669913
l 2169 2170
v 23.44581 -4.6672249 1.7846627
v 22.451723 -4.6672249 1.676076
l 2171 2172
v 23.44581 -4.6672249 1.7846627
v 24.439483 -4.6672249 1.8969759
l 2173 2174
v 23.179922 4.6672249 1.757387
v 24.175188 4.6672249 1.8545801
l 2175 2176
v 23.179922 4.6672249 1.757387
v 22.183872 4.6672249 1.6685906
l 2177 2178
v 23.294647 4.6672249 1.7685906
v 24.289263 4.6672249 1.8722249
l 2179 2180
v 22.194084 4.6672249 1.8721305
v 21.197 4.6672249 1.7958207
l 2181 2182
v 22.194084 4.6672249 1.8721305
v 23.193719 4.6672249 1.899137
l 2183 2184
v 21.88806 -4.6672249 1.8179848
v 22.805988 -4.6672249 2.214731
l 2185 2186
v 2.8631768 0 -2.6963432
v 3.2665497 6.7343354e-17 -1.7813075
l 2187 2188
v 7.1264024 -2.2903218 -3.0689905
v 7.2069084 -2.3192351 -2.0726558
l 2189 2190
v 2.6314542 -0.19371921 -3.3704941
v 3.6306292 -0.19371921 -3.3298814
l 2191 2192
v 2.6295722 -0.19371921 -3.3705709
v 3.6287413 -0.19371921 -3.3298143
l 2193 2194
v 2.6484039 -0.19371921 -3.369642
v 3.6426952 -0.19371921 -3.2629425
l 2195 2196
v 2.6459937 -0.19371921 -3.3699007
v 3.6402831 -0.19371921 -3.2631835
l 2197 2198
v 2.6484039 0.19371921 -3.369642
v 1.6541145 0.19371921 -3.4763592
l 2199 2200
v 2.6549935 0.19371921 -3.3689349
v 1.6607022 0.19371921 -3.4756344
l 2201 2202
v 2.6295722 0.19371921 -3.3705709
v 3.6287432 0.19371921 -3.3298624
l 2203 2204
v 2.6323986 0.19371921 -3.3704557
v 1.6332236 0.19371921 -3.4110685
l 2205 2206
v 2.6314542 0.19371921 -3.3704941
v 1.6322851 0.19371921 -3.4112507
l 2207 2208
v 2.573314 0.19371921 -3.3704674
v 3.573304 0.19371921 -3.3749343
l 2209 2210
v 2.573314 0.19371921 -3.3704674
v 1.5733238 0.19371921 -3.3660181
l 2211 2212
v 2.6174223 0.19371921 -3.3705561
v 1.6174231 0.19371921 -3.3693154
l 2213 2214
v 2.6145399 0.19371921 -3.3705525
v 1.6145406 0.19371921 -3.3693517
l 2215 2216
v 2.521482 0.19371921 -3.3701556
v 3.5214424 0.19371921 -3.3790581
l 2217 2218
v 2.5315802 0.19371921 -3.3702455
v 1.5316198 0.19371921 -3.3613449
l 2219 2220
v 2.5331848 0.19371921 -3.3702598
v 1.5332245 0.19371921 -3.3613448
l 2221 2222
v 2.4698224 -0.19371921 -3.3695412
v 3.4697147 -0.19371921 -3.3842168
l 2223 2224
v 2.4755728 -0.19371921 -3.3696256
v 3.4754651 -0.19371921 -3.384304
l 2225 2226
v 2.5315802 -0.19371921 -3.3702455
v 1.5316199 -0.19371921 -3.3613384
l 2227 2228
v 2.5315802 -0.19371921 -3.3702455
v 3.5315405 -0.19371921 -3.3791604
l 2229 2230
v 2.6295722 -0.19371921 -3.3705709
v 1.6295729 -0.19371921 -3.369351
l 2231 2232
v 2.6174223 -0.19371921 -3.3705561
v 1.6174231 -0.19371921 -3.3693395
l 2233 2234
v 2.6101718 -0.19371921 -3.3705473
v 3.6101711 -0.19371921 -3.3717481
l 2235 2236
v 2.6145399 -0.19371921 -3.3705525
v 3.6145391 -0.19371921 -3.3717932
l 2237 2238
v 2.6295722 -0.19371921 -3.3705709
v 1.6295729 -0.19371921 -3.3693543
l 2239 2240
v 2.6174223 -0.19371921 -3.3705561
v 3.6174216 -0.19371921 -3.3717683
l 2241 2242
v 7.6039848 -2.2903218 -3.0413792
v 6.6049366 -2.2903218 -3.0849983
l 2243 2244
v 7.6053524 -2.2903218 -3.0413196
v 6.6063008 -2.2903218 -3.0848627
l 2245 2246
v 7.4996357 -2.8378832 -3.0477707
v 8.4996238 -2.8378832 -3.0526552
l 2247 2248
v 7.49508 -2.8378832 -3.047749
v 8.4950687 -2.8378832 -3.0525114
l 2249 2250
v 7.5001726 -2.8378832 -3.0477734
v 8.5001617 -2.8378832 -3.0524562
l 2251 2252
v 7.5012927 -2.8378832 -3.0477786
v 8.5012814 -2.8378832 -3.0525442
l 2253 2254
v 7.4772015 -2.8378832 -3.0476298
v 8.4771562 -2.8378832 -3.0571396
l 2255 2256
v 7.4828672 -2.8378832 -3.0476837
v 8.4828214 -2.8378832 -3.0572612
l 2257 2258
v 7.4645152 -2.8378832 -3.047509
v 6.4645608 -2.8378832 -3.0379647
l 2259 2260
v 7.4574461 -2.8378832 -3.0474415
v 8.4574006 -2.8378832 -3.0569767
l 2261 2262
v 7.4626217 -2.8378832 -3.0474908
v 8.4625759 -2.8378832 -3.0570598
l 2263 2264
v 7.3988051 -2.8378832 -3.0466852
v 8.3986817 -2.8378832 -3.0623954
l 2265 2266
v 7.3925776 -2.8378832 -3.0465875
v 8.3924545 -2.8378832 -3.0622823
l 2267 2268
v 7.4097176 -2.8378832 -3.0468566
v 6.4098408 -2.8378832 -3.0311548
l 2269 2270
v 7.4055576 -2.8378832 -3.0467913
v 8.405436 -2.8378832 -3.0623897
l 2271 2272
v 7.406765 -2.8378832 -3.0468102
v 8.406641 -2.8378832 -3.0625543
l 2273 2274
v 7.4358974 -2.8378832 -3.0472362
v 8.4358517 -2.8378832 -3.0567908
l 2275 2276
v 7.4323182 -2.8378832 -3.0472021
v 8.4322728 -2.8378832 -3.0567274
l 2277 2278
v 7.2660556 -2.8378832 -3.0429997
v 8.2650881 -2.8378832 -3.0869774
l 2279 2280
v 7.2389865 -2.8378832 -3.0418096
v 8.2380213 -2.8378832 -3.0857356
l 2281 2282
v 7.426518 -2.2903218 -3.0408175
v 6.4266415 -2.2903218 -3.0251005
l 2283 2284
v 7.4212852 -2.2903218 -3.0407352
v 6.4214082 -2.2903218 -3.0250511
l 2285 2286
v 7.415391 -2.2903218 -3.0406427
v 6.41552 -2.2903218 -3.0245806
l 2287 2288
v 7.4151535 -2.2903218 -3.0406389
v 6.4152767 -2.2903218 -3.0249417
l 2289 2290
v 7.4165277 -2.2903218 -3.0406606
v 6.4166514 -2.2903218 -3.0249327
l 2291 2292
v 7.4094281 -2.2903218 -3.040549
v 6.4095496 -2.2903218 -3.0249631
l 2293 2294
v 7.3923645 -2.2903218 -3.0402813
v 8.3922412 -2.2903218 -3.055985
l 2295 2296
v 7.4020648 -2.2903218 -3.0404336
v 6.4021882 -2.2903218 -3.0247222
l 2297 2298
v 7.3967543 -2.2903218 -3.0403502
v 6.3968774 -2.2903218 -3.0246558
l 2299 2300
v 7.4452085 -2.2903218 -3.0410221
v 6.4452538 -2.2903218 -3.0315045
l 2301 2302
v 7.4503365 -2.2903218 -3.0410709
v 6.4503819 -2.2903218 -3.03154
l 2303 2304
v 7.4562397 -2.2903218 -3.0411272
v 6.4562851 -2.2903218 -3.0315937
l 2305 2306
v 7.4560146 -2.2903218 -3.0411251
v 6.4560601 -2.2903218 -3.0315941
l 2307 2308
v 7.4987135 -2.2903218 -3.0414634
v 8.4987021 -2.2903218 -3.0462348
l 2309 2310
v 7.489213 -2.2903218 -3.0414181
v 6.4892243 -2.2903218 -3.0366715
l 2311 2312
v 7.4914546 -2.2903218 -3.0414288
v 6.4914661 -2.2903218 -3.0366426
l 2313 2314
v 7.4987135 -2.2903218 -3.0414634
v 6.4987248 -2.2903218 -3.0367009
l 2315 2316
v 7.2006369 -2.2903218 -3.0328457
v 6.2025858 -2.2903218 -2.970444
l 2317 2318
v 7.225235 -2.2903218 -3.0343854
v 6.2271883 -2.2903218 -2.9719132
l 2319 2320
v 7.2324462 -2.2903218 -3.0348272
v 8.2312882 -2.2903218 -3.0829371
l 2321 2322
v 7.2673435 -2.2903218 -3.0365081
v 6.2685023 -2.2903218 -2.9883813
l 2323 2324
v 7.2628307 -2.2903218 -3.0362906
v 6.2639886 -2.2903218 -2.9881833
l 2325 2326
v 7.140594 -2.8378832 -3.035584
v 8.136548 -2.8378832 -3.1254488
l 2327 2328
v 7.1291847 -2.8378832 -3.0345554
v 8.1251459 -2.8378832 -3.1243405
l 2329 2330
v 7.7082324 2.2903218 -3.0223992
v 8.6722844 2.2903218 -2.7566856
l 2331 2332
v 7.7069941 2.2903218 -3.0227406
v 8.671026 2.2903218 -2.7569543
l 2333 2334
v 7.6295004 2.2903218 -3.0393262
v 8.6216914 2.2903218 -2.9145984
l 2335 2336
v 7.6368098 2.2903218 -3.0384073
v 8.6290014 2.2903218 -2.9136841
l 2337 2338
v 7.6039848 2.2903218 -3.0413792
v 8.6030364 2.2903218 -2.9978362
l 2339 2340
v 7.5959139 2.2903218 -3.0417316
v 8.5949621 2.2903218 -2.9981125
l 2341 2342
v 7.4720888 2.8378832 -3.047581
v 8.4720434 2.8378832 -3.0571142
l 2343 2344
v 7.4720888 2.8378832 -3.047581
v 6.4721341 2.8378832 -3.0380679
l 2345 2346
v 7.5177522 2.8378832 -3.047857
v 6.5177635 2.8378832 -3.0430915
l 2347 2348
v 7.5366464 2.8378832 -3.0479472
v 6.5366577 2.8378832 -3.0431774
l 2349 2350
v 7.3800087 2.2903218 -3.0400875
v 8.3798857 2.2903218 -3.0557732
l 2351 2352
v 7.3923645 2.2903218 -3.0402813
v 8.3922413 2.2903218 -3.0559756
l 2353 2354
v 7.4074244 2.2903218 -3.0405178
v 8.407303 2.2903218 -3.0561037
l 2355 2356
v 7.4094281 2.2903218 -3.040549
v 8.4093049 2.2903218 -3.0562463
l 2357 2358
v 7.3737216 2.2903218 -3.0399492
v 8.3734482 2.2903218 -3.0633331
l 2359 2360
v 7.3784614 2.2903218 -3.04006
v 8.3781816 2.2903218 -3.0637147
l 2361 2362
v 7.3470931 2.2903218 -3.039326
v 8.3468194 2.2903218 -3.0627221
l 2363 2364
v 7.3628535 2.2903218 -3.0396948
v 8.3625797 2.2903218 -3.0630957
l 2365 2366
v 7.2784963 2.2903218 -3.0370452
v 6.2796544 2.2903218 -2.9889319
l 2367 2368
v 7.2324462 2.2903218 -3.0348272
v 8.2312884 2.2903218 -3.0829346
l 2369 2370
v 7.2660556 2.8378832 -3.0429997
v 6.2670208 2.8378832 -2.9990738
l 2371 2372
v 7.2685037 2.8378832 -3.0431075
v 6.2694712 2.8378832 -2.9991298
l 2373 2374
v 7.1830373 2.2903218 -3.0316999
v 6.1861733 2.2903218 -2.9525661
l 2375 2376
v 7.1410089 2.2903218 -3.0283637
v 8.1378733 2.2903218 -3.1074915
l 2377 2378
v 7.1981125 2.2903218 -3.0326879
v 8.1961636 2.2903218 -3.0950897
l 2379 2380
v 7.2006369 2.2903218 -3.0328457
v 8.1986836 2.2903218 -3.095318
l 2381 2382
v 7.4783673 2.2903218 -3.041338
v 8.4783218 2.2903218 -3.0508845
l 2383 2384
v 7.4737506 2.2903218 -3.0412941
v 8.4737054 2.2903218 -3.0507958
l 2385 2386
v 7.4503365 2.2903218 -3.0410709
v 8.450291 2.2903218 -3.0506019
l 2387 2388
v 7.4452085 2.2903218 -3.0410221
v 8.4451631 2.2903218 -3.050553
l 2389 2390
v 7.4560146 2.2903218 -3.0411251
v 8.4559692 2.2903218 -3.0506585
l 2391 2392
v 7.406765 2.8378832 -3.0468102
v 8.4066418 2.8378832 -3.0625049
l 2393 2394
v 7.406765 2.8378832 -3.0468102
v 6.4068866 2.8378832 -3.0312117
l 2395 2396
v 3.1463778 0.14428875 -1.1528164
v 2.1655486 -0.044236401 -1.1034966
l 2397 2398
v 3.0569651 0.062032789 -1.1483231
v 2.7103198 -0.87580204 -1.1309194
l 2399 2400
v 3.1319258 0.14151093 -1.1520897
v 2.2884072 -0.39391309 -1.1096937
l 2401 2402
v 3.1065238 0.12538695 -1.150813
v 2.288712 -0.44862903 -1.1097082
l 2403 2404
v 3.0640929 0.079212748 -1.1486809
v 2.6809485 -0.84427541 -1.1294443
l 2405 2406
v 3.0884509 0.11270176 -1.1499046
v 2.4835131 -0.68299075 -1.1195121
l 2407 2408
v 3.0737445 0.093358032 -1.1491657
v 2.5103485 -0.7323441 -1.1208651
l 2409 2410
v 3.0547664 0.056084305 -1.1482127
v 2.7081341 -0.8817564 -1.1308682
l 2411 2412
v 3.0525246 0.050018806 -1.1481005
v 2.8353038 -0.92604367 -1.1372753
l 2413 2414
v 3.0461385 0.011342601 -1.1477833
v 3.0169592 -0.98823067 -1.1464265
l 2415 2416
v 3.0495584 0.0366906 -1.1479527
v 2.855608 -0.94427311 -1.1382872
l 2417 2418
v 3.0467467 0.017903434 -1.1478132
v 2.9544409 -0.97781692 -1.1432721
l 2419 2420
v 3.0477548 0.027568156 -1.1478628
v 2.9440185 -0.96702359 -1.1427594
l 2421 2422
v 3.1585271 0.14662401 -1.153428
v 2.1777011 -0.041903939 -1.1040575
l 2423 2424
v 3.2279704 0.14743815 -1.1569252
v 2.2388859 0.28610405 -1.1070886
l 2425 2426
v 3.1926963 0.15242334 -1.1551481
v 2.2080077 -0.014701691 -1.1055757
l 2427 2428
v 3.2232528 0.14809954 -1.1566875
v 2.2343458 0.2880318 -1.1068691
l 2429 2430
v 3.1926963 -0.15242334 -1.1551481
v 4.1816034 -0.012491081 -1.2049666
l 2431 2432
v 3.2232528 -0.14809954 -1.1566875
v 4.2123372 -0.0094336436 -1.2065241
l 2433 2434
v 3.1463778 -0.14428875 -1.1528164
v 4.1272039 -0.3328167 -1.2021869
l 2435 2436
v 3.1585271 -0.14662401 -1.153428
v 4.1432158 -0.31374904 -1.2030004
l 2437 2438
v 3.0525246 -0.050018806 -1.1481005
v 3.3991569 -0.98785951 -1.165445
l 2439 2440
v 3.0458221 1.0175922e-16 -1.1477686
v 3.0717891 -0.99966208 -1.1489655
l 2441 2442
v 3.0459411 -0.0045800693 -1.1477741
v 3.0751205 -1.0041533 -1.1491309
l 2443 2444
v 3.0495584 -0.0366906 -1.1479527
v 3.2667792 -1.0127531 -1.1587779
l 2445 2446
v 3.0477548 -0.027568156 -1.1478628
v 3.2417052 -1.0085319 -1.1575283
l 2447 2448
v 3.0461385 -0.011342601 -1.1477833
v 3.1384443 -1.007063 -1.1523244
l 2449 2450
v 3.0467467 -0.017903434 -1.1478132
v 3.150483 -1.0124952 -1.1529166
l 2451 2452
v 3.1319258 -0.14151093 -1.1520897
v 4.112755 -0.33003608 -1.2014095
l 2453 2454
v 3.0547664 -0.056084305 -1.1482127
v 3.4014117 -0.99391914 -1.1656164
l 2455 2456
v 3.1065238 -0.12538695 -1.150813
v 3.9500424 -0.66081097 -1.193209
l 2457 2458
v 3.0569651 -0.062032789 -1.1483231
v 3.4401094 -0.98552095 -1.1675597
l 2459 2460
v 3.0640929 -0.079212748 -1.1486809
v 3.6274889 -0.90491488 -1.1769815
l 2461 2462
v 3.0884509 -0.11270176 -1.1499046
v 3.9062627 -0.68671775 -1.1910094
l 2463 2464
v 3.0737445 -0.093358032 -1.1491657
v 3.6786823 -0.88905054 -1.1795583
l 2465 2466
v 3.3473916 0.11029079 -1.1623963
v 2.4378661 0.52384315 -1.120709
l 2467 2468
v 3.3230941 0.12133861 -1.1612827
v 2.3797268 0.45026081 -1.1180583
l 2469 2470
v 3.2593827 0.14304575 -1.1583635
v 2.2700345 0.28138661 -1.1130647
l 2471 2472
v 3.292516 0.13200024 -1.1598816
v 2.344737 0.44795782 -1.1164554
l 2473 2474
v 3.3512847 0.1085205 -1.1625751
v 2.4417728 0.52209388 -1.1208007
l 2475 2476
v 3.4751215 0.039112236 -1.1682634
v 2.6449178 0.59525805 -1.1300058
l 2477 2478
v 3.4743273 0.039644245 -1.1682268
v 2.6309649 0.57559048 -1.1294775
l 2479 2480
v 3.3792245 0.095162027 -1.1638579
v 2.4778126 0.52614183 -1.122471
l 2481 2482
v 3.401792 0.083083853 -1.1648945
v 2.5208461 0.55456776 -1.1244327
l 2483 2484
v 3.4617879 0.047612868 -1.1676507
v 2.61423 0.57688506 -1.1287075
l 2485 2486
v 3.4255857 0.069672689 -1.1659875
v 2.555133 0.5602978 -1.1260008
l 2487 2488
v 3.4427524 0.059499964 -1.1667761
v 2.58313 0.56890163 -1.1272883
l 2489 2490
v 3.4743273 -0.039644245 -1.1682268
v 4.304531 0.51650157 -1.2064845
l 2491 2492
v 3.3473916 -0.11029079 -1.1623963
v 4.2569035 0.3032826 -1.2041707
l 2493 2494
v 3.3512847 -0.1085205 -1.1625751
v 4.2526967 0.32245931 -1.203962
l 2495 2496
v 3.4617879 -0.047612868 -1.1676507
v 4.3051503 0.48833337 -1.2064001
l 2497 2498
v 3.4427524 -0.059499964 -1.1667761
v 4.2903103 0.46977222 -1.2057193
l 2499 2500
v 3.3792245 -0.095162027 -1.1638579
v 4.2601705 0.37632188 -1.2043197
l 2501 2502
v 3.4255857 -0.069672689 -1.1659875
v 4.2852081 0.43972897 -1.2054753
l 2503 2504
v 3.401792 -0.083083853 -1.1648945
v 4.2722448 0.40754126 -1.2048811
l 2505 2506
v 3.3230941 -0.12133861 -1.1612827
v 4.2326196 0.29221375 -1.2029699
l 2507 2508
v 3.2279704 -0.14743815 -1.1569252
v 4.2173185 -0.0090972927 -1.2022239
l 2509 2510
v 3.292516 -0.13200024 -1.1598816
v 4.2358833 0.19692196 -1.203106
l 2511 2512
v 3.2593827 -0.14304575 -1.1583635
v 4.2071617 0.17291183 -1.2017897
l 2513 2514
v 3.500325 0.022200577 -1.1692801
v 2.6824185 0.59660597 -1.136303
l 2515 2516
v 3.4977231 0.024027832 -1.1691751
v 2.6659429 0.57811744 -1.1356126
l 2517 2518
v 3.4888186 0.029959528 -1.1688159
v 2.657832 0.58524146 -1.1353016
l 2519 2520
v 3.5083053 0.016595874 -1.1696023
v 2.6904101 0.59101452 -1.1365781
l 2521 2522
v 3.521986 0.0068746293 -1.1701548
v 2.7137639 0.59484701 -1.1375136
l 2523 2524
v 3.5262115 0.0038859523 -1.1703254
v 2.7102311 0.58102619 -1.1373832
l 2525 2526
v 3.5144827 0.012333173 -1.1698518
v 2.6918743 0.5799699 -1.1366268
l 2527 2528
v 3.5083053 -0.016595874 -1.1696023
v 4.3309137 0.55104086 -1.2028273
l 2529 2530
v 3.500325 -0.022200577 -1.1692801
v 4.3182202 0.55221806 -1.2023042
l 2531 2532
v 3.5144827 -0.012333173 -1.1698518
v 4.3227049 0.5756392 -1.202493
l 2533 2534
v 3.521986 -0.0068746293 -1.1701548
v 4.3379664 0.57026561 -1.203097
l 2535 2536
v 3.4977231 -0.024027832 -1.1691751
v 4.3156295 0.55037757 -1.2021522
l 2537 2538
v 3.4751215 -0.039112236 -1.1682634
v 4.3061081 0.51616969 -1.2017777
l 2539 2540
v 3.4888186 -0.029959528 -1.1688159
v 4.3205988 0.52413008 -1.2023784
l 2541 2542
v 6.3394914 1.7195661 -0.54870552
v 5.9257001 1.3246376 -1.3689544
l 2543 2544
v 6.4784184 1.7778256 -0.4277924
v 5.6161585 1.5578291 -0.88398263
l 2545 2546
v 6.4432178 1.7678338 -0.44851619
v 5.6237413 1.5189559 -0.96477018
l 2547 2548
v 6.4636431 1.7740558 -0.43560946
v 5.6449853 1.5246743 -0.95291815
l 2549 2550
v 6.4081602 1.756088 -0.47288525
v 5.6468822 1.4745859 -1.0570192
l 2551 2552
v 6.4245296 1.7621582 -0.46028939
v 5.6641574 1.4801943 -1.0453796
l 2553 2554
v 6.3917084 1.7500045 -0.48550886
v 5.7120933 1.4316174 -1.1463818
l 2555 2556
v 6.3791099 1.7441024 -0.49775994
v 5.6985147 1.426114 -1.1578157
l 2557 2558
v 6.3561444 1.7318944 -0.52310395
v 5.7884356 1.3746842 -1.2647963
l 2559 2560
v 6.3651738 1.7375911 -0.51127541
v 5.7985052 1.3800716 -1.253614
l 2561 2562
v 6.3451252 1.7249609 -0.5375002
v 5.9324797 1.3298218 -1.3582247
l 2563 2564
v 6.337595 1.6495082 -0.65267301
v 6.6872985 1.1054197 -1.4153493
l 2565 2566
v 6.334847 1.7151334 -0.55791199
v 5.9527535 1.2023514 -1.3267157
l 2567 2568
v 6.3318872 1.7111614 -0.56386721
v 6.132621 1.1605747 -1.3745134
l 2569 2570
v 6.3293791 1.7042311 -0.57407081
v 6.1289779 1.1538163 -1.3845539
l 2571 2572
v 6.3255272 1.6936517 -0.58964902
v 6.3147378 1.1254878 -1.4124937
l 2573 2574
v 6.3254151 1.6877508 -0.59819496
v 6.3134647 1.1196326 -1.4210551
l 2575 2576
v 6.3298974 1.6615285 -0.63582164
v 6.6784552 1.1172349 -1.398876
l 2577 2578
v 6.328383 1.6666167 -0.62856567
v 6.4968277 1.1006746 -1.4356195
l 2579 2580
v 6.3251972 1.6773913 -0.61319965
v 6.4925543 1.1113683 -1.420423
l 2581 2582
v 6.3581791 1.6287384 -0.68260437
v 7.0251383 1.2007884 -1.2925422
l 2583 2584
v 6.3393984 1.6467024 -0.65660608
v 6.6942175 1.1191868 -1.4285068
l 2585 2586
v 6.3537412 1.6327991 -0.6767357
v 6.8818179 1.1496035 -1.3750601
l 2587 2588
v 6.3406997 1.6447678 -0.659437
v 6.8676242 1.1611917 -1.3583682
l 2589 2590
v 6.4121971 1.5895549 -0.72552317
v 7.2005209 1.1419092 -1.147612
l 2591 2592
v 6.3741193 1.6185105 -0.69718176
v 6.9761802 1.0536064 -1.2614565
l 2593 2594
v 6.4069324 1.5933025 -0.72188228
v 7.1167153 1.0880619 -1.2127389
l 2595 2596
v 6.3768563 1.6159424 -0.69974703
v 6.9799922 1.0515453 -1.2633808
l 2597 2598
v 6.3821311 1.6110064 -0.70467633
v 7.0908614 1.1050931 -1.1963603
l 2599 2600
v 6.4481797 1.5700753 -0.74470669
v 7.3028793 1.1961201 -1.1047708
l 2601 2602
v 6.4433579 1.5726629 -0.7421453
v 7.2413951 1.1443849 -1.1660729
l 2603 2604
v 6.4161224 1.5873259 -0.72762489
v 7.2131715 1.1582127 -1.1525656
l 2605 2606
v 6.443357 -1.5726727 -0.74214417
v 5.6463335 -2.0018379 -0.31720786
l 2607 2608
v 6.4481797 -1.5700843 -0.74470603
v 5.6501524 -1.9983908 -0.32078856
l 2609 2610
v 6.473536 -1.5589886 -0.75538802
v 5.6188544 -1.9329921 -0.39533153
l 2611 2612
v 6.3768554 -1.6159568 -0.69974536
v 5.7749005 -2.1809422 -0.1354388
l 2613 2614
v 6.4161148 -1.5873415 -0.72761989
v 5.627809 -2.0350332 -0.30554623
l 2615 2616
v 6.3821311 -1.6110197 -0.70467532
v 5.7789931 -2.1754395 -0.14106647
l 2617 2618
v 6.4121971 -1.5895665 -0.72552228
v 5.7024159 -2.0948268 -0.2346835
l 2619 2620
v 6.4069314 -1.5933149 -0.72188085
v 5.6982203 -2.0992612 -0.23020316
l 2621 2622
v 6.3406997 -1.6447866 -0.65943557
v 5.9858851 -2.1723262 0.11245079
l 2623 2624
v 6.3741069 -1.6185365 -0.69716877
v 5.7071453 -2.0464967 -0.087240713
l 2625 2626
v 6.3537402 -1.6328181 -0.67673343
v 5.8268299 -2.1164117 0.022196298
l 2627 2628
v 6.3581791 -1.6287566 -0.682603
v 5.8300814 -2.1119527 0.0157053
l 2629 2630
v 6.3393898 -1.6467341 -0.65658599
v 5.9896811 -2.1908261 0.10608549
l 2631 2632
v 6.3318872 -1.711181 -0.56386572
v 6.7139765 -2.2239843 0.20492597
l 2633 2634
v 6.3293786 -1.7042501 -0.57407027
v 6.5286628 -2.2548384 0.23657042
l 2635 2636
v 6.3255272 -1.693671 -0.58964753
v 6.5259147 -2.2440978 0.22083085
l 2637 2638
v 6.3251972 -1.6774101 -0.61319816
v 6.3371483 -2.245538 0.20965533
l 2639 2640
v 6.3254151 -1.6877693 -0.59819436
v 6.3362033 -2.2559473 0.2246406
l 2641 2642
v 6.3375945 -1.6495273 -0.65267068
v 5.9890398 -2.1938228 0.11038376
l 2643 2644
v 6.3298974 -1.6615469 -0.63582021
v 6.1614741 -2.2275097 0.17122361
l 2645 2646
v 6.328383 -1.666636 -0.6285634
v 6.1610181 -2.2326605 0.17865725
l 2647 2648
v 6.4432163 -1.7678512 -0.44851568
v 7.2618838 -2.0171991 0.068793934
l 2649 2650
v 6.4245296 -1.7621768 -0.46028796
v 7.2440132 -2.0110236 0.055969573
l 2651 2652
v 6.4636431 -1.7740728 -0.43560818
v 7.3259051 -1.9940516 0.020586405
l 2653 2654
v 6.3348641 -1.7151763 -0.55787599
v 6.7486466 -2.1100439 0.26240666
l 2655 2656
v 6.356144 -1.7319173 -0.52310336
v 6.922809 -2.0893858 0.21926244
l 2657 2658
v 6.3451252 -1.7249856 -0.53749835
v 6.9128632 -2.0821375 0.20419974
l 2659 2660
v 6.3394904 -1.7195911 -0.54870486
v 6.7521686 -2.1146684 0.27203301
l 2661 2662
v 6.3917084 -1.7500249 -0.48550731
v 7.1529924 -2.031493 0.098635117
l 2663 2664
v 6.4081588 -1.7561071 -0.47288471
v 7.1685452 -2.0380295 0.11220693
l 2665 2666
v 6.3791084 -1.7441232 -0.49775937
v 7.0587467 -2.0624593 0.16311422
l 2667 2668
v 6.3651738 -1.7376136 -0.51127368
v 7.0457734 -2.0555609 0.14879732
l 2669 2670
v 6.4843764 1.7792343 -0.4246487
v 5.6186652 1.5745502 -0.88142919
l 2671 2672
v 6.620811 1.8054589 -0.36519957
v 5.6988921 1.6506701 -0.72031368
l 2673 2674
v 6.5860696 1.7996259 -0.37858161
v 5.6635571 1.6454606 -0.73242313
l 2675 2676
v 6.6220293 1.8056302 -0.36479935
v 5.6803417 1.6732227 -0.67414187
l 2677 2678
v 6.5092087 1.7851261 -0.4115029
v 5.6442235 1.5798962 -0.86941256
l 2679 2680
v 6.5614944 1.795519 -0.38800776
v 5.6642748 1.6168612 -0.79183739
l 2681 2682
v 6.5319147 1.789629 -0.40132126
v 5.6340331 1.6115677 -0.80394128
l 2683 2684
v 6.6471066 1.8095942 -0.35652807
v 5.7079528 1.6611432 -0.66628982
l 2685 2686
v 6.685452 1.8156831 -0.34381989
v 5.7468264 1.6666359 -0.65489369
l 2687 2688
v 6.4900908 1.551483 -0.76237565
v 7.3819818 1.2147448 -1.0642661
l 2689 2690
v 6.4735398 1.5589795 -0.75539029
v 7.3235669 1.1736399 -1.1145106
l 2691 2692
v 6.4860907 1.5532899 -0.76069278
v 7.3370345 1.1689248 -1.1186846
l 2693 2694
v 6.5924301 1.517678 -0.79329872
v 7.5422248 1.2823475 -0.99947709
l 2695 2696
v 6.5237727 1.5387663 -0.77377641
v 7.4224763 1.2212571 -1.0762988
l 2697 2698
v 6.5352855 1.5346988 -0.77765185
v 7.4347892 1.2182521 -1.0789069
l 2699 2700
v 6.5910497 1.5180833 -0.79292732
v 7.5200912 1.2453078 -1.042878
l 2701 2702
v 6.5380912 1.5337118 -0.77859151
v 7.4664212 1.2597545 -1.0298896
l 2703 2704
v 6.65453 1.4969676 -0.80716604
v 7.5910001 1.1906578 -0.9780408
l 2705 2706
v 6.6146674 1.5121683 -0.79812592
v 7.5283629 1.1629481 -1.005986
l 2707 2708
v 6.6326075 1.5053115 -0.80220717
v 7.5457668 1.1551687 -1.0108696
l 2709 2710
v 6.6534028 1.4973377 -0.80695903
v 7.5893542 1.1900059 -0.97883717
l 2711 2712
v 6.6554656 1.4966615 -0.80733675
v 7.5986047 1.2111543 -0.97755519
l 2713 2714
v 6.6784797 -1.4896858 -0.81149107
v 5.7353564 -1.7752435 -0.64126951
l 2715 2716
v 6.6325984 -1.5053115 -0.80220538
v 5.7189619 -1.8546856 -0.59434481
l 2717 2718
v 6.6554594 -1.4966558 -0.80733621
v 5.7189658 -1.8029282 -0.63652353
l 2719 2720
v 6.6534028 -1.4973302 -0.80695963
v 5.7403027 -1.8476274 -0.59829701
l 2721 2722
v 6.654531 -1.4969594 -0.80716687
v 5.7186555 -1.8045009 -0.63525019
l 2723 2724
v 6.535285 -1.5347024 -0.77765143
v 5.6365959 -1.8522546 -0.47513105
l 2725 2726
v 6.6146674 -1.5121683 -0.79812592
v 5.6648812 -1.7475324 -0.59194685
l 2727 2728
v 6.5924301 -1.5176789 -0.79329866
v 5.6634089 -1.7905287 -0.54335345
l 2729 2730
v 6.5380912 -1.533715 -0.77859128
v 5.6386065 -1.8502159 -0.4773365
l 2731 2732
v 6.5910497 -1.5180843 -0.79292727
v 5.6627305 -1.7920781 -0.54162902
l 2733 2734
v 6.4860902 -1.5532966 -0.76069206
v 5.6360853 -1.938685 -0.40157163
l 2735 2736
v 6.5237713 -1.5387708 -0.77377564
v 5.6318982 -1.8755576 -0.47188634
l 2737 2738
v 6.4900908 -1.5514891 -0.76237518
v 5.639176 -1.9359221 -0.40438749
l 2739 2740
v 6.6471047 -1.809607 -0.35652763
v 7.5857339 -1.9586325 -0.04545409
l 2741 2742
v 6.6220117 -1.8056413 -0.36480421
v 7.5611679 -1.9540665 -0.055037374
l 2743 2744
v 6.5614944 -1.7955333 -0.38800666
v 7.4840067 -1.9496926 -0.034162323
l 2745 2746
v 6.5860677 -1.7996397 -0.37858117
v 7.5079899 -1.9544142 -0.023469456
l 2747 2748
v 6.620811 -1.8054725 -0.36519852
v 7.5625248 -1.9378659 -0.055929875
l 2749 2750
v 6.4784093 -1.7778399 -0.42779586
v 7.3441324 -1.9824899 0.028977551
l 2751 2752
v 6.484375 -1.7792501 -0.42464823
v 7.3493651 -1.9844569 0.033262558
l 2753 2754
v 6.5319133 -1.7896438 -0.40132082
v 7.4291365 -1.9682792 0.0025107856
l 2755 2756
v 6.5092087 -1.7851416 -0.41150171
v 7.4070945 -1.9631866 -0.0088838951
l 2757 2758
v 6.6874847 1.8159698 -0.34314889
v 5.7462863 1.683224 -0.65383213
l 2759 2760
v 6.791297 1.8276807 -0.31526145
v 5.8226815 1.7324727 -0.54486877
l 2761 2762
v 6.8420334 1.8327034 -0.30315712
v 5.8738104 1.7368543 -0.53414881
l 2763 2764
v 6.7153687 1.8192635 -0.33533621
v 5.7586196 1.7062531 -0.60340291
l 2765 2766
v 6.7618284 1.8247842 -0.32224688
v 5.805534 1.7111498 -0.59166875
l 2767 2768
v 6.8440895 1.8329438 -0.30266374
v 5.8779189 1.7199588 -0.53450155
l 2769 2770
v 6.9100471 1.8394949 -0.289482
v 5.9342168 1.7422699 -0.48519248
l 2771 2772
v 6.8749518 1.8359983 -0.29652062
v 5.8987803 1.7393849 -0.49082681
l 2773 2774
v 6.8048387 1.4542378 -0.83086997
v 7.7747265 1.2345602 -0.936033
l 2775 2776
v 6.6784821 1.489694 -0.81149077
v 7.618487 1.1942092 -0.9820175
l 2777 2778
v 6.7213144 1.4762299 -0.81926101
v 7.6779398 1.2192389 -0.95645977
l 2779 2780
v 6.7964501 1.4561507 -0.82994998
v 7.7658968 1.2350879 -0.93627251
l 2781 2782
v 6.7258415 1.4750137 -0.81991029
v 7.6829715 1.2193166 -0.95600255
l 2783 2784
v 6.8913469 1.436713 -0.83977199
v 7.8739633 1.267414 -0.91594889
l 2785 2786
v 6.8790426 1.4388506 -0.83880323
v 7.8613334 1.2681946 -0.91614188
l 2787 2788
v 6.8062234 1.4539242 -0.83102012
v 7.7801439 1.2523232 -0.93511536
l 2789 2790
v 6.902844 -1.4347112 -0.84066492
v 5.9202229 -1.6039852 -0.76449263
l 2791 2792
v 6.8790421 -1.4388292 -0.83880496
v 5.9051179 -1.6404125 -0.73471004
l 2793 2794
v 6.8913512 -1.436691 -0.83977401
v 5.9090552 -1.60732 -0.76244113
l 2795 2796
v 6.8061996 -1.4539062 -0.8310194
v 5.8363432 -1.6737005 -0.72580959
l 2797 2798
v 6.8048429 -1.4542136 -0.83087224
v 5.8354135 -1.6753522 -0.72455087
l 2799 2800
v 6.7213144 -1.4762157 -0.81926215
v 5.7813426 -1.7718044 -0.64873262
l 2801 2802
v 6.7964501 -1.4561281 -0.82995176
v 5.839347 -1.7119237 -0.6938555
l 2803 2804
v 6.7258439 -1.4749984 -0.81991184
v 5.7692493 -1.7320976 -0.68270158
l 2805 2806
v 6.8749504 -1.836008 -0.2965202
v 7.8507837 -1.9332041 -0.10081022
l 2807 2808
v 6.8440895 -1.8329546 -0.30266291
v 7.820265 -1.9295352 -0.10836013
l 2809 2810
v 6.8420243 -1.8327132 -0.30315843
v 7.8082033 -1.9456498 -0.071331814
l 2811 2812
v 6.7618284 -1.8247956 -0.32224602
v 7.7304445 -1.9199942 -0.092637403
l 2813 2814
v 6.7912951 -1.8276917 -0.31526101
v 7.7595189 -1.9235339 -0.084270099
l 2815 2816
v 6.6854453 -1.8156943 -0.34382108
v 7.6266617 -1.9483933 -0.033172346
l 2817 2818
v 6.6874847 -1.8159819 -0.34314796
v 7.6442346 -1.9289837 -0.075080114
l 2819 2820
v 6.7153668 -1.819275 -0.33533579
v 7.6716625 -1.9329024 -0.065915422
l 2821 2822
v 6.9344401 1.8415111 -0.28462222
v 5.9569204 1.7607152 -0.47937114
l 2823 2824
v 6.9665775 1.8436334 -0.27943516
v 5.9814452 1.7785774 -0.43843825
l 2825 2826
v 7.0329313 1.8480589 -0.26862642
v 6.048072 1.7823729 -0.42905558
l 2827 2828
v 7.0650287 1.8496971 -0.26454192
v 6.0742973 1.7991325 -0.39061592
l 2829 2830
v 7.0663834 1.849788 -0.26436785
v 6.0767247 1.7834275 -0.3915369
l 2831 2832
v 7.1635585 1.8560216 -0.25254145
v 6.1695942 1.8028164 -0.34848035
l 2833 2834
v 7.139482 1.8547329 -0.25486535
v 6.1500496 1.7878005 -0.38348716
l 2835 2836
v 6.9692483 1.4230926 -0.84582692
v 7.9572996 1.2782949 -0.89863018
l 2837 2838
v 6.9028497 1.4347311 -0.84066373
v 7.8849563 1.2625849 -0.91703288
l 2839 2840
v 7.0875626 1.4078208 -0.8514815
v 8.0816277 1.3028822 -0.88015923
l 2841 2842
v 6.9831753 1.4210516 -0.84657121
v 7.9731253 1.2894648 -0.89837741
l 2843 2844
v 7.067121 1.4100074 -0.85086715
v 8.0610052 1.3036961 -0.88073712
l 2845 2846
v 6.9857106 1.4207146 -0.84670389
v 7.9759003 1.2904829 -0.89734142
l 2847 2848
v 7.1580825 -1.4003613 -0.85351717
v 6.1640114 -1.5052448 -0.8248436
l 2849 2850
v 7.0875664 -1.4078014 -0.85148317
v 6.0936763 -1.5140586 -0.8216186
l 2851 2852
v 6.9857154 -1.4206897 -0.84670615
v 5.995764 -1.5522522 -0.79486531
l 2853 2854
v 7.067121 -1.4099872 -0.85086882
v 6.0769247 -1.5401694 -0.80023523
l 2855 2856
v 6.9831419 -1.4210317 -0.84657139
v 5.9950957 -1.5658629 -0.79376447
l 2857 2858
v 6.9692483 -1.4230683 -0.84582883
v 5.9871505 -1.5952633 -0.76945637
l 2859 2860
v 7.0650239 -1.8497044 -0.26454195
v 8.0546887 -1.915989 -0.13738063
l 2861 2862
v 7.139482 -1.8547376 -0.25486499
v 8.1334484 -1.9079081 -0.15892848
l 2863 2864
v 7.0663819 -1.8497953 -0.26436746
v 8.0558171 -1.9166911 -0.13574821
l 2865 2866
v 7.0329313 -1.8480666 -0.26862583
v 8.0236629 -1.8986277 -0.14255239
l 2867 2868
v 6.9344401 -1.8415196 -0.28462154
v 7.9195733 -1.9065676 -0.12562037
l 2869 2870
v 6.9665761 -1.8436415 -0.27943477
v 7.951436 -1.9093191 -0.11900587
l 2871 2872
v 6.9100418 -1.8395032 -0.28948238
v 7.887562 -1.9202913 -0.094732265
l 2873 2874
v 7.1738653 1.8564054 -0.25155988
v 6.1790526 1.8193674 -0.34630067
l 2875 2876
v 7.3125682 1.8608799 -0.23998477
v 6.3150687 1.8359228 -0.30610475
l 2877 2878
v 7.2894788 1.8603022 -0.24151526
v 6.291868 1.8359622 -0.30616982
l 2879 2880
v 7.2538357 1.8594326 -0.24382527
v 6.2591861 1.8217811 -0.34002626
l 2881 2882
v 7.3755617 1.8631084 -0.23575735
v 6.3784269 1.8278331 -0.30267379
l 2883 2884
v 7.462985 1.8651468 -0.23246694
v 6.4639931 1.8416005 -0.27068656
l 2885 2886
v 7.4122314 1.8639505 -0.23440868
v 6.4131701 1.8410078 -0.2711531
l 2887 2888
v 7.1725893 1.398922 -0.85392821
v 8.1694174 1.3200032 -0.86420706
l 2889 2890
v 7.1580887 1.4003757 -0.8535161
v 8.1527031 1.3006608 -0.88178297
l 2891 2892
v 7.4052682 1.3845122 -0.85400683
v 8.40437 1.3475884 -0.83321818
l 2893 2894
v 7.1939015 1.3972347 -0.85414797
v 8.1912567 1.3252079 -0.86388995
l 2895 2896
v 7.1968794 1.3970196 -0.85417706
v 8.1943451 1.326383 -0.8626983
l 2897 2898
v 7.313066 1.3892809 -0.85474551
v 8.3116992 1.3376313 -0.84674493
l 2899 2900
v 7.2854328 1.3907486 -0.85493356
v 8.2840022 1.3377108 -0.84813798
l 2901 2902
v 7.4212036 -1.3839191 -0.85367554
v 6.4221002 -1.4207962 -0.87447214
l 2903 2904
v 7.4052682 -1.3845073 -0.85400724
v 6.4066325 -1.4361081 -0.86201192
l 2905 2906
v 7.1968827 -1.3970042 -0.85417831
v 6.1995244 -1.4689883 -0.8444502
l 2907 2908
v 7.3130684 -1.3892714 -0.85474628
v 6.3144963 -1.4422574 -0.8615456
l 2909 2910
v 7.2854328 -1.3907378 -0.85493445
v 6.2879637 -1.4613262 -0.84641689
l 2911 2912
v 7.1938701 -1.3972217 -0.85414892
v 6.1970429 -1.476151 -0.84386605
l 2913 2914
v 7.1725893 -1.3989067 -0.8539294
v 6.1779762 -1.4986361 -0.82566647
l 2915 2916
v 7.3755617 -1.863109 -0.23575731
v 8.3746239 -1.886016 -0.19901569
l 2917 2918
v 7.4122314 -1.8639498 -0.23440874
v 8.4112243 -1.887462 -0.19619169
l 2919 2920
v 7.3125653 -1.8608823 -0.23998474
v 8.3097014 -1.8961277 -0.17307102
l 2921 2922
v 7.2894778 -1.8603048 -0.2415151
v 8.2869776 -1.8852537 -0.17539544
l 2923 2924
v 7.2538357 -1.8594357 -0.24382503
v 8.2514468 -1.883763 -0.17917081
l 2925 2926
v 7.1635542 -1.8560253 -0.25254157
v 8.158367 -1.8930513 -0.15779695
l 2927 2928
v 7.1738644 -1.8564091 -0.25155964
v 8.1685143 -1.8940527 -0.15535976
l 2929 2930
v 7.6015711 1.8652477 -0.23006205
v 6.6016204 1.8676826 -0.23968608
l 2931 2932
v 7.5040321 1.8655081 -0.23094484
v 6.5047576 1.8567118 -0.26799959
l 2933 2934
v 7.5419912 1.8653928 -0.23063548
v 6.5420291 1.8684295 -0.23878507
l 2935 2936
v 7.6384268 1.8652751 -0.22969794
v 6.6384759 1.8645312 -0.2395768
l 2937 2938
v 7.8338175 1.8627472 -0.2343732
v 6.8348478 1.8825281 -0.19352942
l 2939 2940
v 7.677906 1.8648635 -0.23039772
v 6.6781174 1.8752878 -0.21267637
l 2941 2942
v 7.7777443 1.8638822 -0.23201969
v 6.7779245 1.8737096 -0.21577658
l 2943 2944
v 7.8187909 1.8630447 -0.23375882
v 6.8198948 1.8834245 -0.19143598
l 2945 2946
v 7.6015677 -1.8652447 -0.23006232
v 8.6015187 -1.8659756 -0.22018477
l 2947 2948
v 7.677907 -1.8648596 -0.23039806
v 8.6777266 -1.8550201 -0.24664207
l 2949 2950
v 7.6384268 -1.8652717 -0.22969823
v 8.6382153 -1.8548356 -0.24742065
l 2951 2952
v 7.7777443 -1.8638771 -0.23202011
v 8.7766401 -1.8434835 -0.274344
l 2953 2954
v 7.8187923 -1.863039 -0.23375934
v 8.8177618 -1.843247 -0.27460464
l 2955 2956
v 7.5419922 -1.8653901 -0.2306357
v 8.5419429 -1.862951 -0.22101173
l 2957 2958
v 7.5040321 -1.8655055 -0.23094505
v 8.5039943 -1.8624657 -0.22279605
l 2959 2960
v 7.4629827 -1.8651443 -0.23246722
v 8.4622572 -1.8739371 -0.19541281
l 2961 2962
v 7.9443841 1.8592883 -0.23948759
v 6.9470991 1.8973341 -0.17643931
l 2963 2964
v 7.9208293 1.8601869 -0.23799846
v 6.9221276 1.889573 -0.19638856
l 2965 2966
v 7.963902 1.858481 -0.24072656
v 6.9667599 1.8997241 -0.17742922
l 2967 2968
v 8.0664291 1.8543025 -0.2470829
v 7.0691701 1.8949461 -0.18525614
l 2969 2970
v 8.3105021 1.8419734 -0.26801914
v 7.316442 1.8959717 -0.17352666
l 2971 2972
v 8.1116953 1.852111 -0.25073394
v 7.1160909 1.9003128 -0.17043135
l 2973 2974
v 8.2132139 1.8472582 -0.25877121
v 7.2174632 1.8948569 -0.17993724
l 2975 2976
v 8.2281666 1.3920867 -0.81441945
v 9.2238679 1.4417464 -0.7362351
l 2977 2978
v 8.0700779 1.3857808 -0.82547295
v 9.0677043 1.416275 -0.76373395
l 2979 2980
v 8.1175652 1.3875396 -0.82226926
v 9.1142183 1.4285147 -0.75153292
l 2981 2982
v 8.0838604 1.3862021 -0.82462001
v 9.0806563 1.4257586 -0.75509821
l 2983 2984
v 8.0838604 -1.3862046 -0.82461977
v 7.0862338 -1.3557218 -0.88636023
l 2985 2986
v 8.3105021 -1.3961931 -0.80795431
v 7.3148001 -1.346545 -0.88613799
l 2987 2988
v 8.1175642 -1.3875418 -0.82226908
v 7.120768 -1.3479947 -0.89179111
l 2989 2990
v 8.2281666 -1.3920877 -0.81441939
v 7.2315129 -1.3511237 -0.88515409
l 2991 2992
v 8.2132139 -1.8472567 -0.25877133
v 9.2072749 -1.7932741 -0.35326268
l 2993 2994
v 7.9443793 -1.859283 -0.23948774
v 8.9415221 -1.818053 -0.30278405
l 2995 2996
v 8.0664291 -1.8542987 -0.2470832
v 9.0620345 -1.8061162 -0.32738484
l 2997 2998
v 8.1116962 -1.852108 -0.25073427
v 9.1074477 -1.8045229 -0.32956699
l 2999 3000
v 7.9639034 -1.8584757 -0.24072708
v 8.9611631 -1.8178466 -0.30255257
l 3001 3002
v 7.9208293 -1.8601813 -0.2379989
v 8.9181144 -1.822138 -0.30104733
l 3003 3004
v 7.8338165 -1.8627414 -0.23437364
v 8.8325183 -1.8333584 -0.27598308
l 3005 3006
v 8.3242388 1.8395146 -0.26948413
v 7.3452852 2.014794 -0.1649512
l 3007 3008
v 8.3116159 1.8417747 -0.26813626
v 7.3323919 2.0164714 -0.16517312
l 3009 3010
v 8.3598204 1.8328562 -0.27330694
v 7.3823182 2.0157776 -0.16828637
l 3011 3012
v 8.38237 1.8285123 -0.2760267
v 7.4072385 2.0163576 -0.15841396
l 3013 3014
v 8.4488792 1.8129164 -0.28427678
v 7.4823115 2.0395692 -0.16437964
l 3015 3016
v 8.5247698 1.794897 -0.29405776
v 7.5616297 2.0288471 -0.16128541
l 3017 3018
v 8.5048971 1.7997241 -0.29131824
v 7.53873 2.0272579 -0.1698709
l 3019 3020
v 8.5610962 1.7857809 -0.29908949
v 7.5998072 2.0270148 -0.16593701
l 3021 3022
v 8.3105021 1.3961931 -0.80795431
v 9.2961376 1.2383902 -0.74778066
l 3023 3024
v 8.4767456 1.3693848 -0.79727435
v 9.4620736 1.2113786 -0.73275383
l 3025 3026
v 8.3723984 1.3859636 -0.80423957
v 9.3578718 1.2293905 -0.73845882
l 3027 3028
v 8.327404 1.3934871 -0.80692244
v 9.3121287 1.2298945 -0.74730132
l 3029 3030
v 8.3398495 1.3914195 -0.80616891
v 9.324409 1.2263839 -0.74780896
l 3031 3032
v 8.4938049 -1.3667084 -0.79615229
v 7.5084274 -1.5243933 -0.86070174
l 3033 3034
v 8.3723984 -1.3859814 -0.80423808
v 7.387785 -1.5506847 -0.86262819
l 3035 3036
v 8.3398504 -1.391426 -0.80616826
v 7.3550736 -1.5546924 -0.86582221
l 3037 3038
v 8.4767599 -1.369436 -0.79726887
v 7.4912365 -1.5256803 -0.86308165
l 3039 3040
v 8.3274269 -1.3934857 -0.80692083
v 7.3417719 -1.5511616 -0.86710801
l 3041 3042
v 8.5248556 -1.7947179 -0.29408264
v 9.4860038 -1.5529388 -0.42726284
l 3043 3044
v 8.5048971 -1.7995807 -0.29133007
v 9.4678686 -1.5649576 -0.4241381
l 3045 3046
v 8.3825102 -1.8284264 -0.27604842
v 9.3489144 -1.6010979 -0.39598416
l 3047 3048
v 8.4488516 -1.8128208 -0.28428173
v 9.4148551 -1.5846138 -0.40576724
l 3049 3050
v 8.3598204 -1.832816 -0.27331024
v 9.3347964 -1.6441941 -0.39096907
l 3051 3052
v 8.3242416 -1.8395034 -0.26948527
v 9.3015916 -1.6558 -0.37455768
l 3053 3054
v 8.311615 -1.8417739 -0.26813632
v 9.2904341 -1.6657676 -0.37270649
l 3055 3056
v 8.3105021 -1.8419734 -0.26801914
v 9.2895603 -1.6664225 -0.3711055
l 3057 3058
v 8.7075262 1.7493533 -0.32018086
v 7.7482606 1.9920003 -0.17550196
l 3059 3060
v 8.5830193 1.7804081 -0.3021155
v 7.6203734 2.0163272 -0.1692429
l 3061 3062
v 8.64713 1.7646306 -0.31107175
v 7.6849155 2.0014305 -0.17665067
l 3063 3064
v 8.7140265 1.7476258 -0.32116821
v 7.7578203 2.0017408 -0.17592582
l 3065 3066
v 8.7948818 1.7259946 -0.33368117
v 7.8420189 1.9862488 -0.17773248
l 3067 3068
v 8.785326 1.7286046 -0.33211723
v 7.8295813 1.9835778 -0.18534964
l 3069 3070
v 8.785326 -1.7280065 -0.33216706
v 9.7378054 -1.4663805 -0.48816353
l 3071 3072
v 8.7077713 -1.7488137 -0.32025746
v 9.6636038 -1.4933181 -0.46553694
l 3073 3074
v 8.7139034 -1.7471746 -0.32118949
v 9.6692572 -1.4907802 -0.46802625
l 3075 3076
v 8.647131 -1.7642761 -0.31110114
v 9.605918 -1.5197995 -0.45587206
l 3077 3078
v 8.5829601 -1.7801989 -0.30212578
v 9.5447068 -1.5415596 -0.43664202
l 3079 3080
v 8.561101 -1.7856003 -0.29910493
v 9.5232819 -1.5478466 -0.43207463
l 3081 3082
v 8.8787718 1.7037809 -0.34741265
v 7.9242324 1.9570917 -0.19028779
l 3083 3084
v 8.8408184 1.7138528 -0.34116521
v 7.8857948 1.9662818 -0.18557151
l 3085 3086
v 8.9184294 1.6926105 -0.35399479
v 7.9679372 1.9603364 -0.19623751
l 3087 3088
v 9.0180025 1.6639174 -0.37153029
v 8.0708043 1.9373224 -0.20400347
l 3089 3090
v 8.9628305 1.6798426 -0.36177227
v 8.015111 1.9523669 -0.195766
l 3091 3092
v 8.9625883 -1.6788834 -0.36181587
v 9.9092291 -1.4035983 -0.52941474
l 3093 3094
v 8.8792839 -1.7027881 -0.34756869
v 9.8292258 -1.433161 -0.50540297
l 3095 3096
v 8.9184303 -1.691677 -0.35407293
v 9.8655915 -1.4172635 -0.52015419
l 3097 3098
v 8.8406343 -1.7131562 -0.34119722
v 9.7944701 -1.4572808 -0.49843924
l 3099 3100
v 8.7949047 -1.7253754 -0.33373585
v 9.7492263 -1.4703758 -0.4894455
l 3101 3102
v 9.0415926 1.6573626 -0.3756811
v 8.0916508 1.9213175 -0.20853352
l 3103 3104
v 9.0455551 1.6561868 -0.37638468
v 8.1004624 1.9366155 -0.2085767
l 3105 3106
v 9.0794983 1.6459287 -0.38269603
v 8.1370687 1.9307435 -0.20746171
l 3107 3108
v 9.1017675 1.6391734 -0.38687509
v 8.1598945 1.9248895 -0.21012264
l 3109 3110
v 9.1660032 1.6142507 -0.39938784
v 8.2487188 1.9701468 -0.22070608
l 3111 3112
v 9.1950016 1.6027914 -0.40527257
v 8.2816982 1.9648042 -0.21866177
l 3113 3114
v 9.188756 1.605267 -0.40399644
v 8.2747123 1.9661645 -0.2188557
l 3115 3116
v 9.23559 1.586037 -0.41362262
v 8.3275179 1.9608782 -0.22680947
l 3117 3118
v 9.1965313 -1.6010338 -0.40568274
v 10.105085 -1.2273528 -0.59247833
l 3119 3120
v 9.1885204 -1.6042188 -0.40404493
v 10.101438 -1.2412525 -0.59069043
l 3121 3122
v 9.1055937 -1.6366456 -0.38770834
v 10.022506 -1.279803 -0.56641007
l 3123 3124
v 9.1660042 -1.6131351 -0.39948204
v 10.079684 -1.2513251 -0.58463789
l 3125 3126
v 9.0792074 -1.6447133 -0.38275144
v 10.020438 -1.3569276 -0.55957018
l 3127 3128
v 9.0455561 -1.6549644 -0.37648746
v 9.9873411 -1.3680698 -0.55179436
l 3129 3130
v 9.0425158 -1.6558739 -0.37594712
v 9.9869778 -1.3733574 -0.54380355
l 3131 3132
v 9.0180645 -1.6627508 -0.3716377
v 9.9671521 -1.3958188 -0.53890982
l 3133 3134
v 9.3426323 1.5420173 -0.43612614
v 8.4364372 1.9177697 -0.24216574
l 3135 3136
v 9.2792597 1.5682747 -0.42258418
v 8.3692475 1.938415 -0.2358385
l 3137 3138
v 9.2916393 1.5631615 -0.4252117
v 8.3846624 1.9377759 -0.23271011
l 3139 3140
v 9.3849897 1.5237224 -0.44525424
v 8.4844154 1.9126964 -0.25117911
l 3141 3142
v 9.4528198 1.4939232 -0.46042293
v 8.5559541 1.8880646 -0.25971303
l 3143 3144
v 9.3884735 1.522197 -0.44602743
v 8.4908011 1.9152512 -0.24679724
l 3145 3146
v 9.4291039 1.5043455 -0.45511553
v 8.5321875 1.8984175 -0.25449539
l 3147 3148
v 9.4271173 -1.5043463 -0.45474553
v 10.324871 -1.1122284 -0.65544711
l 3149 3150
v 9.3448505 -1.5399691 -0.43669686
v 10.246282 -1.1529802 -0.63075884
l 3151 3152
v 9.388299 -1.5212976 -0.44607154
v 10.2861 -1.1292429 -0.64668599
l 3153 3154
v 9.3849897 -1.5227371 -0.4453381
v 10.283611 -1.1318238 -0.64450126
l 3155 3156
v 9.2914267 -1.5621494 -0.42525971
v 10.197452 -1.1859895 -0.61922432
l 3157 3158
v 9.2792606 -1.5671811 -0.42267689
v 10.18606 -1.1921411 -0.6151882
l 3159 3160
v 9.2357311 -1.5849112 -0.4137421
v 10.145561 -1.214326 -0.60049234
l 3161 3162
v 9.4875202 1.4788948 -0.46820605
v 8.5915886 1.8720913 -0.26155884
l 3163 3164
v 9.4788103 1.482694 -0.46622279
v 8.5795005 1.8712397 -0.26553893
l 3165 3166
v 9.4830351 1.4808632 -0.46717155
v 8.5843654 1.8703037 -0.26535757
l 3167 3168
v 9.5513697 1.4497422 -0.4830313
v 8.6613396 1.8561156 -0.2763745
l 3169 3170
v 9.5624094 1.4432747 -0.48571688
v 8.7179727 1.9379753 -0.2802953
l 3171 3172
v 9.6239977 1.4067367 -0.50107813
v 8.7836649 1.9062915 -0.29063614
l 3173 3174
v 9.5733929 1.4368199 -0.48840532
v 8.72983 1.9325696 -0.28192533
l 3175 3176
v 9.6386547 1.3979218 -0.5047574
v 8.8008621 1.9017816 -0.2944507
l 3177 3178
v 9.674264 1.3763304 -0.51384103
v 8.8402658 1.8845542 -0.29900232
l 3179 3180
v 9.6561966 1.3873403 -0.50918686
v 8.8192596 1.8921916 -0.2978539
l 3181 3182
v 9.6561966 -1.3886099 -0.50907737
v 10.492336 -0.88397362 -0.72405025
l 3183 3184
v 9.6291246 -1.4047651 -0.50226945
v 10.469023 -0.90447644 -0.7127031
l 3185 3186
v 9.6388292 -1.3989846 -0.5047009
v 10.477908 -0.89774765 -0.71614375
l 3187 3188
v 9.5733929 -1.4376987 -0.48832968
v 10.41502 -0.94035592 -0.69883946
l 3189 3190
v 9.5612688 -1.4447784 -0.4853678
v 10.407017 -0.95234637 -0.69084391
l 3191 3192
v 9.5625458 -1.4440349 -0.48567805
v 10.407405 -0.95051936 -0.69220863
l 3193 3194
v 9.4906578 -1.4767301 -0.46899739
v 10.382056 -1.0733698 -0.67565877
l 3195 3196
v 9.4830351 -1.4800715 -0.4672395
v 10.379136 -1.0872636 -0.67389109
l 3197 3198
v 9.4786673 -1.4819623 -0.46625879
v 10.37749 -1.0928733 -0.66807067
l 3199 3200
v 9.4530678 -1.4930117 -0.460547
v 10.352516 -1.104787 -0.66123316
l 3201 3202
v 9.7544804 1.3272469 -0.53467429
v 8.9239389 1.8393661 -0.315734
l 3203 3204
v 9.70924 1.3550191 -0.52285039
v 8.8752147 1.8632003 -0.30801639
l 3205 3206
v 9.731679 1.3413064 -0.52866358
v 8.8985098 1.8504624 -0.31281783
l 3207 3208
v 9.774332 1.3149052 -0.53991604
v 8.9456549 1.8300915 -0.32110741
l 3209 3210
v 9.8572531 1.2628828 -0.56219786
v 9.0326345 1.7825497 -0.33870175
l 3211 3212
v 9.8001595 1.2988018 -0.54677385
v 8.9723425 1.8149456 -0.32696807
l 3213 3214
v 9.8340797 1.2774864 -0.5559172
v 9.0086025 1.7962121 -0.33340644
l 3215 3216
v 9.8620205 1.2589929 -0.56356657
v 9.1056979 1.8761054 -0.34643018
l 3217 3218
v 9.8818474 1.2426986 -0.5693326
v 9.1280653 1.8621804 -0.35011851
l 3219 3220
v 9.8881273 1.2376665 -0.57114774
v 9.1268749 1.8476511 -0.35111716
l 3221 3222
v 9.9056082 1.2236177 -0.57622707
v 9.1453908 1.8345807 -0.35533425
l 3223 3224
v 9.8935137 -1.2399169 -0.57214147
v 10.650708 -0.62509266 -0.79270514
l 3225 3226
v 9.8888083 -1.2438087 -0.57076466
v 10.640519 -0.62207462 -0.79071499
l 3227 3228
v 9.8796091 -1.2513949 -0.56808728
v 10.632369 -0.63062724 -0.78717571
l 3229 3230
v 9.7620859 -1.3243434 -0.53652495
v 10.593398 -0.81349583 -0.7555118
l 3231 3232
v 9.7745724 -1.3166704 -0.53981417
v 10.60503 -0.80486203 -0.75979792
l 3233 3234
v 9.8620195 -1.262427 -0.56326878
v 10.68725 -0.74484601 -0.78933294
l 3235 3236
v 9.8001595 -1.3009012 -0.54659206
v 10.628284 -0.78649942 -0.76930265
l 3237 3238
v 9.8343477 -1.2796646 -0.55578643
v 10.661625 -0.76432672 -0.77947908
l 3239 3240
v 9.731678 -1.3429502 -0.52852154
v 10.563942 -0.83368309 -0.74757476
l 3241 3242
v 9.7094517 -1.3564296 -0.52277225
v 10.544322 -0.85011515 -0.73872818
l 3243 3244
v 9.6748037 -1.3773799 -0.5138613
v 10.510531 -0.87204669 -0.72879842
l 3245 3246
v 10.002319 1.1440638 -0.60491586
v 9.2521029 1.7656396 -0.37948541
l 3247 3248
v 9.9817181 1.1611326 -0.59872544
v 9.2304964 1.7817947 -0.37412682
l 3249 3250
v 9.9176836 1.2137804 -0.57974726
v 9.1614608 1.8298389 -0.3592955
l 3251 3252
v 9.9675951 1.172801 -0.59450299
v 9.2145382 1.7917843 -0.37142217
l 3253 3254
v 9.9371338 1.197839 -0.58547932
v 9.1830545 1.8158827 -0.3632487
l 3255 3256
v 10.012208 1.1361154 -0.60786617
v 9.2530388 1.7463282 -0.38136555
l 3257 3258
v 10.095235 1.068682 -0.63309616
v 9.342982 1.685265 -0.40084411
l 3259 3260
v 10.022178 1.1280674 -0.61086351
v 9.2645239 1.739684 -0.38307906
l 3261 3262
v 10.051974 1.1039443 -0.61986709
v 9.2953411 1.7165081 -0.39123673
l 3263 3264
v 10.091666 1.071607 -0.63199437
v 9.3383671 1.6872252 -0.40057568
l 3265 3266
v 10.058751 1.0984378 -0.62192804
v 9.303411 1.7121914 -0.39221553
l 3267 3268
v 10.087331 1.07515 -0.6306625
v 9.3329864 1.6898169 -0.40012152
l 3269 3270
v 10.118697 1.0422765 -0.64096564
v 9.4703735 1.7719272 -0.42351158
l 3271 3272
v 10.11971 1.0411348 -0.64130646
v 9.4720369 1.7712155 -0.42335716
l 3273 3274
v 10.120787 1.0399983 -0.64166236
v 9.4501607 1.7478978 -0.41998899
l 3275 3276
v 10.153747 1.0050908 -0.65262115
v 9.4859184 1.7150865 -0.42921198
l 3277 3278
v 10.146469 1.0128263 -0.65018737
v 9.4767509 1.7213866 -0.42788158
l 3279 3280
v 10.146961 1.0123047 -0.65035123
v 9.4780063 1.7214488 -0.42760933
l 3281 3282
v 10.147471 -1.0227439 -0.64956176
v 10.800628 -0.29852182 -0.87066893
l 3283 3284
v 10.137139 -1.0341477 -0.64608991
v 10.792159 -0.31128718 -0.86613881
l 3285 3286
v 10.146468 -1.0238527 -0.64922386
v 10.800915 -0.3005858 -0.86964103
l 3287 3288
v 10.124195 -1.0491941 -0.64167523
v 10.760803 -0.30920095 -0.85879297
l 3289 3290
v 10.016084 -1.1385045 -0.60855097
v 10.769568 -0.52157866 -0.83584707
l 3291 3292
v 10.022583 -1.1331831 -0.61051154
v 10.775052 -0.5153246 -0.83863845
l 3293 3294
v 10.121424 -1.0515101 -0.64080906
v 10.867598 -0.42794324 -0.87402075
l 3295 3296
v 10.118697 -1.053782 -0.63996106
v 10.865918 -0.43116354 -0.87235671
l 3297 3298
v 10.051974 -1.1090497 -0.61942214
v 10.80313 -0.48999073 -0.84861812
l 3299 3300
v 10.059086 -1.1031888 -0.62159204
v 10.809234 -0.48321497 -0.8516127
l 3301 3302
v 10.091942 -1.0760226 -0.63167423
v 10.84002 -0.45417513 -0.86337382
l 3303 3304
v 10.087331 -1.0798452 -0.6302529
v 10.836385 -0.4588737 -0.86114677
l 3305 3306
v 10.012208 -1.1417521 -0.60737538
v 10.75878 -0.51617185 -0.83382474
l 3307 3308
v 9.9066238 -1.2292718 -0.57596034
v 10.660805 -0.61063815 -0.79619537
l 3309 3310
v 9.9822197 -1.1667727 -0.59834886
v 10.730337 -0.54258391 -0.82353361
l 3311 3312
v 9.9675951 -1.1789397 -0.59396917
v 10.716742 -0.55568495 -0.81831926
l 3313 3314
v 9.9176826 -1.2202005 -0.57918972
v 10.669733 -0.59960411 -0.80118136
l 3315 3316
v 9.9377136 -1.2036709 -0.5851025
v 10.688715 -0.58211045 -0.80794566
l 3317 3318
v 10.156365 1.002244 -0.65350276
v 9.4962782 1.7198123 -0.43128524
l 3319 3320
v 10.170276 0.98712325 -0.65818483
v 9.5101632 1.7046777 -0.43599764
l 3321 3322
v 10.171016 0.98631746 -0.65843463
v 9.5115643 1.7043526 -0.43583789
l 3323 3324
v 10.192677 0.96266973 -0.66577727
v 9.5349484 1.6819769 -0.44219357
l 3325 3326
v 10.191046 0.96445423 -0.66522259
v 9.5325619 1.6832043 -0.44206958
l 3327 3328
v 10.155074 -1.0143141 -0.65213543
v 10.802575 -0.28475856 -0.87234204
l 3329 3330
v 10.165789 -1.0022417 -0.6557793
v 10.813359 -0.27274316 -0.87597045
l 3331 3332
v 10.170743 -0.99666059 -0.65746391
v 10.817032 -0.26619531 -0.87821357
l 3333 3334
v 10.171016 -0.99635231 -0.65755707
v 10.816887 -0.26563162 -0.87868506
l 3335 3336
v 10.191426 -0.9732604 -0.66454506
v 10.836464 -0.24193957 -0.88612298
l 3337 3338
v 20.908863 -0.10976759 2.5235515
v 19.932414 0.094466615 2.593091
l 3339 3340
v 21.000114 -0.1247144 2.5177455
v 20.011753 0.015399387 2.5769873
l 3341 3342
v 20.913269 -0.11068891 2.5232377
v 19.936809 0.093494822 2.5927735
l 3343 3344
v 20.968969 -0.12029915 2.5196123
v 19.985552 0.049381725 2.5836378
l 3345 3346
v 20.963799 -0.11940697 2.519949
v 19.980379 0.050266448 2.5839555
l 3347 3348
v 20.893751 -0.10660678 2.5246277
v 19.917732 0.098252609 2.5982444
l 3349 3350
v 20.821533 -0.089504063 2.5304189
v 21.78728 -0.33614764 2.4498017
l 3351 3352
v 20.748949 -0.064363092 2.5351117
v 19.854371 0.37875103 2.5932431
l 3353 3354
v 20.80686 -0.084893748 2.5317965
v 19.851399 0.20559932 2.5838418
l 3355 3356
v 20.78389 -0.077910013 2.5330477
v 19.850554 0.27690091 2.5877605
l 3357 3358
v 20.751205 -0.065481015 2.534965
v 19.856667 0.3777148 2.5930949
l 3359 3360
v 20.781124 -0.07685864 2.5332098
v 19.847831 0.27805877 2.5879633
l 3361 3362
v 20.735788 -0.057844162 2.5359669
v 19.841701 0.38595756 2.5963575
l 3363 3364
v 20.687616 -0.019165859 2.5400827
v 20.456417 0.95152739 2.605669
l 3365 3366
v 20.701017 -0.035296377 2.538624
v 20.06353 0.73203321 2.6080119
l 3367 3368
v 20.723854 -0.051920298 2.536773
v 19.907219 0.5215724 2.6016821
l 3369 3370
v 20.702188 -0.036705554 2.5384965
v 20.064579 0.73051764 2.607943
l 3371 3372
v 20.722099 -0.050687995 2.5369124
v 19.905464 0.52279731 2.6018819
l 3373 3374
v 20.723854 0.051920298 2.536773
v 21.617942 0.49572202 2.4763824
l 3375 3376
v 20.702188 0.036705554 2.5384965
v 21.518824 0.61019086 2.4735271
l 3377 3378
v 20.722099 0.050687995 2.5369124
v 21.538734 0.62418069 2.4720033
l 3379 3380
v 20.702188 0.036705554 2.5384965
v 20.064691 -0.73061548 2.607889
l 3381 3382
v 20.687248 0.017620308 2.5401871
v 20.918447 0.98831356 2.4746008
l 3383 3384
v 20.683043 9.3873646e-19 2.5413785
v 20.914705 0.97058008 2.4757538
l 3385 3386
v 20.735788 0.057844162 2.5359669
v 21.630367 0.50095829 2.4778355
l 3387 3388
v 20.748949 0.064363092 2.5351117
v 21.643487 0.50755891 2.4769818
l 3389 3390
v 20.78389 0.077910013 2.5330477
v 21.73935 0.36840308 2.4810023
l 3391 3392
v 20.751205 0.065481015 2.534965
v 21.684498 0.42039842 2.4802116
l 3393 3394
v 20.781124 0.07685864 2.5332098
v 21.71446 0.43166956 2.478497
l 3395 3396
v 20.80686 0.084893748 2.5317965
v 21.757065 0.38347437 2.4425814
l 3397 3398
v 20.818333 0.088498786 2.5307193
v 21.768576 0.38696718 2.4415278
l 3399 3400
v 20.864275 0.10041995 2.5268509
v 21.840294 0.30527934 2.4532343
l 3401 3402
v 20.821533 0.089504063 2.5304189
v 21.78728 0.33614894 2.4498022
l 3403 3404
v 20.860525 0.099462323 2.527164
v 21.826275 0.34609231 2.4465415
l 3405 3406
v 20.968969 0.12029915 2.5196123
v 21.957331 0.26041294 2.4603705
l 3407 3408
v 20.913269 0.11068891 2.5232377
v 19.936818 -0.093533904 2.5927764
l 3409 3410
v 20.968969 0.12029915 2.5196123
v 19.98555 -0.049374956 2.5836206
l 3411 3412
v 21.171963 -0.14359905 2.5095251
v 20.177055 -0.052930949 2.5535414
l 3413 3414
v 21.592371 -0.16094206 2.4944024
v 20.592828 -0.15636375 2.5242706
l 3415 3416
v 21.180557 -0.14438218 2.5091448
v 20.185648 -0.053726257 2.5531661
l 3417 3418
v 21.256538 -0.14972316 2.5060456
v 20.259825 -0.079660678 2.5467006
l 3419 3420
v 21.572113 -0.16084927 2.4950078
v 20.57281 -0.14203225 2.5272494
l 3421 3422
v 21.360802 -0.15528578 2.5020857
v 22.359606 -0.18962194 2.467297
l 3423 3424
v 21.555716 -0.16054051 2.4955368
v 20.556412 -0.14172395 2.5277636
l 3425 3426
v 21.266705 -0.15043771 2.505631
v 20.26999 -0.080381064 2.5462803
l 3427 3428
v 21.348814 -0.15466821 2.5025373
v 20.350845 -0.10325017 2.5401387
l 3429 3430
v 21.360802 -0.15528578 2.5020857
v 20.362832 -0.10387386 2.5396783
l 3431 3432
v 21.025734 -0.1283237 2.516386
v 20.036877 0.010987724 2.5688583
l 3433 3434
v 21.161438 -0.14263991 2.5099907
v 20.166555 -0.051934179 2.554484
l 3435 3436
v 21.102343 -0.13725205 2.5126336
v 20.109982 -0.02371321 2.5608951
l 3437 3438
v 21.03186 -0.12918663 2.5160611
v 20.042998 0.010098206 2.5685136
l 3439 3440
v 21.095087 -0.13642192 2.5129864
v 20.102729 -0.022862294 2.5612437
l 3441 3442
v 21.000114 0.1247144 2.5177455
v 21.988972 0.26402583 2.4652732
l 3443 3444
v 21.025734 0.1283237 2.516386
v 22.014596 0.26760854 2.4639335
l 3445 3446
v 21.102343 0.13725205 2.5126336
v 22.097226 0.22795777 2.4681403
l 3447 3448
v 21.03186 0.12918663 2.5160611
v 22.024219 0.24274626 2.4678037
l 3449 3450
v 21.095087 0.13642192 2.5129864
v 22.087448 0.24996076 2.4647249
l 3451 3452
v 21.572113 0.16084927 2.4950078
v 22.571656 0.16542758 2.4651396
l 3453 3454
v 21.161438 0.14263991 2.5099907
v 22.156346 0.233308 2.4659744
l 3455 3456
v 21.171963 0.14359905 2.5095251
v 22.166872 0.23425497 2.4655038
l 3457 3458
v 21.572113 0.16084927 2.4950078
v 20.57281 0.14203265 2.5272367
l 3459 3460
v 21.448652 0.15830585 2.4990258
v 22.447457 0.19264082 2.4642369
l 3461 3462
v 21.360802 0.15528578 2.5020857
v 22.359606 0.18962213 2.467297
l 3463 3464
v 21.889261 0.70371014 1.8196193
v 21.296976 0.66976287 1.0146064
l 3465 3466
v 21.905096 0.69757658 1.7579776
v 22.819973 0.61641049 1.3624875
l 3467 3468
v 21.891897 0.69874752 1.7636836
v 22.806768 0.61758496 1.3681788
l 3469 3470
v 21.870001 0.70248783 1.7934426
v 22.459602 0.60176423 0.99205331
l 3471 3472
v 21.875608 0.70152986 1.7858207
v 22.465255 0.60081008 0.9844641
l 3473 3474
v 22.315336 0.66432792 1.6964844
v 23.313166 0.60435181 1.6693008
l 3475 3476
v 21.941141 0.69437873 1.7423958
v 22.850906 0.56169208 1.349049
l 3477 3478
v 21.962769 0.69204807 1.7369363
v 22.930205 0.59041515 1.5051219
l 3479 3480
v 21.942579 0.69416898 1.741774
v 22.910016 0.59253838 1.5099626
l 3481 3482
v 22.263519 0.66744238 1.697896
v 23.261349 0.60746773 1.6707139
l 3483 3484
v 22.163752 0.67448419 1.7055519
v 23.15836 0.60428263 1.6292287
l 3485 3486
v 22.018351 0.68620896 1.7236179
v 23.004948 0.60289809 1.5833119
l 3487 3488
v 22.123869 0.6772992 1.7086123
v 23.118478 0.60709747 1.6322894
l 3489 3490
v 22.047419 0.68375438 1.7194841
v 23.034017 0.60044971 1.579183
l 3491 3492
v 21.942579 -0.69416898 1.741774
v 21.032814 -0.82685564 2.1351207
l 3493 3494
v 22.353638 -0.66202575 1.695441
v 21.355808 -0.72200186 1.7226247
l 3495 3496
v 22.163752 -0.67448419 1.7055519
v 21.169143 -0.74468592 1.7818748
l 3497 3498
v 22.263519 -0.66744238 1.697896
v 21.268911 -0.73764395 1.7742192
l 3499 3500
v 22.315336 -0.66432792 1.6964844
v 21.317506 -0.72430257 1.7236666
l 3501 3502
v 21.962769 -0.69204807 1.7369363
v 20.995331 -0.79367868 1.9687477
l 3503 3504
v 22.018351 -0.68620896 1.7236179
v 21.050914 -0.78784189 1.9554324
l 3505 3506
v 22.047419 -0.68375438 1.7194841
v 21.060822 -0.76706526 1.8597901
l 3507 3508
v 22.123869 -0.6772992 1.7086123
v 21.137271 -0.76060388 1.8489134
l 3509 3510
v 21.941141 -0.69437873 1.7423958
v 21.026264 -0.77554483 2.1378859
l 3511 3512
v 21.905096 -0.69757658 1.7579776
v 20.990225 -0.77873914 2.1534824
l 3513 3514
v 21.875576 -0.70287794 1.8010201
v 22.467793 -0.7443014 2.6057335
l 3515 3516
v 21.870001 -0.70248783 1.7934426
v 22.462121 -0.74392029 2.5982264
l 3517 3518
v 21.891897 -0.69874752 1.7636836
v 21.302251 -0.7994673 2.5650402
l 3519 3520
v 21.875608 -0.70152986 1.7858207
v 21.286007 -0.80225345 2.58721
l 3521 3522
v 21.879362 -0.70314276 1.8061647
v 22.471647 -0.73709004 2.6111777
l 3523 3524
v 21.904816 -0.70250487 1.828782
v 22.820855 -0.63867102 2.2247587
l 3525 3526
v 21.889261 -0.70371014 1.8196193
v 22.48063 -0.63523944 2.6231088
l 3527 3528
v 21.891893 -0.70340538 1.8231956
v 22.807921 -0.63957079 2.2191999
l 3529 3530
v 22.312086 -0.67982668 1.890255
v 23.310493 -0.63037834 1.9174154
l 3531 3532
v 22.221304 -0.68442607 1.8857093
v 23.217039 -0.63265726 1.9620682
l 3533 3534
v 22.263262 -0.68224466 1.8889269
v 23.261669 -0.63279939 1.9160854
l 3535 3536
v 22.01829 -0.69535881 1.8632392
v 21.047441 -0.75338148 1.6306732
l 3537 3538
v 21.94256 -0.69988477 1.8450983
v 22.913409 -0.64186298 2.077663
l 3539 3540
v 21.962189 -0.69871169 1.8498002
v 22.933037 -0.64068872 2.0823666
l 3541 3542
v 21.933105 -0.70053351 1.8410108
v 22.849186 -0.63767658 2.2370487
l 3543 3544
v 22.046183 -0.69381648 1.867204
v 23.03475 -0.63915279 2.0077235
l 3545 3546
v 22.01829 -0.69535881 1.8632392
v 23.006858 -0.64069655 2.0037564
l 3547 3548
v 21.907589 -0.15844463 2.4836061
v 20.908266 -0.17842557 2.5145107
l 3549 3550
v 21.669184 -0.16131125 2.4915118
v 20.669912 -0.15650103 2.5293701
l 3551 3552
v 21.687925 -0.16140147 2.490802
v 20.688653 -0.15659153 2.5286459
l 3553 3554
v 21.809864 -0.16039859 2.4866283
v 20.810483 -0.16861759 2.5208312
l 3555 3556
v 21.78854 -0.16057396 2.4873581
v 20.789159 -0.16879339 2.5215661
l 3557 3558
v 21.604988 -0.16100223 2.4939439
v 20.605659 -0.15623573 2.5302702
l 3559 3560
v 21.907589 -0.15844463 2.4836061
v 22.90687 -0.13848116 2.4513869
l 3561 3562
v 22.237017 -0.14675771 2.4738367
v 21.238573 -0.19533084 2.5012528
l 3563 3564
v 22.201626 -0.14847943 2.4748085
v 21.202847 -0.1885863 2.5036482
l 3565 3566
v 21.937019 -0.15785667 2.4826572
v 22.936088 -0.12725624 2.4522213
l 3567 3568
v 22.172338 -0.14965549 2.4756541
v 21.173559 -0.18976096 2.504494
l 3569 3570
v 21.593641 -0.16094811 2.4943564
v 20.594308 -0.15618871 2.530556
l 3571 3572
v 21.592371 0.16094206 2.4944024
v 22.591704 0.16570146 2.4582028
l 3573 3574
v 22.201626 0.14847943 2.4748085
v 23.200069 0.099906299 2.4473923
l 3575 3576
v 21.907589 0.15844463 2.4836061
v 22.906871 0.1384833 2.4513996
l 3577 3578
v 22.068029 0.15384397 2.4786661
v 21.068961 0.18444441 2.509102
l 3579 3580
v 21.913004 0.15833646 2.4834316
v 22.912285 0.13837251 2.4512095
l 3581 3582
v 22.172338 0.14965549 2.4756541
v 23.171118 0.10954862 2.4468144
l 3583 3584
v 22.068029 0.15384397 2.4786661
v 23.066809 0.1137385 2.4498262
l 3585 3586
v 21.593641 0.16094811 2.4943564
v 22.59297 0.16571462 2.4580302
l 3587 3588
v 21.604988 0.16100223 2.4939439
v 22.60426 0.16581245 2.4560856
l 3589 3590
v 21.809864 0.16039859 2.4866283
v 22.809187 0.14041765 2.4557237
l 3591 3592
v 21.669184 0.16131125 2.4915118
v 22.668456 0.16612119 2.4536679
l 3593 3594
v 21.78854 0.16057396 2.4873581
v 22.787921 0.15235496 2.4531552
l 3595 3596
v 21.687925 0.16140147 2.490802
v 22.687306 0.15318204 2.456594
l 3597 3598
v 22.046183 0.69381648 1.867204
v 21.057615 0.74847874 1.7266867
l 3599 3600
v 22.123732 0.68952835 1.8782271
v 21.135164 0.74419204 1.7377076
l 3601 3602
v 21.94256 0.69988477 1.8450983
v 22.913409 0.6418621 2.0776642
l 3603 3604
v 21.962189 0.69871169 1.8498002
v 20.99134 0.75673349 1.6172355
l 3605 3606
v 22.01829 0.69535881 1.8632392
v 21.047441 0.75338179 1.6306728
l 3607 3608
v 21.94256 0.69988477 1.8450983
v 21.02648 0.7627417 1.4490603
l 3609 3610
v 21.933105 0.70053351 1.8410108
v 21.017066 0.76436736 1.445034
l 3611 3612
v 21.891893 0.70340538 1.8231956
v 21.300525 0.77187608 1.0197061
l 3613 3614
v 21.904816 0.70250487 1.828782
v 20.988789 0.76633946 1.4327777
l 3615 3616
v 22.263262 0.68224466 1.8889269
v 21.267526 0.73401347 1.8125679
l 3617 3618
v 22.358606 0.67752266 1.8915205
v 21.360199 0.72697099 1.8643601
l 3619 3620
v 22.312086 0.67982668 1.890255
v 21.313679 0.72927194 1.8630965
l 3621 3622
v 22.501945 0.65061486 1.6938413
v 23.499283 0.57854531 1.7049741
l 3623 3624
v 22.353638 0.66202575 1.695441
v 23.350047 0.58185145 1.6682215
l 3625 3626
v 22.438231 0.65521914 1.6931301
v 23.435568 0.58314785 1.7042627
l 3627 3628
v 22.715483 0.63561022 1.6983591
v 23.71248 0.56954035 1.7387416
l 3629 3630
v 22.642746 0.64043039 1.695413
v 23.639743 0.57436068 1.7357955
l 3631 3632
v 22.639839 0.64065039 1.6953806
v 23.636926 0.56518603 1.7065029
l 3633 3634
v 22.642746 -0.64043039 1.695413
v 21.64566 -0.71589476 1.6842906
l 3635 3636
v 22.642746 -0.64043039 1.695413
v 23.639743 -0.57436058 1.7357955
l 3637 3638
v 22.438231 -0.65521914 1.6931301
v 21.441821 -0.73539344 1.7203496
l 3639 3640
v 22.639839 -0.64065039 1.6953806
v 21.642502 -0.71271994 1.6842478
l 3641 3642
v 22.501945 -0.65061486 1.6938413
v 21.504608 -0.72268614 1.6827088
l 3643 3644
v 22.710896 -0.65212172 1.8886193
v 23.707696 -0.58312518 1.8482624
l 3645 3646
v 22.696068 -0.65314811 1.8892196
v 23.692868 -0.5841485 1.8488617
l 3647 3648
v 22.642183 -0.65694886 1.8914009
v 23.638893 -0.58664586 1.8510533
l 3649 3650
v 22.437819 -0.67166531 1.8936824
v 23.435174 -0.59984295 1.8825475
l 3651 3652
v 22.497763 -0.66734856 1.8930131
v 23.495118 -0.5955292 1.8818795
l 3653 3654
v 22.358606 -0.67752266 1.8915205
v 23.355514 -0.60380625 1.9187281
l 3655 3656
v 22.335201 -0.14197136 2.4691305
v 21.337538 -0.19061822 2.5170951
l 3657 3658
v 22.798962 -0.11201981 2.4480491
v 21.802667 -0.18612727 2.4917062
l 3659 3660
v 22.366947 -0.14018184 2.4676437
v 21.369622 -0.19640132 2.5143522
l 3661 3662
v 22.599262 -0.12620047 2.4569123
v 21.602285 -0.18913163 2.5024738
l 3663 3664
v 22.501009 -0.13240241 2.4614024
v 21.504032 -0.19533579 2.5069723
l 3665 3666
v 22.46809 -0.13448039 2.4629071
v 21.470765 -0.1906999 2.5096132
l 3667 3668
v 22.761381 -0.11481517 2.4496958
v 21.765086 -0.18891829 2.49335
l 3669 3670
v 22.304186 -0.14348337 2.4706175
v 21.306514 -0.19211746 2.5184316
l 3671 3672
v 22.332325 -0.14211161 2.4692688
v 21.334654 -0.19074718 2.5170881
l 3673 3674
v 22.304186 0.14348337 2.4706175
v 23.301857 0.094847806 2.4227982
l 3675 3676
v 22.237017 0.14675771 2.4738367
v 23.234688 0.098123618 2.4260226
l 3677 3678
v 22.761381 0.11481517 2.4496958
v 23.757675 0.040707712 2.4060387
l 3679 3680
v 22.332325 0.14211161 2.4692688
v 23.329989 0.093464758 2.4213042
l 3681 3682
v 22.727335 0.11734748 2.4511876
v 23.72363 0.043244357 2.4075334
l 3683 3684
v 22.632961 0.12387108 2.455406
v 23.62959 0.054978895 2.4108584
l 3685 3686
v 22.46809 0.13448039 2.4629071
v 23.465067 0.071547002 2.4173372
l 3687 3688
v 22.501009 0.13240241 2.4614024
v 23.497986 0.069471241 2.4158409
l 3689 3690
v 22.599262 0.12620047 2.4569123
v 23.595891 0.057310228 2.4123635
l 3691 3692
v 22.696068 0.65314811 1.8892196
v 21.699358 0.72345112 1.9295673
l 3693 3694
v 22.497763 0.66734856 1.8930131
v 21.500407 0.73917093 1.904148
l 3695 3696
v 22.642183 0.65694886 1.8914009
v 21.644828 0.72876823 1.9025345
l 3697 3698
v 22.437819 0.67166531 1.8936824
v 21.44091 0.74538172 1.8664747
l 3699 3700
v 22.710896 0.65212172 1.8886193
v 21.714096 0.72112134 1.9289773
l 3701 3702
v 22.839243 0.64323777 1.883423
v 21.842443 0.71223431 1.9237799
l 3703 3704
v 23.123308 0.59398872 1.7208896
v 24.113715 0.47876097 1.7971535
l 3705 3706
v 22.914545 0.6184116 1.7074676
v 23.905857 0.50192664 1.7685637
l 3707 3708
v 23.087183 0.5981257 1.7181075
v 24.077794 0.48468299 1.7943973
l 3709 3710
v 23.007347 0.60750681 1.7131871
v 23.998659 0.49102275 1.7742826
l 3711 3712
v 22.864664 0.6241827 1.7043927
v 23.85618 0.50946684 1.7655141
l 3713 3714
v 22.840025 0.62720072 1.7034026
v 23.831818 0.50571701 1.7432542
l 3715 3716
v 22.837164 0.62754655 1.7032877
v 23.829149 0.50764032 1.7431325
l 3717 3718
v 22.840025 -0.62720072 1.7034026
v 21.84804 -0.74710695 1.6635579
l 3719 3720
v 22.864664 -0.6241827 1.7043927
v 21.872871 -0.74566642 1.6645411
l 3721 3722
v 22.914545 -0.6184116 1.7074676
v 21.923029 -0.73312746 1.6463461
l 3723 3724
v 23.123308 -0.59398872 1.7208896
v 22.132697 -0.70743142 1.6445997
l 3725 3726
v 23.007347 -0.60750681 1.7131871
v 22.016036 -0.72399177 1.6520909
l 3727 3728
v 23.087183 -0.5981257 1.7181075
v 22.095871 -0.71460976 1.657012
l 3729 3730
v 23.139345 -0.59212291 1.7221245
v 22.148938 -0.70735066 1.6458606
l 3731 3732
v 23.086397 -0.61279535 1.8687292
v 24.076236 -0.49273589 1.7925458
l 3733 3734
v 22.97654 -0.62622464 1.8754965
v 23.9673 -0.5051122 1.8144637
l 3735 3736
v 23.010122 -0.62211943 1.8734277
v 24.000883 -0.50100581 1.8123971
l 3737 3738
v 22.863964 -0.64014959 1.8824298
v 23.854552 -0.51761948 1.8214213
l 3739 3740
v 22.839243 -0.64323777 1.883423
v 23.830743 -0.51937915 1.843591
l 3741 3742
v 23.07267 -0.089740962 2.4168313
v 22.082532 -0.17381256 2.5288937
l 3743 3744
v 23.07267 -0.089740962 2.4168313
v 24.062551 -0.0018514359 2.3054247
l 3745 3746
v 22.849323 -0.1082072 2.442256
v 21.858672 -0.18320427 2.5562105
l 3747 3748
v 23.047056 -0.091915801 2.4197302
v 22.056954 -0.17599081 2.5321095
l 3749 3750
v 22.9937 -0.096446566 2.4257863
v 22.003598 -0.18052534 2.5381646
l 3751 3752
v 22.798962 0.11201981 2.4480491
v 23.789613 0.03702274 2.3340945
l 3753 3754
v 22.849323 0.1082072 2.442256
v 23.839696 0.028426338 2.329131
l 3755 3756
v 22.9937 0.096446566 2.4257863
v 23.983802 0.012371561 2.313407
l 3757 3758
v 22.881008 0.10565478 2.4386368
v 23.871381 0.025872041 2.3255134
l 3759 3760
v 22.963903 0.098976873 2.4291682
v 23.954005 0.014898104 2.3167899
l 3761 3762
v 23.139345 0.083821006 2.4093273
v 22.149464 0.17171053 2.5207338
l 3763 3764
v 23.047056 0.091915801 2.4197302
v 24.037195 0.0078442001 2.3076677
l 3765 3766
v 22.97654 0.62622464 1.8754965
v 21.985952 0.74875475 1.9365051
l 3767 3768
v 22.863964 0.64014959 1.8824298
v 21.872464 0.76400822 1.9222618
l 3769 3770
v 23.010122 0.62211943 1.8734277
v 22.019362 0.74323186 1.9344605
l 3771 3772
v 23.139345 0.60637319 1.8646541
v 22.149506 0.72643265 1.9408375
l 3773 3774
v 23.086397 0.61279535 1.8687292
v 22.095636 0.73390897 1.9297599
l 3775 3776
v 23.202896 0.57433486 1.7269403
v 24.161538 0.29913817 1.79955
l 3777 3778
v 23.139345 0.59212291 1.7221245
v 24.09978 0.32329513 1.7949051
l 3779 3780
v 23.202896 -0.57433486 1.7269403
v 22.242462 -0.84316265 1.6541597
l 3781 3782
v 23.208099 -0.57284117 1.7273344
v 22.249457 -0.84803786 1.6547246
l 3783 3784
v 23.155766 -0.60159343 1.8634112
v 24.112674 -0.32037575 1.7910014
l 3785 3786
v 23.139345 -0.60637319 1.8646541
v 24.096969 -0.32762125 1.7921704
l 3787 3788
v 23.210051 -0.077369913 2.399395
v 22.224656 -0.16913517 2.5428382
l 3789 3790
v 23.174551 -0.080671526 2.4043994
v 22.18807 -0.16892118 2.5424803
l 3791 3792
v 23.201021 -0.078210779 2.4007094
v 22.214781 -0.1699319 2.5382488
l 3793 3794
v 23.199718 -0.078331932 2.4008911
v 22.213467 -0.17001494 2.538374
l 3795 3796
v 23.139345 0.083821006 2.4093273
v 24.125827 -0.0044286461 2.2712463
l 3797 3798
v 23.199718 0.078331932 2.4008911
v 24.185959 -0.013389193 2.2633517
l 3799 3800
v 23.174551 0.080671526 2.4043994
v 24.160803 -0.011011482 2.2669165
l 3801 3802
v 23.201021 0.078210779 2.4007094
v 24.186416 -0.013554482 2.2572662
l 3803 3804
v 23.155766 0.60159343 1.8634112
v 22.198142 0.88034538 1.9358948
l 3805 3806
v 23.207964 0.58625329 1.8594613
v 22.251056 0.86747097 1.931871
l 3807 3808
v 23.270113 0.55473763 1.732028
v 24.226183 0.2706566 1.8043275
l 3809 3810
v 23.208099 0.57284117 1.7273344
v 24.165537 0.29343423 1.799762
l 3811 3812
v 23.211672 0.57179862 1.7276046
v 24.169079 0.2922984 1.8000703
l 3813 3814
v 23.211672 -0.57179862 1.7276046
v 22.254235 -0.85120556 1.655177
l 3815 3816
v 23.270113 -0.55473763 1.732028
v 22.312706 -0.83423785 1.6595624
l 3817 3818
v 23.275291 -0.55319893 1.7324196
v 22.319221 -0.83727996 1.6601201
l 3819 3820
v 23.218908 -0.58298367 1.8586335
v 24.174007 -0.29563458 1.7864068
l 3821 3822
v 23.21373 -0.58453041 1.8590251
v 24.169396 -0.29908454 1.7867562
l 3823 3824
v 23.207964 -0.58625329 1.8594613
v 24.163598 -0.30070694 1.7871683
l 3825 3826
v 23.278822 -0.070881292 2.3874815
v 22.298612 -0.166141 2.5610141
l 3827 3828
v 23.268059 -0.071926668 2.3893554
v 22.286892 -0.16399519 2.5591674
l 3829 3830
v 23.275028 -0.071249977 2.3881531
v 22.294065 -0.16649555 2.5573853
l 3831 3832
v 23.268059 0.071926668 2.3893554
v 24.249022 -0.023318908 2.2201232
l 3833 3834
v 23.210051 0.077369913 2.399395
v 24.191217 -0.014698608 2.229583
l 3835 3836
v 23.275028 0.071249977 2.3881531
v 24.255238 -0.024009734 2.2146204
l 3837 3838
v 23.218908 0.58298367 1.8586335
v 22.263242 0.86842955 1.9309025
l 3839 3840
v 23.21373 0.58453041 1.8590251
v 22.258096 0.87007676 1.9313181
l 3841 3842
v 23.275042 0.56609553 1.8543886
v 22.319943 0.85344463 1.9266153
l 3843 3844
v 23.340897 0.54548347 1.8488903
v 22.392159 0.85070715 1.9309625
l 3845 3846
v 23.336359 0.5346368 1.7375017
v 24.288985 0.24190487 1.8200409
l 3847 3848
v 23.294283 0.54740059 1.7338552
v 24.247948 0.25810595 1.8165039
l 3849 3850
v 23.275291 0.55319893 1.7324196
v 24.229218 0.26195292 1.8045305
l 3851 3852
v 23.294283 -0.54740059 1.7338552
v 22.340356 -0.83864661 1.6617443
l 3853 3854
v 23.336359 -0.5346368 1.7375017
v 22.382694 -0.82393144 1.6548531
l 3855 3856
v 23.341232 -0.53313929 1.737924
v 22.388607 -0.82587122 1.6553849
l 3857 3858
v 23.323278 -0.55115151 1.8504144
v 24.272016 -0.24592784 1.7683422
l 3859 3860
v 23.293472 -0.56038344 1.8529961
v 24.245449 -0.26552547 1.7705388
l 3861 3862
v 23.280052 -0.56454849 1.85401
v 24.232636 -0.26890532 1.7820433
l 3863 3864
v 23.275042 -0.56609553 1.8543886
v 24.228055 -0.27185001 1.7823775
l 3865 3866
v 23.289948 -0.06979163 2.3852124
v 22.314599 -0.16531944 2.5841322
l 3867 3868
v 23.329773 -0.065891162 2.3770905
v 22.354422 -0.16141614 2.5760027
l 3869 3870
v 23.346035 -0.064295016 2.3736477
v 22.372198 -0.15987863 2.5798143
l 3871 3872
v 23.329773 0.065891162 2.3770905
v 24.30361 -0.029692449 2.1709239
l 3873 3874
v 23.289948 0.06979163 2.3852124
v 24.265298 -0.025733352 2.1863002
l 3875 3876
v 23.278822 0.070881292 2.3874815
v 24.254171 -0.024646522 2.1885616
l 3877 3878
v 23.280052 0.56454849 1.85401
v 22.327039 0.85879401 1.9260211
l 3879 3880
v 23.293472 0.56038344 1.8529961
v 22.340888 0.85602661 1.9249628
l 3881 3882
v 23.323278 0.55115151 1.8504144
v 22.371302 0.84600949 1.9328717
l 3883 3884
v 23.405935 0.52376032 1.8432699
v 22.460624 0.83953646 1.9249568
l 3885 3886
v 23.39267 0.52819163 1.8444163
v 22.447355 0.84395546 1.9261047
l 3887 3888
v 23.343384 0.54465461 1.8486753
v 22.397854 0.85975581 1.9304303
l 3889 3890
v 23.402159 0.51373827 1.7431966
v 24.351055 0.20901717 1.8252959
l 3891 3892
v 23.391331 0.51718587 1.7422596
v 24.340975 0.21482343 1.8244355
l 3893 3894
v 23.341232 0.53313929 1.737924
v 24.290863 0.23073728 1.8201074
l 3895 3896
v 23.391331 -0.51718587 1.7422596
v 22.4417 -0.81958788 1.6600762
l 3897 3898
v 23.402159 -0.51373827 1.7431966
v 22.452515 -0.81610071 1.6610207
l 3899 3900
v 23.406322 -0.51240116 1.7435569
v 22.457426 -0.81712227 1.6614575
l 3901 3902
v 23.340897 -0.54548347 1.8488903
v 24.286427 -0.23038227 1.7671353
l 3903 3904
v 23.39267 -0.52819163 1.8444163
v 24.337981 -0.21241548 1.7627294
l 3905 3906
v 23.343384 -0.54465461 1.8486753
v 24.288699 -0.22889077 1.7669868
l 3907 3908
v 23.35317 -0.063588902 2.3719206
v 22.385747 -0.15934593 2.6062747
l 3909 3910
v 23.35317 -0.063588902 2.3719206
v 24.320359 0.035093387 2.1378101
l 3911 3912
v 23.347267 -0.064173214 2.3733506
v 22.379581 -0.1598324 2.6066589
l 3913 3914
v 23.346035 0.064295016 2.3736477
v 24.313721 -0.031364173 2.1403394
l 3915 3916
v 23.347267 0.064173214 2.3733506
v 24.314691 -0.031583814 2.1389965
l 3917 3918
v 23.412119 0.057574384 2.3576519
v 22.44493 0.15625667 2.5917624
l 3919 3920
v 23.47057 0.5012145 1.8376924
v 22.529511 0.82956564 1.9188978
l 3921 3922
v 23.41868 0.51931959 1.84217
v 22.477481 0.84726279 1.9233998
l 3923 3924
v 23.468243 0.49161804 1.7489069
v 24.412667 0.17317614 1.8304939
l 3925 3926
v 23.406322 0.51240116 1.7435569
v 24.351182 0.19526476 1.8251941
l 3927 3928
v 23.468243 -0.49161804 1.7489069
v 22.523383 -0.80875444 1.6672696
l 3929 3930
v 23.470987 -0.49069259 1.749144
v 22.526562 -0.80913448 1.6675569
l 3931 3932
v 23.405935 -0.52376032 1.8432699
v 24.347134 -0.19581712 1.7620401
l 3933 3934
v 23.41868 -0.51931959 1.84217
v 24.359739 -0.19096846 1.7609646
l 3935 3936
v 23.430176 -0.055716317 2.3527248
v 22.470216 -0.15450469 2.6148675
l 3937 3938
v 23.445564 -0.054089859 2.3485253
v 22.485819 -0.1555284 2.610439
l 3939 3940
v 23.477524 -0.050711729 2.3398035
v 22.51778 -0.15215691 2.6017198
l 3941 3942
v 23.418522 -0.056915607 2.3559072
v 22.458419 -0.15569688 2.617526
l 3943 3944
v 23.412119 0.057574384 2.3576519
v 24.372222 -0.041206885 2.0960332
l 3945 3946
v 23.418522 0.056915607 2.3559072
v 24.378481 -0.041872767 2.0937644
l 3947 3948
v 23.445564 0.054089859 2.3485253
v 24.405308 -0.047355325 2.086609
l 3949 3950
v 23.430176 0.055716317 2.3527248
v 24.389921 -0.045722219 2.0908111
l 3951 3952
v 23.535227 0.47746766 1.831601
v 22.600232 0.8209646 1.9198929
l 3953 3954
v 23.495544 0.49204612 1.8353482
v 22.560483 0.83535897 1.9236475
l 3955 3956
v 23.472279 0.5005883 1.8375453
v 22.536379 0.84352071 1.9181047
l 3957 3958
v 23.534504 0.46818838 1.7551321
v 24.473267 0.13522314 1.8437736
l 3959 3960
v 23.470987 0.49069259 1.749144
v 24.41007 0.15667522 1.8301145
l 3961 3962
v 23.473022 0.48996872 1.7493194
v 24.411902 0.15736269 1.8380839
l 3963 3964
v 23.473022 -0.48996872 1.7493194
v 22.53394 -0.82398608 1.6683489
l 3965 3966
v 23.534504 -0.46818838 1.7551321
v 22.595625 -0.8007944 1.6663676
l 3967 3968
v 23.535654 -0.46778044 1.7552407
v 22.596891 -0.80074567 1.6665991
l 3969 3970
v 23.472279 -0.5005883 1.8375453
v 24.40734 -0.15727544 1.7492461
l 3971 3972
v 23.47057 -0.5012145 1.8376924
v 24.406469 -0.15828209 1.757133
l 3973 3974
v 23.495544 -0.49204612 1.8353482
v 24.430539 -0.14854918 1.7470563
l 3975 3976
v 23.499714 -0.048344973 2.3330238
v 22.548332 -0.14982714 2.6238397
l 3977 3978
v 23.499714 -0.048344973 2.3330238
v 24.450909 0.05552405 2.0424406
l 3979 3980
v 23.489492 -0.04943528 2.3361483
v 22.538035 -0.15090784 2.6267217
l 3981 3982
v 23.477524 0.050711729 2.3398035
v 24.428981 -0.050760827 2.04923
l 3983 3984
v 23.489492 0.04943528 2.3361483
v 24.440874 -0.052046891 2.0453324
l 3985 3986
v 23.542686 0.043652438 2.319896
v 22.591491 0.14752146 2.6104792
l 3987 3988
v 23.600304 0.45212391 1.8254687
v 22.672045 0.81362625 1.9129436
l 3989 3990
v 23.575628 0.46173352 1.827794
v 22.647371 0.82323897 1.9152667
l 3991 3992
v 23.544054 0.47402996 1.8307693
v 22.615795 0.83553426 1.9182323
l 3993 3994
v 23.543346 0.46487182 1.7559664
v 24.475104 0.11259038 1.8438667
l 3995 3996
v 23.535654 0.46778044 1.7552407
v 24.4674 0.11546995 1.8431477
l 3997 3998
v 23.566856 0.4559831 1.7581843
v 24.497562 0.10090008 1.8459539
l 3999 4000
v 23.600725 -0.44306147 1.7613783
v 22.67002 -0.79814449 1.6736087
l 4001 4002
v 23.566856 -0.4559831 1.7581843
v 22.635099 -0.80826455 1.670284
l 4003 4004
v 23.543346 -0.46487182 1.7559664
v 22.611601 -0.81718231 1.6680594
l 4005 4006
v 23.544054 -0.47402996 1.8307693
v 24.472312 -0.11252451 1.7432965
l 4007 4008
v 23.535227 -0.47746766 1.831601
v 24.463486 -0.11596336 1.744138
l 4009 4010
v 23.575628 -0.46173352 1.827794
v 24.503887 -0.10023118 1.740319
l 4011 4012
v 23.562178 -0.041502912 2.3132401
v 22.62106 -0.14541271 2.6349558
l 4013 4014
v 23.572117 -0.040383648 2.3098476
v 22.631055 -0.14635764 2.631052
l 4015 4016
v 23.608002 -0.036342729 2.2975993
v 22.66694 -0.14231376 2.6188041
l 4017 4018
v 23.560926 -0.04164106 2.3136678
v 22.619687 -0.14543442 2.6350628
l 4019 4020
v 23.542686 0.043652438 2.319896
v 24.483926 -0.060140919 1.998501
l 4021 4022
v 23.560926 0.04164106 2.3136678
v 24.502044 -0.062268741 1.991952
l 4023 4024
v 23.572117 0.040383648 2.3098476
v 24.513179 -0.065587385 1.9886428
l 4025 4026
v 23.562178 0.041502912 2.3132401
v 24.503239 -0.064471083 1.9920357
l 4027 4028
v 23.666138 0.42463863 1.8189687
v 22.746684 0.80686226 1.9112165
l 4029 4030
v 23.666065 0.42466876 1.8189759
v 22.747138 0.80816819 1.911176
l 4031 4032
v 23.660362 0.4270488 1.8195481
v 22.741522 0.8107621 1.9117285
l 4033 4034
v 23.616833 0.445227 1.8239151
v 22.697402 0.82886781 1.9103305
l 4035 4036
v 23.602346 0.44239277 1.7615305
v 24.523544 0.063068207 1.848175
l 4037 4038
v 23.666546 0.41604713 1.7678792
v 22.74524 0.79372541 1.6753915
l 4039 4040
v 23.600725 0.44306147 1.7613783
v 24.521713 0.063188041 1.8478563
l 4041 4042
v 23.602346 -0.44239277 1.7615305
v 22.681359 -0.8222662 1.6750525
l 4043 4044
v 23.617525 -0.43614259 1.7629582
v 22.696327 -0.81546715 1.6763137
l 4045 4046
v 23.666546 -0.41604713 1.7678792
v 22.745343 -0.79399026 1.6754485
l 4047 4048
v 23.665768 -0.4163664 1.7678012
v 22.74446 -0.79404041 1.6753125
l 4049 4050
v 23.616833 -0.445227 1.8239151
v 24.535673 -0.061513704 1.7317347
l 4051 4052
v 23.600304 -0.45212391 1.8254687
v 24.519734 -0.068483097 1.7390532
l 4053 4054
v 23.666065 -0.42466876 1.8189759
v 24.585519 -0.042445128 1.7267281
l 4055 4056
v 23.660362 -0.4270488 1.8195481
v 24.57929 -0.043549372 1.7273481
l 4057 4058
v 23.667698 -0.029436905 2.2747629
v 22.739096 -0.13718805 2.6298521
l 4059 4060
v 23.673782 -0.028718892 2.2724366
v 22.745206 -0.13808047 2.627101
l 4061 4062
v 23.673611 -0.02873911 2.2725022
v 22.745178 -0.13830784 2.6274779
l 4063 4064
v 23.618027 -0.035200953 2.2937617
v 22.689353 -0.14096995 2.6492586
l 4065 4066
v 23.633635 -0.033389475 2.2877884
v 22.705136 -0.14115239 2.6431451
l 4067 4068
v 23.625731 -0.034306832 2.2908134
v 22.697228 -0.14207141 2.6461572
l 4069 4070
v 23.608002 0.036342729 2.2975993
v 24.536675 -0.069426272 1.9421024
l 4071 4072
v 23.625731 0.034306832 2.2908134
v 24.554229 -0.073456084 1.9354568
l 4073 4074
v 23.618027 0.035200953 2.2937617
v 24.54653 -0.072563622 1.938418
l 4075 4076
v 23.673611 0.02873911 2.2725022
v 24.602187 -0.080622466 1.9178378
l 4077 4078
v 23.667698 0.029436905 2.2747629
v 24.59613 -0.080131821 1.9197872
l 4079 4080
v 23.633635 0.033389475 2.2877884
v 24.562236 -0.074361674 1.9326992
l 4081 4082
v 23.6831 0.41695008 1.8172728
v 22.776052 0.82809613 1.9079597
l 4083 4084
v 23.727898 0.39567652 1.8128026
v 22.828225 0.82291156 1.9025778
l 4085 4086
v 23.733004 0.39324826 1.8122684
v 22.833931 0.8208233 1.9063276
l 4087 4088
v 23.672295 0.41345894 1.7684543
v 24.581092 0.0062452419 1.8593675
l 4089 4090
v 23.728497 0.38827598 1.7740766
v 24.637383 -0.017724611 1.8694165
l 4091 4092
v 23.666546 0.41604713 1.7678792
v 24.574624 0.0072153888 1.8587171
l 4093 4094
v 23.672295 -0.41345894 1.7684543
v 22.764217 -0.82229068 1.6776164
l 4095 4096
v 23.728497 -0.38827598 1.7740766
v 22.8197 -0.79548968 1.6831634
l 4097 4098
v 23.733335 -0.38611442 1.7745842
v 22.824449 -0.79211501 1.6792443
l 4099 4100
v 23.727898 -0.39567652 1.8128026
v 24.626971 0.03189852 1.7187433
l 4101 4102
v 23.6831 -0.41695008 1.8172728
v 24.582772 0.010284958 1.7274975
l 4103 4104
v 23.666138 -0.42463863 1.8189687
v 24.573185 -0.013492575 1.7282818
l 4105 4106
v 23.711567 -0.024199506 2.2561052
v 22.798943 -0.13333424 2.6500683
l 4107 4108
v 23.740206 -0.020723155 2.2437425
v 22.827743 -0.13148142 2.6376263
l 4109 4110
v 23.715868 -0.023677368 2.2542484
v 22.803418 -0.13444631 2.6481595
l 4111 4112
v 23.708391 -0.024579272 2.2574761
v 22.795964 -0.13371616 2.6518952
l 4113 4114
v 23.673782 0.028718892 2.2724366
v 24.586209 -0.080417994 1.8780176
l 4115 4116
v 23.708391 0.024579272 2.2574761
v 24.621015 -0.084555464 1.863513
l 4117 4118
v 23.715868 0.023677368 2.2542484
v 24.628331 -0.087080896 1.8603645
l 4119 4120
v 23.711567 0.024199506 2.2561052
v 24.624017 -0.086569436 1.862194
l 4121 4122
v 23.800858 0.35761565 1.8052016
v 22.919039 0.82017545 1.8970456
l 4123 4124
v 23.760361 0.37885836 1.8094195
v 22.878705 0.8417278 1.9012587
l 4125 4126
v 23.75996 0.37906864 1.8094612
v 22.878668 0.84264359 1.9012352
l 4127 4128
v 23.745459 0.38005006 1.7758496
v 24.637 -0.063219666 1.8689397
l 4129 4130
v 23.760353 0.3726446 1.7774048
v 24.651901 -0.070611736 1.8704979
l 4131 4132
v 23.733335 0.38611442 1.7745842
v 24.623808 -0.059327811 1.8675315
l 4133 4134
v 23.745459 -0.38005006 1.7758496
v 22.854986 -0.82549229 1.6829023
l 4135 4136
v 23.760353 -0.3726446 1.7774048
v 22.868812 -0.81591433 1.6843147
l 4137 4138
v 23.801081 -0.3523958 1.7816575
v 22.909533 -0.79565214 1.6885643
l 4139 4140
v 23.733004 -0.39324826 1.8122684
v 24.614296 0.070326683 1.7204944
l 4141 4142
v 23.760361 -0.37885836 1.8094195
v 24.642179 0.083701444 1.7175756
l 4143 4144
v 23.75996 -0.37906864 1.8094612
v 24.641616 0.0838008 1.7176221
l 4145 4146
v 23.786434 -0.014953339 2.2208512
v 22.895734 -0.12769462 2.6612406
l 4147 4148
v 23.80719 -0.012327245 2.2105918
v 22.916436 -0.12502861 2.6508833
l 4149 4150
v 23.750393 -0.019465342 2.2386971
v 22.859713 -0.12943807 2.6798263
l 4151 4152
v 23.786049 -0.015002107 2.2210417
v 22.895737 -0.12776863 2.6622092
l 4153 4154
v 23.750393 -0.019465342 2.2386971
v 24.640975 0.09194914 1.7977328
l 4155 4156
v 23.740206 0.020723155 2.2437425
v 24.630886 -0.089249576 1.8026132
l 4157 4158
v 23.784399 0.015211077 2.2218592
v 22.893816 0.12662556 2.6628235
l 4159 4160
v 23.784399 0.015211077 2.2218592
v 24.674711 -0.097555443 1.7806917
l 4161 4162
v 23.786049 0.015002107 2.2210417
v 24.676749 -0.097739173 1.7806522
l 4163 4164
v 23.786434 0.014953339 2.2208512
v 24.677188 -0.097748023 1.7805597
l 4165 4166
v 23.854475 0.32565111 1.7994943
v 22.999173 0.83562402 1.8910659
l 4167 4168
v 23.810038 0.35214767 1.8042519
v 22.954269 0.86187448 1.892787
l 4169 4170
v 23.830894 0.33971098 1.8020189
v 22.975607 0.84970859 1.8935898
l 4171 4172
v 23.868973 0.31649804 1.7979473
v 23.026815 0.848189 1.8878095
l 4173 4174
v 23.869226 0.31633881 1.7979198
v 23.025816 0.84574959 1.8894742
l 4175 4176
v 23.823162 0.33977038 1.7839929
v 24.689263 -0.15137768 1.8769567
l 4177 4178
v 23.869221 0.31364822 1.7889374
v 24.735107 -0.17749704 1.883899
l 4179 4180
v 23.831011 0.33531952 1.7848353
v 24.697079 -0.15588348 1.8778141
l 4181 4182
v 23.801081 0.3523958 1.7816575
v 24.665502 -0.14232144 1.8712733
l 4183 4184
v 23.810471 0.34702188 1.7826309
v 24.674992 -0.14693705 1.8754056
l 4185 4186
v 23.810471 -0.34702188 1.7826309
v 22.946049 -0.84173912 1.6930151
l 4187 4188
v 23.823162 -0.33977038 1.7839929
v 22.958641 -0.83372931 1.6912183
l 4189 4190
v 23.831011 -0.33531952 1.7848353
v 22.96491 -0.82646758 1.6918715
l 4191 4192
v 23.869322 -0.31359088 1.7889485
v 23.003436 -0.80473615 1.693987
l 4193 4194
v 23.869221 -0.31364822 1.7889374
v 23.003152 -0.80485123 1.6959587
l 4195 4196
v 23.868973 -0.31649804 1.7979473
v 24.712384 0.21291274 1.7063928
l 4197 4198
v 23.854475 -0.32565111 1.7994943
v 24.696633 0.20603985 1.7096321
l 4199 4200
v 23.830894 -0.33971098 1.8020189
v 24.686197 0.17026193 1.7104473
l 4201 4202
v 23.810038 -0.35214767 1.8042519
v 24.665325 0.15784994 1.712681
l 4203 4204
v 23.800858 -0.35761565 1.8052016
v 24.656626 0.15211116 1.7166666
l 4205 4206
v 23.874157 -0.0035273149 2.1716917
v 23.014789 -0.11780482 2.6701167
l 4207 4208
v 23.814318 -0.011404365 2.2064493
v 22.955097 -0.12265344 2.7058124
l 4209 4210
v 23.867287 -0.0044409134 2.1756763
v 23.00818 -0.1186655 2.6745635
l 4211 4212
v 23.863039 -0.005005802 2.1781437
v 23.003921 -0.11836342 2.6772092
l 4213 4214
v 23.840887 -0.0079286741 2.1910119
v 22.982094 -0.1214042 2.6906102
l 4215 4216
v 23.863266 -0.004975494 2.1780112
v 23.005434 -0.11952226 2.6790138
l 4217 4218
v 23.815563 -0.011241457 2.2057254
v 22.956445 -0.1236118 2.7050138
l 4219 4220
v 23.840237 -0.0080146147 2.1913903
v 22.981055 -0.12038005 2.6905705
l 4221 4222
v 23.80719 0.012327245 2.2105918
v 24.666411 -0.098921826 1.7112287
l 4223 4224
v 23.814318 0.011404365 2.2064493
v 24.673436 -0.10096598 1.7071609
l 4225 4226
v 23.815563 0.011241457 2.2057254
v 24.674745 -0.10112397 1.7065453
l 4227 4228
v 23.863266 0.004975494 2.1780112
v 24.722373 -0.10924909 1.6791241
l 4229 4230
v 23.863039 0.005005802 2.1781437
v 24.720871 -0.10954096 1.6771411
l 4231 4232
v 23.840237 0.0080146147 2.1913903
v 24.699029 -0.10546091 1.691792
l 4233 4234
v 23.840887 0.0079286741 2.1910119
v 24.700005 -0.10542894 1.6919464
l 4235 4236
v 23.867287 0.0044409134 2.1756763
v 24.726655 -0.10983659 1.6772513
l 4237 4238
v 23.908539 0.28688535 1.7932152
v 24.733739 -0.27076047 1.8830828
l 4239 4240
v 23.910627 0.28547397 1.7934426
v 23.111291 0.88010794 1.8798847
l 4241 4242
v 23.90451 0.29002437 1.7941041
v 23.105871 0.8856054 1.8804633
l 4243 4244
v 23.882269 0.30661091 1.7965091
v 23.083676 0.90225275 1.8828808
l 4245 4246
v 23.869322 0.31359088 1.7889485
v 24.69254 -0.2470243 1.8785175
l 4247 4248
v 23.882357 0.30471411 1.7903668
v 24.705596 -0.25587107 1.8799279
l 4249 4250
v 23.882357 -0.30471411 1.7903668
v 23.059139 -0.86532929 1.7007978
l 4251 4252
v 23.908539 -0.28688535 1.7932152
v 23.085299 -0.84747054 1.7036541
l 4253 4254
v 23.882269 -0.30661091 1.7965091
v 24.680909 0.28897012 1.7101499
l 4255 4256
v 23.869226 -0.31633881 1.7979198
v 24.667819 0.27930303 1.7115481
l 4257 4258
v 23.910627 -0.28547397 1.7934426
v 23.085427 -0.84311979 1.7035749
l 4259 4260
v 23.90451 -0.29002437 1.7941041
v 24.703847 0.3046096 1.707662
l 4261 4262
v 2.8374403 -0.017058551 -2.6896086
v 3.6831972 0.46778811 -2.9123616
l 4263 4264
v 2.835696 -0.018052446 -2.6891756
v 3.6850183 0.46589587 -2.899997
l 4265 4266
v 2.8263965 -0.023710275 -2.6868935
v 3.662529 0.48499309 -2.8920841
l 4267 4268
v 2.8449771 -0.012694458 -2.6915903
v 3.6703078 0.50993419 -2.9053393
l 4269 4270
v 2.8442531 -0.013152975 -2.6914029
v 3.6696072 0.50949603 -2.9050112
l 4271 4272
v 2.850728 -0.0090527879 -2.6930797
v 3.6897463 0.4887053 -2.9128187
l 4273 4274
v 2.8011789 -0.03783894 -2.6807466
v 3.6748539 0.40267357 -2.8872431
l 4275 4276
v 2.7860022 -0.045490943 -2.6771655
v 3.6597448 0.39504284 -2.8833301
l 4277 4278
v 2.8230896 -0.025506064 -2.6860662
v 3.6813743 0.44058433 -2.900792
l 4279 4280
v 2.8146203 -0.030105447 -2.6839471
v 3.6728964 0.43599218 -2.8986913
l 4281 4282
v 2.8088238 -0.033467367 -2.6825125
v 3.6546884 0.4571325 -2.8918564
l 4283 4284
v 2.8016288 -0.037612099 -2.6808529
v 3.6513325 0.45186615 -2.8768496
l 4285 4286
v 2.747874 -0.063943699 -2.6702943
v 3.6564279 0.33429554 -2.7965297
l 4287 4288
v 2.7791665 -0.049163986 -2.6756103
v 3.6457525 0.41396245 -2.8614665
l 4289 4290
v 2.7702818 -0.05391239 -2.6737044
v 3.6368532 0.409226 -2.8595992
l 4291 4292
v 2.7683523 -0.054913152 -2.6734276
v 3.6489444 0.4018131 -2.799755
l 4293 4294
v 2.7812986 -0.048024494 -2.6760676
v 3.6436783 0.41649617 -2.8773682
l 4295 4296
v 2.6643727 -0.096973866 -2.6616621
v 3.6257306 0.16702708 -2.7397293
l 4297 4298
v 2.6413529 -0.10312285 -2.6610997
v 3.6087187 0.14938392 -2.6400371
l 4299 4300
v 2.6598587 -0.098186597 -2.6614993
v 3.6250268 0.16111663 -2.6963173
l 4301 4302
v 2.6459937 -0.10191152 -2.6609986
v 3.6111617 0.15738745 -2.6958518
l 4303 4304
v 2.6431816 -0.10264552 -2.6610599
v 3.6105511 0.14984602 -2.6399819
l 4305 4306
v 2.7246332 -0.074774086 -2.6673491
v 1.7943169 -0.42183387 -2.5487697
l 4307 4308
v 2.7163463 -0.077865615 -2.6662929
v 3.6466622 0.26919787 -2.7848642
l 4309 4310
v 2.7065079 -0.081535831 -2.6650388
v 3.6368245 0.26552084 -2.7836252
l 4311 4312
v 2.6994903 -0.08411891 -2.6643534
v 3.6340178 0.25986679 -2.7556344
l 4313 4314
v 2.6777666 -0.092588447 -2.6625917
v 3.6095675 0.26655199 -2.7151765
l 4315 4316
v 2.6713839 -0.09504851 -2.6622314
v 3.6031843 0.26409199 -2.7148238
l 4317 4318
v 2.6964607 -0.085306235 -2.6640735
v 3.6240864 0.27823952 -2.7497768
l 4319 4320
v 2.6845853 -0.089960314 -2.6629765
v 3.6122124 0.27358564 -2.7486641
l 4321 4322
v 2.7246332 -0.074774086 -2.6673491
v 3.6281094 0.34270132 -2.7645345
l 4323 4324
v 3.0525246 0.050018806 -1.1481005
v 3.3991633 0.9878566 -1.1654743
l 4325 4326
v 2.5811231 -0.11548303 -2.6640198
v 3.5716785 0.011195864 -2.6115559
l 4327 4328
v 2.5784295 -0.11582751 -2.6641624
v 3.5689869 0.010849838 -2.6117325
l 4329 4330
v 2.6070647 -0.11216025 -2.6627138
v 3.5983233 0.016373271 -2.6329568
l 4331 4332
v 2.5839906 -0.11511632 -2.663868
v 3.5746653 0.011800765 -2.6143137
l 4333 4334
v 2.6295722 -0.10637543 -2.6613958
v 3.5932247 0.159683 -2.6371738
l 4335 4336
v 2.6092806 -0.11187293 -2.6626472
v 3.572779 0.14916289 -2.6032246
l 4337 4338
v 2.5182393 -0.11765997 -2.6652019
v 3.5131685 -0.21411381 -2.6937068
l 4339 4340
v 2.5396464 -0.11973532 -2.6658151
v 3.5344396 -0.21625954 -2.6985186
l 4341 4342
v 2.533726 -0.11916134 -2.6656456
v 3.5286553 -0.21561874 -2.6941328
l 4343 4344
v 2.5440993 -0.12016738 -2.6659615
v 3.5348651 0.0050811571 -2.6140394
l 4345 4346
v 2.4317045 -0.087861449 -2.6588295
v 3.1319866 -0.78733227 -2.8014673
l 4347 4348
v 2.4295752 -0.085734554 -2.6583958
v 3.1298509 -0.78521395 -2.8010227
l 4349 4350
v 2.4139266 -0.071985021 -2.6556289
v 3.1586054 -0.72629166 -2.7872964
l 4351 4352
v 2.4131198 -0.071278453 -2.6554933
v 3.1594668 -0.72489721 -2.7809872
l 4353 4354
v 2.4077432 -0.060409736 -2.6532111
v 2.843451 -0.94128845 -2.8381744
l 4355 4356
v 2.4092703 -0.063497044 -2.6538594
v 2.8450333 -0.94435019 -2.8388144
l 4357 4358
v 2.4058847 -0.057075892 -2.6525168
v 2.8849353 -0.91642666 -2.8314771
l 4359 4360
v 2.3990531 -0.046109974 -2.6518948
v 2.9272123 -0.89389251 -2.6999847
l 4361 4362
v 2.3939135 -0.028849954 -2.6507647
v 2.6924911 -0.98122213 -2.7127216
l 4363 4364
v 2.392916 -0.025668019 -2.6505578
v 2.6914876 -0.97804311 -2.7124985
l 4365 4366
v 2.3965814 -0.037359759 -2.6513183
v 2.6678713 -0.99777528 -2.714594
l 4367 4368
v 2.3921793 -0.019219855 -2.6501038
v 2.5054158 -1.0103349 -2.719878
l 4369 4370
v 2.3910739 0.010595127 -2.6494999
v 2.382709 -0.98669906 -2.5764634
l 4371 4372
v 2.3910358 0.0060471343 -2.6491668
v 2.378847 -0.99121212 -2.5761914
l 4373 4374
v 2.3910358 -0.0060471343 -2.6491668
v 2.3994008 -1.0033413 -2.7222033
l 4375 4376
v 2.3909619 0 -2.6487243
v 2.4031507 -0.99725926 -2.7216997
l 4377 4378
v 2.3965814 0.037359759 -2.6513183
v 2.0980038 -0.91501241 -2.5893615
l 4379 4380
v 2.3939135 0.028849954 -2.6507647
v 2.0953418 -0.92352513 -2.5888239
l 4381 4382
v 2.3921793 0.019219855 -2.6501038
v 2.2653686 -0.9702843 -2.5808175
l 4383 4384
v 2.392916 0.025668019 -2.6505578
v 2.2796794 -0.96544703 -2.5807835
l 4385 4386
v 2.3990531 0.046109974 -2.6518948
v 2.1277632 -0.91430555 -2.5886191
l 4387 4388
v 2.4077432 0.060409736 -2.6532111
v 1.9286926 -0.79894104 -2.4742508
l 4389 4390
v 2.4058847 0.057075892 -2.6525168
v 1.8777255 -0.79070664 -2.604427
l 4391 4392
v 2.4131198 0.071278453 -2.6554933
v 1.9773568 -0.8095747 -2.4705382
l 4393 4394
v 2.4092703 0.063497044 -2.6538594
v 1.9735625 -0.81738167 -2.4688961
l 4395 4396
v 2.4139266 0.071985021 -2.6556289
v 1.6675796 -0.58163374 -2.530135
l 4397 4398
v 2.4295752 0.085734554 -2.6583958
v 1.6848964 -0.56857208 -2.5267283
l 4399 4400
v 2.4317045 0.087861449 -2.6588295
v 1.7314288 -0.61161795 -2.5162025
l 4401 4402
v 2.440824 0.096970394 -2.660687
v 1.7405419 -0.60250043 -2.5180491
l 4403 4404
v 2.4546258 0.10220783 -2.661587
v 1.5214121 -0.25192309 -2.6007312
l 4405 4406
v 2.466953 0.10689788 -2.6624732
v 1.5344134 -0.24789585 -2.5954563
l 4407 4408
v 2.4603577 0.1043886 -2.6619992
v 1.5278235 -0.25041008 -2.5949325
l 4409 4410
v 2.4933541 0.11589026 -2.6647515
v 1.4959574 0.045022229 -2.6514277
l 4411 4412
v 2.5182393 0.11765997 -2.6652019
v 1.5209342 0.046727617 -2.6464629
l 4413 4414
v 2.4965286 0.11611582 -2.664794
v 1.4991322 0.045246086 -2.6514604
l 4415 4416
v 2.4782503 0.11193791 -2.6634514
v 1.5678531 -0.29421785 -2.5846198
l 4417 4418
v 2.4856796 0.11534496 -2.664649
v 1.5863072 -0.297101 -2.5196746
l 4419 4420
v 2.4603577 -0.1043886 -2.6619992
v 3.3928973 -0.45918233 -2.7290161
l 4421 4422
v 2.4546258 -0.10220783 -2.661587
v 3.38716 -0.45700651 -2.7286537
l 4423 4424
v 2.440824 -0.096970394 -2.660687
v 3.3740378 -0.45110132 -2.7215428
l 4425 4426
v 2.4965286 -0.11611582 -2.664794
v 3.4938337 -0.18704818 -2.6835329
l 4427 4428
v 2.4856796 -0.11534496 -2.664649
v 3.4830763 -0.18621299 -2.6779728
l 4429 4430
v 2.4933541 -0.11589026 -2.6647515
v 3.4907505 -0.18675999 -2.6780851
l 4431 4432
v 2.4782503 -0.11193791 -2.6634514
v 3.3776227 -0.52438387 -2.8084258
l 4433 4434
v 2.466953 -0.10689788 -2.6624732
v 3.3773502 -0.51305364 -2.7413049
l 4435 4436
v 2.6431816 0.10264552 -2.6610599
v 1.6758157 0.35515228 -2.6821225
l 4437 4438
v 2.6713839 0.09504851 -2.6622314
v 1.710026 0.35904945 -2.5841642
l 4439 4440
v 2.6598587 0.098186597 -2.6614993
v 1.6946907 0.35748557 -2.6266461
l 4441 4442
v 2.6643727 0.096973866 -2.6616621
v 1.6992045 0.3562771 -2.6268441
l 4443 4444
v 2.6459937 0.10191152 -2.6609986
v 1.6786242 0.35440306 -2.6820765
l 4445 4446
v 2.5784295 0.11582751 -2.6641624
v 1.5876636 0.24107605 -2.7160845
l 4447 4448
v 2.6295722 0.10637543 -2.6613958
v 1.6660737 0.36741125 -2.7208184
l 4449 4450
v 2.6413529 0.10312285 -2.6610997
v 1.6777004 0.36918128 -2.6853217
l 4451 4452
v 2.5811231 0.11548303 -2.6640198
v 1.5905657 0.24216038 -2.7164498
l 4453 4454
v 2.6092806 0.11187293 -2.6626472
v 1.618022 0.24040645 -2.6924042
l 4455 4456
v 2.5839906 0.11511632 -2.663868
v 1.5934352 0.24179522 -2.7163319
l 4457 4458
v 2.6070647 0.11216025 -2.6627138
v 1.61639 0.23907734 -2.712268
l 4459 4460
v 2.533726 0.11916134 -2.6656456
v 1.5387968 0.022707495 -2.6371407
l 4461 4462
v 2.5396464 0.11973532 -2.6658151
v 1.544717 0.023277911 -2.6373279
l 4463 4464
v 2.5440993 0.12016738 -2.6659615
v 1.5493061 0.023643158 -2.633258
l 4465 4466
v 2.7300169 0.07228639 -2.6679282
v 1.8265407 0.48976179 -2.5707428
l 4467 4468
v 2.6777666 0.092588447 -2.6625917
v 1.7459661 0.45172895 -2.6099993
l 4469 4470
v 2.6994903 0.08411891 -2.6643534
v 1.7718646 0.44766467 -2.57865
l 4471 4472
v 2.6845853 0.089960314 -2.6629765
v 1.7527844 0.44910075 -2.6103917
l 4473 4474
v 2.6964607 0.085306235 -2.6640735
v 1.7688337 0.44885218 -2.5783859
l 4475 4476
v 2.7065079 0.081535831 -2.6650388
v 1.7719804 0.42552153 -2.5737578
l 4477 4478
v 2.7246332 0.074774086 -2.6673491
v 1.7943173 0.42183757 -2.5487778
l 4479 4480
v 2.7163463 0.077865615 -2.6662929
v 1.7860297 0.42492229 -2.5477066
l 4481 4482
v 2.7549884 0.060825296 -2.6712828
v 1.8464346 0.45906453 -2.5450474
l 4483 4484
v 2.7683523 0.054913152 -2.6734276
v 1.863541 0.45519864 -2.5282102
l 4485 4486
v 2.7576907 0.059629809 -2.6717165
v 1.8528821 0.45992293 -2.5265032
l 4487 4488
v 2.8011789 0.03783894 -2.6807466
v 1.9274363 0.47837273 -2.474582
l 4489 4490
v 2.8016288 0.037612099 -2.6808529
v 1.9279539 0.47812461 -2.4743563
l 4491 4492
v 2.8088238 0.033467367 -2.6825125
v 1.9591201 0.52294562 -2.4865159
l 4493 4494
v 2.8146203 0.030105447 -2.6839471
v 1.9687557 0.52070532 -2.4746033
l 4495 4496
v 2.8230896 0.025506064 -2.6860662
v 1.9648135 0.49160369 -2.4713219
l 4497 4498
v 2.8263965 0.023710275 -2.6868935
v 1.9681118 0.48980067 -2.4721676
l 4499 4500
v 2.8374403 0.017058551 -2.6896086
v 1.988118 0.50100687 -2.4787872
l 4501 4502
v 2.8442531 0.013152975 -2.6914029
v 1.9984961 0.49799963 -2.4686499
l 4503 4504
v 2.835696 0.018052446 -2.6891756
v 1.9995634 0.52675581 -2.483985
l 4505 4506
v 2.8449771 0.012694458 -2.6915903
v 2.019623 0.53534347 -2.477982
l 4507 4508
v 2.850728 0.0090527879 -2.6930797
v 2.0253974 0.53168144 -2.4793307
l 4509 4510
v 2.8567936 0.0054542907 -2.6946683
v 2.0177754 0.50321238 -2.4749293
l 4511 4512
v 2.7702818 0.05391239 -2.6737044
v 1.8896896 0.51063864 -2.547377
l 4513 4514
v 2.7812986 0.048024494 -2.6760676
v 1.9147126 0.51115093 -2.4902114
l 4515 4516
v 2.7791665 0.049163986 -2.6756103
v 1.9125951 0.51230237 -2.4897155
l 4517 4518
v 2.7860022 0.045490943 -2.6771655
v 1.9236225 0.51001161 -2.4758649
l 4519 4520
v 2.3910739 -0.010595127 -2.6494999
v 2.5178846 -1.0000993 -2.7187862
l 4521 4522
v 3.0548434 -0.0044140178 -3.3061526
v 3.0612548 0.99304866 -3.3770546
l 4523 4524
v 3.0546775 -0.030434223 -3.3043036
v 3.0611427 0.96703157 -3.375157
l 4525 4526
v 3.0546505 -0.034686271 -3.3040013
v 3.0609705 0.96277584 -3.3749195
l 4527 4528
v 3.0546422 -0.035965942 -3.3039105
v 3.0611466 0.961503 -3.3747159
l 4529 4530
v 3.0548329 -0.0060868445 -3.3060338
v 3.0610881 0.99138424 -3.3768315
l 4531 4532
v 3.0547664 -0.016522918 -3.3052921
v 3.0611093 0.98094284 -3.376157
l 4533 4534
v 3.0547941 -0.012173689 -3.3056011
v 3.0612093 0.98528301 -3.3765869
l 4535 4536
v 3.054805 -0.010468468 -3.3057225
v 3.0611553 0.98699591 -3.376606
l 4537 4538
v 3.0546892 -0.028631819 -3.3044317
v 3.0610169 0.96883284 -3.3753134
l 4539 4540
v 3.0547163 -0.024347378 -3.3047361
v 3.0611655 0.97312182 -3.3755429
l 4541 4542
v 3.0547552 -0.018260533 -3.3051686
v 3.0611877 0.97920254 -3.3760632
l 4543 4544
v 3.0547278 -0.02257737 -3.3048618
v 3.0610631 0.9748859 -3.3757624
l 4545 4546
v 3.0546505 0.034686271 -3.3040013
v 3.0481461 1.0321552 -3.233196
l 4547 4548
v 3.0548434 0.0044140178 -3.3061526
v 3.0485882 1.0018851 -3.2353549
l 4549 4550
v 3.0548718 0 -3.3064663
v 3.0484604 0.99746268 -3.2355643
l 4551 4552
v 3.054805 0.010468468 -3.3057225
v 3.0483898 1.0079252 -3.2347367
l 4553 4554
v 3.0547941 0.012173689 -3.3056011
v 3.0484512 1.0096394 -3.2347363
l 4555 4556
v 3.0548329 0.0060868445 -3.3060338
v 3.0484827 1.0035512 -3.2351503
l 4557 4558
v 3.0546775 0.030434223 -3.3043036
v 3.0483575 1.0278963 -3.2333855
l 4559 4560
v 3.0547278 0.02257737 -3.3048618
v 3.0482786 1.0200466 -3.234055
l 4561 4562
v 3.0547163 0.024347378 -3.3047361
v 3.0483886 1.021812 -3.2338544
l 4563 4564
v 3.0546892 0.028631819 -3.3044317
v 3.048224 1.0260976 -3.2335783
l 4565 4566
v 3.0547552 0.018260533 -3.3051686
v 3.0484199 1.0157238 -3.234268
l 4567 4568
v 3.0547664 0.016522918 -3.3052921
v 3.0483339 1.013986 -3.2343975
l 4569 4570
v 3.0546389 0.036521066 -3.3038709
v 3.048263 1.0339871 -3.2330129
l 4571 4572
v 3.0546422 0.035965942 -3.3039105
v 3.0486447 1.0334162 -3.2327974
l 4573 4574
v 3.053283 0.070106395 -3.2974298
v 2.9862105 1.0490169 -3.1044647
l 4575 4576
v 3.0546041 0.040734258 -3.3034854
v 3.035702 1.0180039 -3.0923296
l 4577 4578
v 3.0546157 0.04013906 -3.3036139
v 3.0354334 1.0174356 -3.0926081
l 4579 4580
v 3.0544879 0.046723675 -3.3021913
v 3.0355744 1.0240003 -3.0910687
l 4581 4582
v 3.0545678 0.042607911 -3.3030806
v 3.035603 1.0198754 -3.0919204
l 4583 4584
v 3.0543718 0.052713089 -3.3008971
v 3.0354479 1.0299961 -3.089805
l 4585 4586
v 3.0544498 0.048694756 -3.3017654
v 3.0354891 1.0259587 -3.0905887
l 4587 4588
v 3.0543318 0.054781601 -3.3004503
v 2.9873362 1.0337012 -3.1075048
l 4589 4590
v 3.0531008 0.072764866 -3.2969058
v 2.9861071 1.0516831 -3.1039527
l 4591 4592
v 3.0482545 0.10371755 -3.2879791
v 2.7852905 1.0357894 -3.0387965
l 4593 4594
v 3.0526969 0.078666411 -3.2957425
v 2.975464 1.0201812 -2.9677409
l 4595 4596
v 3.050257 0.092658095 -3.2913899
v 2.879767 1.0342545 -3.0009948
l 4597 4598
v 3.0526197 0.079608105 -3.2954144
v 2.8821406 1.0212105 -3.0050323
l 4599 4600
v 3.0006161 0.19838801 -3.2481635
v 2.3688175 0.88513523 -2.8887072
l 4601 4602
v 2.9938517 0.20574073 -3.2443149
v 2.3620314 0.8924851 -2.8848913
l 4603 4604
v 3.0078592 0.19051522 -3.252284
v 2.3760419 0.87725522 -2.892847
l 4605 4606
v 3.0083666 0.18987489 -3.2526615
v 2.4445967 0.90140921 -2.8332781
l 4607 4608
v 3.008621 0.18955399 -3.2528505
v 2.4446062 0.90101479 -2.8336718
l 4609 4610
v 3.0115416 0.18562882 -3.2544725
v 2.4449133 0.94714828 -2.9397972
l 4611 4612
v 3.0251257 0.16345148 -3.2649755
v 2.5985361 0.96865916 -2.8530753
l 4613 4614
v 3.0213869 0.17050879 -3.2613654
v 2.5116137 0.95330461 -2.9044872
l 4615 4616
v 3.0287509 0.15660129 -3.2684333
v 2.6015906 0.96377404 -2.8609947
l 4617 4618
v 3.0325642 0.14929137 -3.2715118
v 2.5944019 1.0020838 -2.9873308
l 4619 4620
v 3.0396543 0.13165073 -3.2782409
v 2.68812 1.0063473 -2.9445801
l 4621 4622
v 3.0383976 0.13477769 -3.2770481
v 2.6868393 1.0094669 -2.9433932
l 4623 4624
v 3.0299237 0.15438505 -3.2695522
v 2.6027969 0.96154314 -2.8620495
l 4625 4626
v 3.0307324 0.15285653 -3.2703238
v 2.6036485 0.960068 -2.8628817
l 4627 4628
v 3.0452385 0.11439964 -3.2851214
v 2.7821488 1.0464163 -3.0358648
l 4629 4630
v 3.0480862 0.10431417 -3.2878196
v 2.7849382 1.0362936 -3.0384856
l 4631 4632
v 3.0415289 0.12698647 -3.2800202
v 2.6899715 1.001669 -2.9463469
l 4633 4634
v 3.0447578 0.11610239 -3.2846661
v 2.7815335 1.0033869 -2.9059325
l 4635 4636
v 3.0546389 -0.036521066 -3.3038709
v 3.0606363 0.96092917 -3.374984
l 4637 4638
v 3.0546157 -0.04013906 -3.3036139
v 3.0609916 0.95732697 -3.3744719
l 4639 4640
v 3.0526969 -0.078666411 -3.2957425
v 3.1196907 0.90025185 -3.4886955
l 4641 4642
v 3.0546041 -0.040734258 -3.3034854
v 3.0737864 0.93656231 -3.5144912
l 4643 4644
v 3.0531008 -0.072764866 -3.2969058
v 3.1201733 0.90614563 -3.4898709
l 4645 4646
v 3.0545678 -0.042607911 -3.3030806
v 3.0734699 0.93466173 -3.5142363
l 4647 4648
v 3.0544879 -0.046723675 -3.3021913
v 3.0734527 0.93054381 -3.5133514
l 4649 4650
v 3.0544498 -0.048694756 -3.3017654
v 3.0733634 0.92858184 -3.512888
l 4651 4652
v 3.0543318 -0.054781601 -3.3004503
v 3.0732557 0.92250138 -3.5115424
l 4653 4654
v 3.0543718 -0.052713089 -3.3008971
v 3.0733325 0.92455089 -3.5120738
l 4655 4656
v 3.053283 -0.070106395 -3.2974298
v 3.1202786 0.90881321 -3.4903754
l 4657 4658
v 3.0452385 -0.11439964 -3.2851214
v 3.3083865 0.8175798 -3.5344555
l 4659 4660
v 3.0447578 -0.11610239 -3.2846661
v 3.3078475 0.81591422 -3.5339227
l 4661 4662
v 3.0526197 -0.079608105 -3.2954144
v 3.1298526 0.86190665 -3.623416
l 4663 4664
v 3.0526197 -0.079608105 -3.2954144
v 2.8821356 -1.0212078 -3.0050263
l 4665 4666
v 3.0480862 -0.10431417 -3.2878196
v 3.3110502 0.8277577 -3.5370022
l 4667 4668
v 3.0383976 -0.13477769 -3.2770481
v 3.3899318 0.7399189 -3.6107089
l 4669 4670
v 3.0307324 -0.15285653 -3.2703238
v 3.4688947 0.69993594 -3.5545047
l 4671 4672
v 3.0325642 -0.14929137 -3.2715118
v 3.3841224 0.72539784 -3.6051667
l 4673 4674
v 3.0415289 -0.12698647 -3.2800202
v 3.3047533 0.76029805 -3.6587538
l 4675 4676
v 3.0396543 -0.13165073 -3.2782409
v 3.3912117 0.74303176 -3.6119142
l 4677 4678
v 3.0213869 -0.17050879 -3.2613654
v 3.4479765 0.6346989 -3.6732657
l 4679 4680
v 3.0160978 -0.17863144 -3.2576625
v 3.5258232 0.60420243 -3.6145254
l 4681 4682
v 3.0200713 -0.17252898 -3.2604444
v 3.5298444 0.61026684 -3.6173226
l 4683 4684
v 3.0251257 -0.16345148 -3.2649755
v 3.452286 0.64372127 -3.6724142
l 4685 4686
v 3.0299237 -0.15438505 -3.2695522
v 3.4570075 0.65282643 -3.6769943
l 4687 4688
v 3.0287509 -0.15660129 -3.2684333
v 3.4558777 0.6505568 -3.6759361
l 4689 4690
v 2.9638731 -0.23295125 -3.2313046
v 3.7131195 0.34486981 -3.5549598
l 4691 4692
v 2.9783871 -0.22066391 -3.2371829
v 3.6753297 0.43033302 -3.5379719
l 4693 4694
v 2.9722452 -0.22640125 -3.2345319
v 3.6691642 0.42461344 -3.5353371
l 4695 4696
v 2.9692881 -0.22877522 -3.2336438
v 3.7285465 0.38075718 -3.4616723
l 4697 4698
v 2.9831474 -0.21621746 -3.2392373
v 3.68009 0.43478184 -3.5400212
l 4699 4700
v 2.9906738 -0.20918721 -3.2424855
v 3.6219477 0.47440031 -3.6088206
l 4701 4702
v 3.0115416 -0.18562882 -3.2544725
v 3.5212617 0.5971989 -3.6113566
l 4703 4704
v 3.008621 -0.18955399 -3.2528505
v 3.5752492 0.57196547 -3.5675258
l 4705 4706
v 3.0083666 -0.18987489 -3.2526615
v 3.5723814 0.52158591 -3.6718402
l 4707 4708
v 3.0078592 -0.19051522 -3.252284
v 3.5716291 0.5210191 -3.6716674
l 4709 4710
v 3.0006161 -0.19838801 -3.2481635
v 3.6324334 0.48835199 -3.6076006
l 4711 4712
v 2.9722452 0.22640125 -3.2345319
v 2.2129869 0.83593366 -3.0065034
l 4713 4714
v 2.9831474 0.21621746 -3.2392373
v 2.2862048 0.86721439 -2.9384483
l 4715 4716
v 2.9783871 0.22066391 -3.2371829
v 2.2814681 0.8716786 -2.9363777
l 4717 4718
v 2.9906738 0.20918721 -3.2424855
v 2.2937312 0.86018651 -2.9417016
l 4719 4720
v 2.9925604 0.20714426 -3.2435803
v 2.3612865 0.89073178 -2.8772452
l 4721 4722
v 2.9483716 0.24470496 -3.2246466
v 2.1760389 0.80429392 -2.9240432
l 4723 4724
v 2.9603438 0.23567301 -3.2297802
v 2.2126313 0.80970034 -2.8959861
l 4725 4726
v 2.9520583 0.2420339 -3.2260814
v 2.1797126 0.80161369 -2.9254944
l 4727 4728
v 2.9638731 0.23295125 -3.2313046
v 2.2146208 0.81077029 -2.9076596
l 4729 4730
v 2.9620423 0.23436317 -3.2305138
v 2.2127782 0.81217953 -2.9068914
l 4731 4732
v 2.9692881 0.22877522 -3.2336438
v 2.2200417 0.80659628 -2.9099886
l 4733 4734
v 2.9439416 0.24791473 -3.2229223
v 2.1715699 0.80746232 -2.9223422
l 4735 4736
v 2.9310238 0.25633618 -3.2191374
v 3.7531244 -0.2670166 -3.4433082
l 4737 4738
v 2.9291925 0.2573472 -3.218843
v 2.0622667 0.73596975 -3.0797024
l 4739 4740
v 2.9310238 0.25633618 -3.2191374
v 2.0641227 0.73493199 -3.0797516
l 4741 4742
v 2.9285998 0.25767443 -3.2187479
v 2.0625724 0.73349698 -3.0651596
l 4743 4744
v 2.9212637 0.26170513 -3.2174468
v 2.0551908 0.7374766 -3.0639567
l 4745 4746
v 2.9200745 0.26235843 -3.217236
v 2.0158808 0.68496691 -3.1553018
l 4747 4748
v 2.8977547 0.27171084 -3.2171347
v 1.9609425 0.61664818 -3.2754548
l 4749 4750
v 2.9074228 0.26814932 -3.2165298
v 3.8396924 -0.091767475 -3.1800168
l 4751 4752
v 2.9074228 0.26814932 -3.2165298
v 1.9706796 0.61322556 -3.2751355
l 4753 4754
v 2.9191451 0.2627928 -3.2171724
v 2.0149365 0.68535843 -3.1551643
l 4755 4756
v 2.8971522 0.27193183 -3.2171671
v 1.9460982 0.55006611 -3.3518431
l 4757 4758
v 2.8974521 0.27182224 -3.2171535
v 1.9590297 0.61468584 -3.2596735
l 4759 4760
v 2.9416883 -0.24954714 -3.2220454
v 3.71406 0.31000045 -3.5226256
l 4761 4762
v 2.9285998 -0.25767443 -3.2187479
v 3.7955256 0.22094813 -3.3578884
l 4763 4764
v 2.9389365 -0.25129899 -3.2212951
v 3.7610368 0.27206259 -3.445446
l 4765 4766
v 2.9291925 -0.2573472 -3.218843
v 3.7960937 0.22124861 -3.3582289
l 4767 4768
v 2.9310238 -0.25633618 -3.2191374
v 3.7531244 0.26701354 -3.4433152
l 4769 4770
v 2.9520583 -0.2420339 -3.2260814
v 3.6997709 0.33199344 -3.5598755
l 4771 4772
v 2.9439416 -0.24791473 -3.2229223
v 3.7162743 0.31167423 -3.5235256
l 4773 4774
v 2.9483716 -0.24470496 -3.2246466
v 3.7207174 0.31487483 -3.5252336
l 4775 4776
v 2.9074228 -0.26814932 -3.2165298
v 1.9706775 -0.61322134 -3.2751268
l 4777 4778
v 2.9191451 -0.2627928 -3.2171724
v 3.8233388 0.15981569 -3.2791066
l 4779 4780
v 2.9089203 -0.26757118 -3.2164712
v 3.8131289 0.15499445 -3.2784793
l 4781 4782
v 2.9074228 -0.26814932 -3.2165298
v 3.8397005 0.091747179 -3.1800226
l 4783 4784
v 2.9088292 -0.26760638 -3.2164748
v 3.8409743 0.09262378 -3.1798722
l 4785 4786
v 2.8620393 -0.27947441 -3.225636
v 3.8044469 -0.15396686 -2.9156104
l 4787 4788
v 2.8620393 -0.27947441 -3.225636
v 1.9490521 -0.32175672 -3.6314273
l 4789 4790
v 2.8374403 -0.27865219 -3.2391684
v 3.6764058 -0.36399231 -2.7017172
l 4791 4792
v 2.8853011 -0.27539766 -3.2188456
v 3.83634 0.0027618851 -3.0841151
l 4793 4794
v 2.8864741 -0.27505457 -3.2186794
v 3.8375261 0.0030750757 -3.0839793
l 4795 4796
v 2.8670244 -0.27880967 -3.2239952
v 3.8031141 -0.15286948 -2.8955516
l 4797 4798
v 2.8853011 -0.27539766 -3.2188456
v 1.9342885 -0.48075458 -3.4499375
l 4799 4800
v 2.8971522 -0.27193183 -3.2171671
v 3.8355746 0.070931765 -3.1746472
l 4801 4802
v 2.8943186 -0.27276051 -3.2175684
v 3.8453726 0.0053737706 -3.0828924
l 4803 4804
v 2.8099871 0.26742095 -3.2672365
v 2.1413801 -0.10352301 -3.9117248
l 4805 4806
v 2.8374403 0.27865219 -3.2391684
v 1.9882811 0.19311305 -3.7603323
l 4807 4808
v 2.8348899 0.2783953 -3.2407339
v 2.1271565 0.03453317 -3.903791
l 4809 4810
v 2.8299611 0.27669698 -3.2453516
v 2.1069384 0.04707173 -3.8968962
l 4811 4812
v 2.8358891 0.27849594 -3.2401204
v 1.9868019 0.19297436 -3.7614044
l 4813 4814
v 2.8185394 0.27247441 -3.2564325
v 2.2358245 -0.071844921 -3.9925627
l 4815 4816
v 2.8207171 0.27376118 -3.2536817
v 2.2379806 -0.070567913 -3.9897901
l 4817 4818
v 2.8621669 0.27945742 -3.225594
v 1.9197594 0.40496496 -3.5356197
l 4819 4820
v 2.8506904 0.28 -3.2306802
v 3.7636776 0.23771769 -2.824889
l 4821 4822
v 2.8506904 0.28 -3.2306802
v 2.0117248 0.19465988 -3.7681315
l 4823 4824
v 2.8943186 0.27276051 -3.2175684
v 1.9432666 0.55089016 -3.3522685
l 4825 4826
v 2.8864741 0.27505457 -3.2186794
v 1.9354352 0.55321412 -3.3534099
l 4827 4828
v 2.8735919 0.27792609 -3.2216909
v 1.9375022 0.40386627 -3.5501345
l 4829 4830
v 2.8853011 0.27539766 -3.2188456
v 1.9342907 0.48075328 -3.4499477
l 4831 4832
v 2.8751328 0.27759334 -3.2213166
v 1.9241057 0.48295885 -3.4523413
l 4833 4834
v 2.79002 0.2474521 -3.2949221
v 2.3028027 -0.2690907 -3.9990548
l 4835 4836
v 2.7967677 0.25648445 -3.2832913
v 2.380202 -0.3011213 -4.0013086
l 4837 4838
v 2.7871239 0.24438171 -3.2991076
v 2.4089073 -0.33329919 -4.0224587
l 4839 4840
v 2.7777462 0.23032929 -3.3147454
v 2.4583305 -0.47458379 -3.9480472
l 4841 4842
v 2.770874 0.2151632 -3.3283708
v 2.3617895 -0.44598344 -3.9572865
l 4843 4844
v 2.7812986 0.23555252 -3.3096769
v 2.3426661 -0.40937892 -3.9355083
l 4845 4846
v 2.7659235 0.20349984 -3.3387432
v 2.469582 -0.51128801 -3.9721941
l 4847 4848
v 2.770638 0.21478173 -3.3287337
v 2.360765 -0.44629858 -3.9572056
l 4849 4850
v 2.7705235 0.21459715 -3.3289092
v 2.4742203 -0.50021488 -3.9623507
l 4851 4852
v 2.7825401 0.23738164 -3.3078728
v 2.3474586 -0.40365746 -3.9401488
l 4853 4854
v 2.7861726 0.24292873 -3.3009269
v 2.4079027 -0.33471819 -4.0242774
l 4855 4856
v 2.7849553 0.24106972 -3.3032548
v 2.4066601 -0.33660292 -4.0265716
l 4857 4858
v 2.808084 0.26636758 -3.2690506
v 2.2614319 -0.21104577 -3.9569808
l 4859 4860
v 2.8088238 0.26677558 -3.2683578
v 2.1317231 -0.10663359 -3.9024714
l 4861 4862
v 2.7552769 0.19371921 -3.348089
v 1.7946569 0.19371921 -3.6259543
l 4863 4864
v 2.7642806 0.19953699 -3.3422551
v 2.452361 -0.59012518 -3.870592
l 4865 4866
v 2.7621922 0.1914096 -3.3473682
v 2.5866373 -0.64702832 -3.8633162
l 4867 4868
v 2.7596302 0.17917345 -3.354898
v 2.8582006 1.0355041 -2.8479643
l 4869 4870
v 2.7604682 0.19371921 -3.3465862
v 1.799904 0.19371921 -3.6246443
l 4871 4872
v 2.7634583 0.19745523 -3.343648
v 2.5878832 -0.64097971 -3.8595939
l 4873 4874
v 2.7596319 0.17918795 -3.3548894
v 2.8608227 1.0366445 -2.850381
l 4875 4876
v 2.7604232 0.1928357 -3.3470893
v 2.8047012 1.0609868 -2.8527684
l 4877 4878
v 2.760354 0.19148277 -3.3478599
v 2.8046811 1.0596158 -2.8535116
l 4879 4880
v 2.7603338 0.19108605 -3.3480859
v 2.8046755 1.0591085 -2.8535449
l 4881 4882
v 2.760401 0.19240263 -3.3473361
v 2.8048416 1.0603975 -2.8527555
l 4883 4884
v 2.7596653 0.17947079 -3.354723
v 2.8589131 1.0347077 -2.846078
l 4885 4886
v 2.7597284 0.18006723 -3.3543737
v 2.6718149 -0.6798795 -3.8571289
l 4887 4888
v 2.7596672 0.17948723 -3.3547132
v 2.8535162 1.0384064 -2.8512747
l 4889 4890
v 2.7602849 0.19012982 -3.3486304
v 2.8046568 1.0582495 -2.8542627
l 4891 4892
v 2.7602665 0.18976949 -3.3488357
v 2.8044923 1.0578074 -2.8543115
l 4893 4894
v 2.7602158 0.18877688 -3.349401
v 2.7158527 -0.67931427 -3.8438195
l 4895 4896
v 2.7601466 0.18742393 -3.3501716
v 2.8043978 1.0555274 -2.8557647
l 4897 4898
v 2.7601991 0.18845291 -3.3495855
v 2.8049173 1.0565048 -2.8551301
l 4899 4900
v 2.7602158 0.18877688 -3.349401
v 2.8046292 1.0568841 -2.8550153
l 4901 4902
v 2.7601318 0.18713634 -3.3503354
v 2.8047506 1.0552225 -2.8559311
l 4903 4904
v 2.7600775 0.18607099 -3.3509421
v 2.804372 1.0541605 -2.8565146
l 4905 4906
v 2.7601466 0.18742393 -3.3501716
v 2.7157633 -0.68067136 -3.844581
l 4907 4908
v 2.7597566 0.18036631 -3.3541996
v 2.6787222 -0.68109603 -3.855514
l 4909 4910
v 2.7597826 0.18066595 -3.3540261
v 2.6849465 -0.68222287 -3.8538485
l 4911 4912
v 2.7597585 0.18038858 -3.3541868
v 2.8346675 1.0432331 -2.8542988
l 4913 4914
v 2.7597566 0.18036631 -3.3541996
v 2.8336832 1.0438065 -2.8551947
l 4915 4916
v 2.7597842 0.18069017 -3.354012
v 2.8276883 1.0445082 -2.8548052
l 4917 4918
v 2.7597826 0.18066595 -3.3540261
v 2.8192737 1.043819 -2.8526005
l 4919 4920
v 2.7598271 0.18126692 -3.3536797
v 2.6987703 -0.68411879 -3.8510524
l 4921 4922
v 2.759846 0.18156822 -3.353507
v 2.705684 -0.68485148 -3.8498773
l 4923 4924
v 2.7598288 0.18129501 -3.3536637
v 2.8142556 1.0475409 -2.8570192
l 4925 4926
v 2.7598271 0.18126692 -3.3536797
v 2.8114069 1.0493727 -2.8599876
l 4927 4928
v 2.759939 0.18336511 -3.3524833
v 2.8043108 1.0514349 -2.8580281
l 4929 4930
v 2.7598698 0.18201216 -3.3532538
v 2.8042768 1.050073 -2.8587861
l 4931 4932
v 2.7598627 0.18187004 -3.3533349
v 2.803539 1.0496652 -2.8583359
l 4933 4934
v 2.7600646 0.18581977 -3.3510852
v 2.7156546 -0.6822769 -3.8454898
l 4935 4936
v 2.7599299 0.18318662 -3.3525848
v 2.8040041 1.0514768 -2.8584902
l 4937 4938
v 2.7598476 0.18159825 -3.3534899
v 2.8078002 1.0493106 -2.8587416
l 4939 4940
v 2.759846 0.18156822 -3.353507
v 2.8080437 1.0486964 -2.8577593
l 4941 4942
v 2.7596319 -0.17918795 -3.3548894
v 2.6610614 0.67714267 -3.861823
l 4943 4944
v 2.7596653 -0.17947079 -3.354723
v 2.6584744 0.67798572 -3.8592314
l 4945 4946
v 2.7596302 -0.17917345 -3.354898
v 2.9351852 -1.0176114 -2.83895
l 4947 4948
v 2.7596672 -0.17948723 -3.3547132
v 2.6604194 0.67574968 -3.8633582
l 4949 4950
v 2.7634583 -0.19745523 -3.343648
v 3.0753778 -0.98711741 -2.8153111
l 4951 4952
v 2.7621922 -0.1914096 -3.3473682
v 2.9377673 -1.0298445 -2.8314223
l 4953 4954
v 2.7549884 -0.19371921 -3.3481724
v 3.7156085 -0.19371921 -3.0703071
l 4955 4956
v 2.7597284 -0.18006723 -3.3543737
v 2.6719017 0.6798574 -3.8571819
l 4957 4958
v 2.7597284 -0.18006723 -3.3543737
v 2.8407628 -1.0415296 -2.8530594
l 4959 4960
v 2.7552769 -0.19371921 -3.348089
v 3.7158412 -0.19371921 -3.0700309
l 4961 4962
v 2.760354 -0.19148277 -3.3478599
v 2.7160123 0.67653971 -3.8424009
l 4963 4964
v 2.760401 -0.19240263 -3.3473361
v 2.7160739 0.67573038 -3.8416843
l 4965 4966
v 2.7602665 -0.18976949 -3.3488357
v 2.8045984 -1.0578668 -2.8544252
l 4967 4968
v 2.7602849 -0.19012982 -3.3486304
v 2.7160592 0.67790812 -3.8431547
l 4969 4970
v 2.7603338 -0.19108605 -3.3480859
v 2.7159619 0.67703359 -3.8424536
l 4971 4972
v 2.7601466 -0.18742393 -3.3501716
v 2.8045097 -1.0555151 -2.855753
l 4973 4974
v 2.7602158 -0.18877688 -3.349401
v 2.7154976 0.67927504 -3.8438564
l 4975 4976
v 2.7601991 -0.18845291 -3.3495855
v 2.7159478 0.67965057 -3.8439924
l 4977 4978
v 2.7597585 -0.18038858 -3.3541868
v 2.6858318 0.6830516 -3.8531917
l 4979 4980
v 2.7597842 -0.18069017 -3.354012
v 2.7002931 0.6824629 -3.8554376
l 4981 4982
v 2.7598059 -0.18096617 -3.3538525
v 2.6919019 0.68285187 -3.8530593
l 4983 4984
v 2.7597826 -0.18066595 -3.3540261
v 2.6848735 0.68217855 -3.8539141
l 4985 4986
v 2.7601318 -0.18713634 -3.3503354
v 2.7158373 0.68095316 -3.8447629
l 4987 4988
v 2.7601466 -0.18742393 -3.3501716
v 2.7155279 0.68066222 -3.8445759
l 4989 4990
v 2.7600646 -0.18581977 -3.3510852
v 2.8044479 -1.0539151 -2.8566758
l 4991 4992
v 2.7598078 -0.18099232 -3.3538375
v 2.6966891 0.68442502 -3.8508977
l 4993 4994
v 2.7599971 -0.1845032 -3.351835
v 2.7156253 0.68356662 -3.8462902
l 4995 4996
v 2.7600083 -0.18471806 -3.3517127
v 2.7147305 0.68344862 -3.8459156
l 4997 4998
v 2.7600646 -0.18581977 -3.3510852
v 2.7157302 0.68225956 -3.845527
l 4999 5000
v 2.7598271 -0.18126692 -3.3536797
v 2.6989667 0.68411558 -3.8510821
l 5001 5002
v 2.7598271 -0.18126692 -3.3536797
v 2.8139891 -1.0476866 -2.8573094
l 5003 5004
v 2.7598288 -0.18129501 -3.3536637
v 2.708249 0.68681082 -3.8473557
l 5005 5006
v 2.759846 -0.18156822 -3.353507
v 2.7054192 0.68467768 -3.8501515
l 5007 5008
v 2.7598698 -0.18201216 -3.3532538
v 2.7161934 0.68578296 -3.8482528
l 5009 5010
v 2.7642806 -0.19953699 -3.3422551
v 3.0606221 -0.91432484 -2.7088042
l 5011 5012
v 2.770874 -0.2151632 -3.3283708
v 2.3615324 0.44596187 -3.9571419
l 5013 5014
v 2.770638 -0.21478173 -3.3287337
v 3.1797225 -0.87592837 -2.6998179
l 5015 5016
v 2.7705235 -0.21459715 -3.3289092
v 3.1803965 -0.87567746 -2.7004372
l 5017 5018
v 2.7659235 -0.20349984 -3.3387432
v 3.0622268 -0.91831187 -2.7053017
l 5019 5020
v 2.770874 -0.2151632 -3.3283708
v 3.0902898 -0.92007628 -2.695069
l 5021 5022
v 2.7777462 -0.23032929 -3.3147454
v 3.2163787 -0.87526073 -2.688914
l 5023 5024
v 2.7812986 -0.23555252 -3.3096769
v 3.2163801 -0.87659161 -2.6774008
l 5025 5026
v 2.7849553 -0.24106972 -3.3032548
v 3.1632252 -0.81871663 -2.5799044
l 5027 5028
v 2.7825401 -0.23738164 -3.3078728
v 3.1608352 -0.81505428 -2.584556
l 5029 5030
v 2.808084 -0.26636758 -3.2690506
v 3.4851848 -0.63977675 -2.6349369
l 5031 5032
v 2.8058035 -0.26437595 -3.2719204
v 3.3524557 -0.74178931 -2.5839903
l 5033 5034
v 2.8088238 -0.26677558 -3.2683578
v 3.4774308 -0.63771954 -2.6238694
l 5035 5036
v 2.79002 -0.2474521 -3.2949221
v 3.2065857 -0.80505784 -2.5769048
l 5037 5038
v 2.7871239 -0.24438171 -3.2991076
v 3.2743412 -0.76092451 -2.5949749
l 5039 5040
v 2.7861726 -0.24292873 -3.3009269
v 3.1643893 -0.82060963 -2.5775757
l 5041 5042
v 2.8014331 -0.26055902 -3.2774203
v 3.3480895 -0.73798133 -2.5894998
l 5043 5044
v 2.7967677 -0.25648445 -3.2832913
v 3.3434185 -0.73390991 -2.5953685
l 5045 5046
v 2.8299611 -0.27669698 -3.2453516
v 3.5376944 -0.5205591 -2.5822944
l 5047 5048
v 2.8207171 -0.27376118 -3.2536817
v 3.5437398 -0.50338643 -2.602137
l 5049 5050
v 2.8358891 -0.27849594 -3.2401204
v 3.6850482 -0.36403508 -2.7189565
l 5051 5052
v 2.8348899 -0.2783953 -3.2407339
v 3.6839771 -0.36391687 -2.7194498
l 5053 5054
v 2.8099871 -0.26742095 -3.2672365
v 3.3927019 -0.61174028 -2.5311063
l 5055 5056
v 2.8185394 -0.27247441 -3.2564325
v 3.4012759 -0.6168035 -2.5203241
l 5057 5058
v 2.7239668 -0.19371921 -3.3561997
v 3.6973204 -0.19371921 -3.1268904
l 5059 5060
v 2.7142429 -0.19371921 -3.3584878
v 3.6876573 -0.19371921 -3.1294365
l 5061 5062
v 2.7065079 -0.19371921 -3.3603082
v 3.679916 -0.19371921 -3.1312304
l 5063 5064
v 2.7245417 -0.19371921 -3.3560643
v 3.697956 -0.19371921 -3.1270129
l 5065 5066
v 2.7277465 -0.19371921 -3.3553102
v 3.701157 -0.19371921 -3.1262424
l 5067 5068
v 2.7427847 -0.19371921 -3.3513997
v 3.7095541 -0.19371921 -3.0957497
l 5069 5070
v 2.7417257 -0.19371921 -3.3516796
v 1.7749586 -0.19371921 -3.6073384
l 5071 5072
v 2.7417257 -0.19371921 -3.3516796
v 3.708529 -0.19371921 -3.0961579
l 5073 5074
v 2.7508559 -0.19371921 -3.3492653
v 3.7176183 -0.19371921 -3.0935889
l 5075 5076
v 2.7549884 0.19371921 -3.3481724
v 1.788226 0.19371921 -3.6038488
l 5077 5078
v 2.7508559 0.19371921 -3.3492653
v 1.7840865 0.19371921 -3.6049153
l 5079 5080
v 2.7300169 0.19371921 -3.3547759
v 3.696784 0.19371921 -3.0991171
l 5081 5082
v 2.7427847 0.19371921 -3.3513997
v 1.7759814 0.19371921 -3.6069213
l 5083 5084
v 2.7300169 0.19371921 -3.3547759
v 1.7566042 0.19371921 -3.5838341
l 5085 5086
v 2.7245417 0.19371921 -3.3560643
v 1.7511881 0.19371921 -3.5853737
l 5087 5088
v 2.7142429 0.19371921 -3.3584878
v 1.7408348 0.19371921 -3.5875656
l 5089 5090
v 2.7239668 0.19371921 -3.3561997
v 1.7505525 0.19371921 -3.585251
l 5091 5092
v 2.6779895 0.19371921 -3.3657613
v 1.6904149 0.19371921 -3.5229125
l 5093 5094
v 2.667712 0.19371921 -3.3673968
v 1.6801401 0.19371921 -3.524565
l 5095 5096
v 2.6723545 0.19371921 -3.366658
v 1.6847835 0.19371921 -3.5238315
l 5097 5098
v 2.6782095 0.19371921 -3.3657262
v 1.6906557 0.19371921 -3.5230073
l 5099 5100
v 2.6845853 0.19371921 -3.3647115
v 1.6970141 0.19371921 -3.5218839
l 5101 5102
v 2.7002318 0.19371921 -3.3615687
v 1.7198141 0.19371921 -3.5584979
l 5103 5104
v 2.6847389 0.19371921 -3.3646808
v 3.6651546 0.19371921 -3.1677419
l 5105 5106
v 2.6847389 0.19371921 -3.3646808
v 1.7042168 0.19371921 -3.5610897
l 5107 5108
v 2.7019496 0.19371921 -3.3612237
v 1.7215262 0.19371921 -3.5581248
l 5109 5110
v 2.7065079 0.19371921 -3.3603082
v 1.7260752 0.19371921 -3.5571626
l 5111 5112
v 2.7049251 0.19371921 -3.360626
v 1.7245109 0.19371921 -3.557573
l 5113 5114
v 2.6779895 -0.19371921 -3.3657613
v 3.6655434 -0.19371921 -3.2084802
l 5115 5116
v 2.6782095 -0.19371921 -3.3657262
v 3.6657807 -0.19371921 -3.2085539
l 5117 5118
v 2.6975231 -0.19371921 -3.3621128
v 3.6779408 -0.19371921 -3.1651835
l 5119 5120
v 2.6897051 -0.19371921 -3.3636832
v 1.7092846 -0.19371921 -3.5605983
l 5121 5122
v 2.6897051 -0.19371921 -3.3636832
v 3.6701199 -0.19371921 -3.1667392
l 5123 5124
v 2.7049251 -0.19371921 -3.360626
v 3.6853578 -0.19371921 -3.1637715
l 5125 5126
v 2.7002318 -0.19371921 -3.3615687
v 3.6806551 -0.19371921 -3.1646676
l 5127 5128
v 2.7019496 -0.19371921 -3.3612237
v 3.6823637 -0.19371921 -3.1642767
l 5129 5130
v 2.6723545 -0.19371921 -3.366658
v 3.659929 -0.19371921 -3.2095068
l 5131 5132
v 2.6723545 -0.19371921 -3.366658
v 1.6847831 -0.19371921 -3.5238293
l 5133 5134
v 2.6368868 -0.19371921 -3.3702724
v 3.6360548 -0.19371921 -3.3294869
l 5135 5136
v 2.6323986 -0.19371921 -3.3704557
v 3.6315653 -0.19371921 -3.3296398
l 5137 5138
v 2.641959 -0.19371921 -3.3700655
v 3.6411264 -0.19371921 -3.3292674
l 5139 5140
v 2.6399474 -0.19371921 -3.3701475
v 3.6391307 -0.19371921 -3.3297393
l 5141 5142
v 2.6403365 -0.19371921 -3.3701317
v 3.6395031 -0.19371921 -3.3293135
l 5143 5144
v 2.6577623 -0.19371921 -3.3686378
v 3.6520237 -0.19371921 -3.2616603
l 5145 5146
v 2.6549935 -0.19371921 -3.3689349
v 3.6492868 -0.19371921 -3.2622536
l 5147 5148
v 2.6578753 -0.19371921 -3.3686256
v 3.6521666 -0.19371921 -3.2619262
l 5149 5150
v 2.6629586 -0.19371921 -3.3680801
v 3.6572405 -0.19371921 -3.2612925
l 5151 5152
v 2.6643727 0.19371921 -3.3679283
v 1.6700834 0.19371921 -3.4746469
l 5153 5154
v 2.6578753 0.19371921 -3.3686256
v 1.6636139 0.19371921 -3.4756031
l 5155 5156
v 2.6577623 0.19371921 -3.3686378
v 1.663469 0.19371921 -3.4753191
l 5157 5158
v 2.6403365 0.19371921 -3.3701317
v 1.6411533 0.19371921 -3.4105399
l 5159 5160
v 2.6459937 0.19371921 -3.3699007
v 1.6468263 0.19371921 -3.4106987
l 5161 5162
v 2.641959 0.19371921 -3.3700655
v 1.6427924 0.19371921 -3.4108837
l 5163 5164
v 2.6399474 0.19371921 -3.3701475
v 1.6407795 0.19371921 -3.410933
l 5165 5166
v 2.6295722 0.19371921 -3.3705709
v 3.6287405 0.19371921 -3.3297965
l 5167 5168
v 2.5839906 0.19371921 -3.3705151
v 1.5840004 0.19371921 -3.366088
l 5169 5170
v 2.5822134 0.19371921 -3.3705072
v 1.5822237 0.19371921 -3.3659744
l 5171 5172
v 2.5569489 0.19371921 -3.3703945
v 1.5569586 0.19371921 -3.3659868
l 5173 5174
v 2.5569489 0.19371921 -3.3703945
v 3.556939 0.19371921 -3.3748536
l 5175 5176
v 2.6009505 0.19371921 -3.3705359
v 1.6009512 0.19371921 -3.3693515
l 5177 5178
v 2.5991387 0.19371921 -3.3705337
v 1.5991395 0.19371921 -3.3692961
l 5179 5180
v 2.5890048 0.19371921 -3.3705213
v 1.5890055 0.19371921 -3.369285
l 5181 5182
v 2.5962491 0.19371921 -3.3705301
v 1.5962498 0.19371921 -3.3693136
l 5183 5184
v 2.5911534 0.19371921 -3.3705239
v 1.5911541 0.19371921 -3.3693033
l 5185 5186
v 2.6295722 0.19371921 -3.3705709
v 1.6295729 0.19371921 -3.3693545
l 5187 5188
v 2.6246722 0.19371921 -3.3705649
v 1.6246729 0.19371921 -3.3693371
l 5189 5190
v 2.6035006 0.19371921 -3.3705389
v 1.6035013 0.19371921 -3.3693235
l 5191 5192
v 2.6035006 0.19371921 -3.3705389
v 3.6034998 0.19371921 -3.3717898
l 5193 5194
v 2.6225362 0.19371921 -3.3705623
v 1.6225369 0.19371921 -3.3693501
l 5195 5196
v 2.5560834 0.19371921 -3.3703907
v 1.5560938 0.19371921 -3.3658337
l 5197 5198
v 2.5396464 0.19371921 -3.3703172
v 3.5396364 0.19371921 -3.3747879
l 5199 5200
v 2.5551417 0.19371921 -3.3703864
v 1.5551515 0.19371921 -3.3659635
l 5201 5202
v 2.5396464 0.19371921 -3.3703172
v 1.5396857 0.19371921 -3.3614531
l 5203 5204
v 2.5351279 0.19371921 -3.3702772
v 1.535168 0.19371921 -3.3613205
l 5205 5206
v 2.5124691 0.19371921 -3.3700752
v 1.5125291 0.19371921 -3.359117
l 5207 5208
v 2.5124691 0.19371921 -3.3700752
v 3.5124294 0.19371921 -3.3789829
l 5209 5210
v 2.4965286 0.19371921 -3.3699331
v 1.4966374 0.19371921 -3.355187
l 5211 5212
v 2.4934704 0.19371921 -3.3698883
v 3.4933641 0.19371921 -3.3844721
l 5213 5214
v 2.4755728 0.19371921 -3.3696256
v 3.4754651 0.19371921 -3.384304
l 5215 5216
v 2.4755728 0.19371921 -3.3696256
v 1.4756805 0.19371921 -3.3549499
l 5217 5218
v 2.512382 0.19371921 -3.3700743
v 1.5124213 0.19371921 -3.36121
l 5219 5220
v 2.5081863 0.19371921 -3.3700371
v 1.5082261 0.19371921 -3.3611205
l 5221 5222
v 2.4599319 0.17947079 -3.3773003
v 2.6490874 -0.67827923 -3.8553014
l 5223 5224
v 2.4599848 0.17923078 -3.377434
v 2.6487365 -0.67705228 -3.8582168
l 5225 5226
v 2.4567556 0.18953042 -3.3716729
v 2.1932148 1.0314272 -2.900763
l 5227 5228
v 2.4599974 0.17917345 -3.3774662
v 2.1964805 1.021068 -2.906539
l 5229 5230
v 2.4599192 0.17953019 -3.3772671
v 2.6425766 -0.67904559 -3.8563119
l 5231 5232
v 2.4598684 0.17976871 -3.3771341
v 2.6426752 -0.67885472 -3.8560364
l 5233 5234
v 2.4598076 0.18006723 -3.3769674
v 2.6353274 -0.67953637 -3.8568367
l 5235 5236
v 2.459856 0.17983019 -3.3770998
v 2.6332476 -0.68004213 -3.8572611
l 5237 5238
v 2.4698224 0.19371921 -3.3695412
v 1.4699307 0.19371921 -3.3548218
l 5239 5240
v 2.4578767 0.19240263 -3.370096
v 2.325365 1.0583745 -2.8878788
l 5241 5242
v 2.4577787 0.19304366 -3.3697391
v 2.5901599 -0.67297052 -3.851916
l 5243 5244
v 2.4576752 0.19371921 -3.3693628
v 2.5903107 -0.67221247 -3.8516181
l 5245 5246
v 2.4656277 0.19371921 -3.3694794
v 1.4657351 0.19371921 -3.3548205
l 5247 5248
v 2.459795 0.18013078 -3.3769321
v 2.6310583 -0.68123489 -3.8551769
l 5249 5250
v 2.4578767 0.19240263 -3.370096
v 2.5904156 -0.67345932 -3.852503
l 5251 5252
v 2.4580784 0.19108605 -3.3708293
v 2.5905481 -0.67482797 -3.8531619
l 5253 5254
v 2.4579859 0.19168927 -3.3704934
v 2.5907798 -0.67423031 -3.8527268
l 5255 5256
v 2.4584007 0.18898048 -3.3720021
v 2.3257867 1.054897 -2.8897137
l 5257 5258
v 2.4584007 0.18898048 -3.3720021
v 2.5906623 -0.67688277 -3.8544829
l 5259 5260
v 2.4584813 0.18845291 -3.3722961
v 2.3259247 1.0543608 -2.8899763
l 5261 5262
v 2.458683 0.18713634 -3.3730295
v 2.5911989 -0.67878319 -3.8553395
l 5263 5264
v 2.4590225 0.18491729 -3.3742654
v 2.3265582 1.0508513 -2.8919673
l 5265 5266
v 2.4588845 0.18581977 -3.3737626
v 2.5913274 -0.68004871 -3.8561842
l 5267 5268
v 2.4588153 0.18627168 -3.3735111
v 2.5913224 -0.67979315 -3.8555625
l 5269 5270
v 2.4592876 0.18318662 -3.3752294
v 2.3266319 1.049075 -2.8929019
l 5271 5272
v 2.4594374 0.18220849 -3.3757741
v 2.3268261 1.0481119 -2.8934615
l 5273 5274
v 2.4592876 0.18318662 -3.3752294
v 2.591839 -0.68273713 -3.857522
l 5275 5276
v 2.4594891 0.18187004 -3.3759627
v 2.5953494 -0.68378657 -3.857814
l 5277 5278
v 2.4595249 0.18164217 -3.3760896
v 2.5934541 -0.68384064 -3.8587929
l 5279 5280
v 2.4594374 0.18220849 -3.3757741
v 2.3268233 1.048125 -2.8934857
l 5281 5282
v 2.4590225 0.18491729 -3.3742654
v 2.5916523 -0.68107161 -3.8564195
l 5283 5284
v 2.4594374 0.18220849 -3.3757741
v 2.3268732 1.0481308 -2.8934825
l 5285 5286
v 2.4597487 0.18036631 -3.3768008
v 2.6287877 -0.68040347 -3.8569062
l 5287 5288
v 2.4596922 0.18066595 -3.3766336
v 2.6221495 -0.68123583 -3.8569803
l 5289 5290
v 2.4597363 0.18043195 -3.3767641
v 2.6223818 -0.68068953 -3.8584447
l 5291 5292
v 2.4596798 0.18073368 -3.376596
v 2.6176481 -0.68220592 -3.8565765
l 5293 5294
v 2.4596381 0.18096617 -3.3764663
v 2.6144733 -0.68179735 -3.8577824
l 5295 5296
v 2.4594374 0.18220849 -3.3757741
v 2.5917956 -0.68364762 -3.8582412
l 5297 5298
v 2.459626 0.18103597 -3.3764274
v 2.6101002 -0.6827154 -3.8573547
l 5299 5300
v 2.4595861 0.18126692 -3.3762987
v 2.608489 -0.68244761 -3.8577809
l 5301 5302
v 2.4519281 0.20213233 -3.3645918
v 2.0518045 0.99978931 -2.9133221
l 5303 5304
v 2.4546258 0.19633417 -3.3678672
v 2.1907893 1.0374026 -2.8956446
l 5305 5306
v 2.4542742 0.19745523 -3.3672378
v 2.0541635 0.99512252 -2.9159748
l 5307 5308
v 2.4393909 0.22498637 -3.3487926
v 2.008277 0.94018682 -2.7986752
l 5309 5310
v 2.4475617 0.21083686 -3.3596673
v 2.0433435 0.93622665 -2.8025163
l 5311 5312
v 2.4456532 0.21459715 -3.3567836
v 2.7509664 -0.5419543 -3.9350688
l 5313 5314
v 2.4461439 0.21338131 -3.357713
v 2.1407926 0.96993959 -2.7794568
l 5315 5316
v 2.4458163 0.21419296 -3.3570926
v 2.1405795 0.97073068 -2.7787492
l 5317 5318
v 2.4456532 0.21459715 -3.3567836
v 2.0145484 0.92980439 -2.8066679
l 5319 5320
v 2.4091947 0.2581031 -3.3219116
v 1.7161234 0.75430739 -2.7990029
l 5321 5322
v 2.3820519 0.27376118 -3.3052247
v 3.2021818 -0.11499254 -3.7250551
l 5323 5324
v 2.4090617 0.25819835 -3.3218112
v 1.7157875 0.75447994 -2.7992449
l 5325 5326
v 2.3820519 0.27376118 -3.3052247
v 1.4567794 0.523853 -3.0200496
l 5327 5328
v 2.4139266 0.25394377 -3.3262501
v 1.8544021 0.82930836 -2.7296867
l 5329 5330
v 2.4114559 0.25648445 -3.3236158
v 1.7181625 0.7527788 -2.8010872
l 5331 5332
v 2.4142289 0.25363317 -3.3265688
v 1.8523386 0.83092234 -2.7341024
l 5333 5334
v 2.4165332 0.25131887 -3.3283708
v 1.7987551 0.87177359 -2.8452702
l 5335 5336
v 2.4362478 0.2302006 -3.3447819
v 2.0043863 0.94522291 -2.7950195
l 5337 5338
v 2.4227417 0.24585235 -3.3326454
v 1.755977 0.83293938 -2.8735662
l 5339 5340
v 2.4244118 0.24438171 -3.3337953
v 1.7576602 0.83149551 -2.8747314
l 5341 5342
v 2.4361701 0.23032929 -3.3446829
v 1.8845021 0.889654 -2.833847
l 5343 5344
v 2.4317861 0.23556887 -3.3406234
v 1.8800955 0.89488192 -2.8297968
l 5345 5346
v 2.3360946 0.27956107 -3.2971866
v 1.3372669 0.23734809 -3.2734962
l 5347 5348
v 2.326755 0.2785522 -3.2975783
v 1.3364435 0.15326041 -3.3574541
l 5349 5350
v 2.334044 0.27947441 -3.297138
v 1.3437302 0.15417891 -3.3569675
l 5351 5352
v 2.3152225 0.27653843 -3.29883
v 1.3463838 0.072338368 -3.4390227
l 5353 5354
v 2.3218062 0.27792609 -3.2978776
v 1.3529645 0.073721663 -3.4380428
l 5355 5356
v 2.3463919 0.27999574 -3.2972755
v 1.3473188 0.23782372 -3.2886541
l 5357 5358
v 2.3386559 0.2796692 -3.2972088
v 1.3395831 0.2374948 -3.28856
l 5359 5360
v 2.3744199 0.27582404 -3.3028724
v 1.4525028 0.52530262 -3.0065123
l 5361 5362
v 2.3464928 0.28 -3.2972765
v 3.3334465 0.19404335 -3.4334151
l 5363 5364
v 2.3717692 0.27654135 -3.3020203
v 1.4498462 0.52601493 -3.0056742
l 5365 5366
v 2.3464928 0.28 -3.2972765
v 1.347429 0.23778188 -3.2878291
l 5367 5368
v 2.3119173 0.2758418 -3.2993083
v 1.3430761 0.071652417 -3.4394993
l 5369 5370
v 2.2989395 0.27217978 -3.3021128
v 3.2353193 0.54936723 -3.0867993
l 5371 5372
v 2.4656277 -0.19371921 -3.3694794
v 3.4655193 -0.19371921 -3.3841988
l 5373 5374
v 2.4546258 -0.19633417 -3.3678672
v 2.7181666 0.64556257 -3.8387771
l 5375 5376
v 2.4567556 -0.18953042 -3.3716729
v 2.7202725 0.65236412 -3.8426001
l 5377 5378
v 2.4599974 -0.17917345 -3.3774662
v 2.2712457 -1.0354565 -2.8966834
l 5379 5380
v 2.4599319 -0.17947079 -3.3773003
v 2.2772745 -1.0380466 -2.8982555
l 5381 5382
v 2.4599192 -0.17953019 -3.3772671
v 2.2771124 -1.0381536 -2.8983648
l 5383 5384
v 2.4599848 -0.17923078 -3.377434
v 2.2708293 -1.0369808 -2.8994329
l 5385 5386
v 2.4576752 -0.19371921 -3.3693628
v 3.4575678 -0.19371921 -3.3840217
l 5387 5388
v 2.4578767 -0.19240263 -3.370096
v 2.3254954 -1.0584168 -2.887919
l 5389 5390
v 2.4577787 -0.19304366 -3.3697391
v 2.3251432 -1.0589753 -2.8874838
l 5391 5392
v 2.4581933 -0.19033487 -3.3712478
v 2.3257236 -1.0562489 -2.8889152
l 5393 5394
v 2.4580784 -0.19108605 -3.3708293
v 2.3252845 -1.0570056 -2.8885959
l 5395 5396
v 2.4578767 -0.19240263 -3.370096
v 2.5904648 0.67349506 -3.8524253
l 5397 5398
v 2.4581933 -0.19033487 -3.3712478
v 2.5908074 0.67558164 -3.8535362
l 5399 5400
v 2.4584813 -0.18845291 -3.3722961
v 2.3262197 -1.0543162 -2.8898153
l 5401 5402
v 2.4598684 -0.17976871 -3.3771341
v 2.2864768 -1.039641 -2.8969727
l 5403 5404
v 2.459856 -0.17983019 -3.3770998
v 2.2843363 -1.0394338 -2.8972305
l 5405 5406
v 2.4581933 -0.19033487 -3.3712478
v 2.5907325 0.67559039 -3.853541
l 5407 5408
v 2.4586079 -0.18762608 -3.3727565
v 2.5912122 0.67822677 -3.8551618
l 5409 5410
v 2.4588153 -0.18627168 -3.3735111
v 2.5912797 0.67966232 -3.8558092
l 5411 5412
v 2.4590225 -0.18491729 -3.3742654
v 2.3265796 -1.0507858 -2.8918438
l 5413 5414
v 2.4588845 -0.18581977 -3.3737626
v 2.3263774 -1.0518846 -2.8917112
l 5415 5416
v 2.4590225 -0.18491729 -3.3742654
v 2.5916366 0.68099923 -3.8565538
l 5417 5418
v 2.4592299 -0.18356289 -3.3750198
v 2.3266228 -1.0494475 -2.8926723
l 5419 5420
v 2.4590859 -0.1845032 -3.374496
v 2.3264562 -1.0504921 -2.8923419
l 5421 5422
v 2.4594374 -0.18220849 -3.3757741
v 2.326886 -1.0481322 -2.8934815
l 5423 5424
v 2.4592876 -0.18318662 -3.3752294
v 2.3265105 -1.0490843 -2.892952
l 5425 5426
v 2.4595363 -0.18156822 -3.3761308
v 2.3256071 -1.047051 -2.8934275
l 5427 5428
v 2.4595249 -0.18164217 -3.3760896
v 2.3236646 -1.0472988 -2.8942383
l 5429 5430
v 2.4598076 -0.18006723 -3.3769674
v 2.2885443 -1.0414329 -2.8987227
l 5431 5432
v 2.4588153 -0.18627168 -3.3735111
v 2.5913545 0.67965358 -3.8558044
l 5433 5434
v 2.459795 -0.18013078 -3.3769321
v 2.2907561 -1.0409006 -2.8968267
l 5435 5436
v 2.4597487 -0.18036631 -3.3768008
v 2.2971033 -1.0414878 -2.8951201
l 5437 5438
v 2.4597363 -0.18043195 -3.3767641
v 2.2972791 -1.0423337 -2.8964174
l 5439 5440
v 2.4596922 -0.18066595 -3.3766336
v 2.301724 -1.0436056 -2.8966532
l 5441 5442
v 2.4594891 -0.18187004 -3.3759627
v 2.3271309 -1.0477262 -2.8934956
l 5443 5444
v 2.4596798 -0.18073368 -3.376596
v 2.3048447 -1.0434972 -2.8952799
l 5445 5446
v 2.4596381 -0.18096617 -3.3764663
v 2.3091639 -1.0447175 -2.895539
l 5447 5448
v 2.4595742 -0.1813388 -3.3762586
v 2.3167017 -1.0459872 -2.8946254
l 5449 5450
v 2.459626 -0.18103597 -3.3764274
v 2.3107231 -1.0447505 -2.8949452
l 5451 5452
v 2.4595861 -0.18126692 -3.3762987
v 2.3162168 -1.0457842 -2.8945776
l 5453 5454
v 2.4951868 -0.19371921 -3.3699133
v 3.4950781 -0.19371921 -3.3846594
l 5455 5456
v 2.4951868 -0.19371921 -3.3699133
v 1.4952944 -0.19371921 -3.3552457
l 5457 5458
v 2.4965286 -0.19371921 -3.3699331
v 3.496489 -0.19371921 -3.3788358
l 5459 5460
v 2.5551417 -0.19371921 -3.3703864
v 3.5551313 -0.19371921 -3.3749433
l 5461 5462
v 2.5396464 -0.19371921 -3.3703172
v 3.5396363 -0.19371921 -3.3748114
l 5463 5464
v 2.5551417 -0.19371921 -3.3703864
v 1.5551516 -0.19371921 -3.3659415
l 5465 5466
v 2.5396464 -0.19371921 -3.3703172
v 1.5396859 -0.19371921 -3.3614252
l 5467 5468
v 2.512382 -0.19371921 -3.3700743
v 3.512322 -0.19371921 -3.3810325
l 5469 5470
v 2.5839906 -0.19371921 -3.3705151
v 1.5840005 -0.19371921 -3.3660513
l 5471 5472
v 2.5560834 -0.19371921 -3.3703907
v 3.5560737 -0.19371921 -3.3747983
l 5473 5474
v 2.573314 -0.19371921 -3.3704674
v 1.5733239 -0.19371921 -3.3660118
l 5475 5476
v 2.5569489 -0.19371921 -3.3703945
v 3.556939 -0.19371921 -3.3748549
l 5477 5478
v 2.5812666 -0.19371921 -3.3705029
v 1.5812766 -0.19371921 -3.366036
l 5479 5480
v 2.6009505 -0.19371921 -3.3705359
v 1.6009512 -0.19371921 -3.3693188
l 5481 5482
v 2.5839906 -0.19371921 -3.3705151
v 3.5839898 -0.19371921 -3.3717514
l 5483 5484
v 2.5962491 -0.19371921 -3.3705301
v 1.5962498 -0.19371921 -3.3693124
l 5485 5486
v 2.6009505 -0.19371921 -3.3705359
v 3.6009497 -0.19371921 -3.3717513
l 5487 5488
v 2.6035006 -0.19371921 -3.3705389
v 3.6034999 -0.19371921 -3.3717643
l 5489 5490
v 2.4139266 -0.25394377 -3.3262501
v 2.975817 0.32334539 -3.9187165
l 5491 5492
v 2.4142289 -0.25363317 -3.3265688
v 3.032007 0.36682155 -3.8096694
l 5493 5494
v 2.4165332 -0.25131887 -3.3283708
v 3.0832979 0.33576816 -3.78745
l 5495 5496
v 2.4227417 -0.24585235 -3.3326454
v 3.0894932 0.34126145 -3.7917094
l 5497 5498
v 2.4114559 -0.25648445 -3.3236158
v 2.9709804 0.31888014 -3.9201792
l 5499 5500
v 2.4091947 -0.2581031 -3.3219116
v 3.1024881 0.23819125 -3.8444402
l 5501 5502
v 2.4461439 -0.21338131 -3.357713
v 2.8503621 0.51200848 -3.914864
l 5503 5504
v 2.4461439 -0.21338131 -3.357713
v 2.1408307 -0.96993276 -2.7794278
l 5505 5506
v 2.4456532 -0.21459715 -3.3567836
v 2.75089 0.54194057 -3.9351271
l 5507 5508
v 2.4458163 -0.21419296 -3.3570926
v 2.7511675 0.54236533 -3.9353488
l 5509 5510
v 2.4393909 -0.22498637 -3.3487926
v 2.8704957 0.49022086 -3.8989082
l 5511 5512
v 2.3744199 -0.27582404 -3.3028724
v 3.2996925 -0.025732219 -3.5880475
l 5513 5514
v 2.3976498 -0.26636758 -3.3132093
v 1.5775199 -0.65512131 -2.8933788
l 5515 5516
v 2.4542742 -0.19745523 -3.3672378
v 2.7181107 0.64361316 -3.8394605
l 5517 5518
v 2.4475617 -0.21083686 -3.3596673
v 2.8476854 0.58682012 -3.8109371
l 5519 5520
v 2.4519281 -0.20213233 -3.3645918
v 2.8520388 0.59553497 -3.8158549
l 5521 5522
v 2.3360946 -0.27956107 -3.2971866
v 3.3351677 -0.32173368 -3.3058149
l 5523 5524
v 2.334044 -0.27947441 -3.297138
v 3.3328717 -0.32168739 -3.3208283
l 5525 5526
v 2.3119173 -0.2758418 -3.2993083
v 3.280756 -0.48004187 -3.1591157
l 5527 5528
v 2.326755 -0.2785522 -3.2975783
v 3.3170689 -0.4038477 -3.2377488
l 5529 5530
v 2.3152225 -0.27653843 -3.29883
v 3.2840642 -0.48074286 -3.1586648
l 5531 5532
v 2.3218062 -0.27792609 -3.2978776
v 3.3121177 -0.40321788 -3.2380018
l 5533 5534
v 2.2989395 -0.27217978 -3.3021128
v 3.2353246 -0.54936694 -3.0868218
l 5535 5536
v 2.3098099 -0.27539766 -3.2996132
v 3.2786511 -0.47958704 -3.1594223
l 5537 5538
v 2.3040621 -0.27369618 -3.300935
v 3.2404373 -0.55088389 -3.0856014
l 5539 5540
v 2.2981031 -0.27193183 -3.3022909
v 3.2374799 -0.55042439 -3.1022583
l 5541 5542
v 2.2981031 -0.27193183 -3.3022909
v 1.3991913 0.073242218 -3.5721287
l 5543 5544
v 2.2837372 -0.26614195 -3.3068769
v 3.1354767 -0.67059846 -2.9737782
l 5545 5546
v 2.2551506 -0.24954714 -3.3209167
v 3.0045774 -0.75514872 -2.8934516
l 5547 5548
v 2.2545512 -0.24907552 -3.3213258
v 2.9470887 -0.79399429 -2.8486152
l 5549 5550
v 2.2598045 -0.25268692 -3.3182621
v 3.0092332 -0.75828655 -2.8907979
l 5551 5552
v 2.2629428 -0.25480416 -3.3164721
v 3.0080835 -0.75657232 -2.8771612
l 5553 5554
v 2.2632902 -0.25503808 -3.3162673
v 3.0084105 -0.75681923 -2.8769366
l 5555 5556
v 2.2828627 -0.26572657 -3.307219
v 3.1345309 -0.67025735 -2.9740282
l 5557 5558
v 2.2757699 -0.26235843 -3.3099928
v 3.1275075 -0.66682568 -2.9769021
l 5559 5560
v 2.2652178 -0.25633618 -3.3151307
v 3.0651419 -0.71285843 -2.9256326
l 5561 5562
v 2.2728636 -0.26069972 -3.3114078
v 3.0727939 -0.71723906 -2.9219422
l 5563 5564
v 2.2457473 -0.2420339 -3.3258269
v 2.9710138 -0.82211537 -2.9550249
l 5565 5566
v 2.2541511 -0.2487554 -3.3215303
v 2.9792982 -0.8289973 -2.950746
l 5567 5568
v 2.2385347 -0.23558444 -3.3300283
v 2.8968386 -0.86440309 -2.9162372
l 5569 5570
v 2.2411716 -0.23810324 -3.3283708
v 2.9401164 -0.83851252 -2.9398032
l 5571 5572
v 2.2451549 -0.24152495 -3.3261564
v 2.9440593 -0.84190428 -2.9374699
l 5573 5574
v 2.2289205 -0.22640125 -3.336071
v 2.887246 -0.85521134 -2.9223014
l 5575 5576
v 2.2280939 -0.22543181 -3.3367262
v 2.8050866 -0.9021335 -2.8793924
l 5577 5578
v 2.2385347 0.23558444 -3.3300283
v 1.5802091 -0.39322565 -3.743798
l 5579 5580
v 2.2289205 0.22640125 -3.336071
v 1.6519277 -0.45030043 -3.7934048
l 5581 5582
v 2.2545512 0.24907552 -3.3213258
v 1.5294041 -0.33116639 -3.6921102
l 5583 5584
v 2.2411716 0.23810324 -3.3283708
v 2.9401112 0.83850864 -2.9397878
l 5585 5586
v 2.2541511 0.2487554 -3.3215303
v 1.5288847 -0.33132607 -3.6923323
l 5587 5588
v 2.2411716 0.23810324 -3.3283708
v 1.5828677 -0.39071541 -3.7421619
l 5589 5590
v 2.2551506 0.24954714 -3.3209167
v 1.562613 -0.29537164 -3.7936272
l 5591 5592
v 2.2598045 0.25268692 -3.3182621
v 1.5103776 -0.25291467 -3.7457272
l 5593 5594
v 2.2629428 0.25480416 -3.3164721
v 1.5135141 -0.25079547 -3.7439362
l 5595 5596
v 2.2837372 0.26614195 -3.3068769
v 1.432069 -0.13838884 -3.6400677
l 5597 5598
v 2.2828627 0.26572657 -3.307219
v 1.4311251 -0.13874069 -3.6403097
l 5599 5600
v 2.2632902 0.25503808 -3.3162673
v 1.5181494 -0.24673007 -3.7555781
l 5601 5602
v 2.2652178 0.25633618 -3.3151307
v 1.5200975 -0.24544496 -3.7544614
l 5603 5604
v 2.2757699 0.26235843 -3.3099928
v 1.4758397 -0.19418091 -3.6994584
l 5605 5606
v 2.2728636 0.26069972 -3.3114078
v 1.4729395 -0.19582252 -3.7009059
l 5607 5608
v 2.2989395 0.27217978 -3.3021128
v 1.3595626 -0.0063127796 -3.5021455
l 5609 5610
v 2.2981031 0.27193183 -3.3022909
v 1.3991912 -0.073241978 -3.5721286
l 5611 5612
v 2.286747 0.26757118 -3.3056998
v 1.4350075 -0.13688533 -3.6387985
l 5613 5614
v 2.2932701 0.27007601 -3.3037417
v 1.3943584 -0.075098217 -3.5735795
l 5615 5616
v 2.2197142 0.21562119 -3.3431826
v 1.6388962 -0.46437832 -3.7906769
l 5617 5618
v 2.2142186 0.20918721 -3.3474166
v 1.7177966 -0.5098005 -3.8338546
l 5619 5620
v 2.2280939 0.22543181 -3.3367262
v 1.6472899 -0.45454789 -3.7842688
l 5621 5622
v 2.2270153 0.22416903 -3.3375573
v 1.6461991 -0.45582859 -3.7850568
l 5623 5624
v 2.194381 0.17867959 -3.3631375
v 1.739933 -0.62312751 -3.751187
l 5625 5626
v 2.18975 0.17050879 -3.3670919
v 1.824244 -0.66206461 -3.7832973
l 5627 5628
v 2.2027445 0.1928715 -3.3561282
v 1.6649718 -0.56670739 -3.7219704
l 5629 5630
v 2.2010763 0.19051522 -3.3572631
v 1.7490887 -0.60850595 -3.753839
l 5631 5632
v 2.1960938 0.18170723 -3.3616347
v 1.7440813 -0.61729751 -3.7582153
l 5633 5634
v 2.2111957 0.20480901 -3.3503788
v 1.6733996 -0.55477109 -3.716184
l 5635 5636
v 2.2102087 0.2034149 -3.3510501
v 1.6724578 -0.55617732 -3.7168966
l 5637 5638
v 2.1642249 -0.079608105 -3.396642
v 2.2949695 -1.0501615 -3.1943256
l 5639 5640
v 2.1647553 -0.083546013 -3.3958211
v 2.2954468 -1.0541011 -3.1934783
l 5641 5642
v 2.1634572 -0.05484283 -3.4020925
v 2.1936703 -1.0310201 -3.1872318
l 5643 5644
v 2.1635277 -0.057122983 -3.4015906
v 2.1937935 -1.0333028 -3.186749
l 5645 5646
v 2.1634543 -0.054781601 -3.4020965
v 2.2100284 -1.051515 -3.3361166
l 5647 5648
v 2.1634729 -0.051990408 -3.4023037
v 2.1568287 -1.0492248 -3.3282806
l 5649 5650
v 2.1674716 -0.10371755 -3.3916156
v 2.3973109 -1.058666 -3.2038728
l 5651 5652
v 2.1668506 -0.099105775 -3.3925772
v 2.2975572 -1.0696558 -3.1902202
l 5653 5654
v 2.1727934 -0.12698647 -3.3839312
v 2.4765647 -1.0284486 -3.0755662
l 5655 5656
v 2.1752529 -0.13428529 -3.3814344
v 2.4790054 -1.0357808 -3.0731484
l 5657 5658
v 2.1683464 -0.10735204 -3.3909011
v 2.3770114 -1.0289817 -3.0637044
l 5659 5660
v 2.168709 -0.10895372 -3.3903325
v 2.3774535 -1.0305784 -3.0631724
l 5661 5662
v 2.1803098 -0.14929137 -3.3763015
v 2.5766726 -1.0215663 -3.0898877
l 5663 5664
v 2.1757481 -0.13575496 -3.3809319
v 2.479533 -1.037215 -3.0725742
l 5665 5666
v 2.18435 -0.15820871 -3.3732409
v 2.5498628 -0.990771 -2.9570194
l 5667 5668
v 2.1840107 -0.15743609 -3.3736272
v 2.5495925 -0.98998244 -2.9574343
l 5669 5670
v 2.18975 -0.17050879 -3.3670919
v 2.6441979 -0.97231588 -2.9790424
l 5671 5672
v 2.1880088 -0.16654263 -3.3690746
v 2.5535148 -0.99911603 -2.9528692
l 5673 5674
v 2.2010763 -0.19051522 -3.3572631
v 2.7388489 -0.9500941 -2.9914209
l 5675 5676
v 2.194381 -0.17867959 -3.3631375
v 2.6463935 -0.97768433 -2.9665569
l 5677 5678
v 2.1960938 -0.18170723 -3.3616347
v 2.6480813 -0.98072841 -2.9650588
l 5679 5680
v 2.2142186 -0.20918721 -3.3474166
v 2.7950365 -0.88918672 -2.8999223
l 5681 5682
v 2.2111957 -0.20480901 -3.3503788
v 2.7076177 -0.92379672 -2.8639408
l 5683 5684
v 2.2102087 -0.2034149 -3.3510501
v 2.7480047 -0.962995 -2.9852449
l 5685 5686
v 2.2027445 -0.1928715 -3.3561282
v 2.7404954 -0.95246372 -2.9902817
l 5687 5688
v 2.2280939 -0.22543181 -3.3367262
v 1.6472793 0.4545635 -3.7842312
l 5689 5690
v 2.1638176 0.00023119984 -3.4061441
v 2.1710162 -0.99699792 -3.4801865
l 5691 5692
v 2.1634948 0.048694756 -3.4025483
v 2.1568576 1.0459295 -3.3285293
l 5693 5694
v 2.1635354 0.042607911 -3.4029999
v 2.1568949 1.0398454 -3.3290178
l 5695 5696
v 2.1636546 0.02471536 -3.4043274
v 2.1701156 -0.9724995 -3.4786293
l 5697 5698
v 2.1636569 0.024347378 -3.4043548
v 2.1570165 1.0215839 -3.3303598
l 5699 5700
v 2.1637361 0.012473281 -3.4052358
v 2.1570939 1.0097097 -3.3312398
l 5701 5702
v 2.1636953 0.018594321 -3.4047816
v 2.1708183 -0.97863259 -3.4788609
l 5703 5704
v 2.1636977 0.018260533 -3.4048064
v 2.1703121 -0.97897643 -3.4787975
l 5705 5706
v 2.1636569 0.024347378 -3.4043548
v 2.1703107 -0.97289042 -3.4783312
l 5707 5708
v 2.1637769 0.0063522402 -3.40569
v 2.1571347 1.0035887 -3.331694
l 5709 5710
v 2.1637383 0.012173689 -3.4052582
v 2.1703547 -0.98506519 -3.4792232
l 5711 5712
v 2.1637361 0.012473281 -3.4052358
v 2.1708783 -0.98471498 -3.4798318
l 5713 5714
v 2.1637769 0.0063522402 -3.40569
v 2.1709436 -0.99085386 -3.4800448
l 5715 5716
v 2.1637788 0.0060868445 -3.4057097
v 2.1703972 -0.99115094 -3.4796894
l 5717 5718
v 2.1638193 0 -3.4061613
v 2.1566208 -0.99722912 -3.332119
l 5719 5720
v 2.1638176 -0.00023119984 -3.4061441
v 2.1571993 -0.99746899 -3.3321645
l 5721 5722
v 2.1637788 -0.0060868445 -3.4057097
v 2.1566121 -1.0032929 -3.3313549
l 5723 5724
v 2.1637769 -0.0063522402 -3.40569
v 2.1571605 -1.0035911 -3.3317249
l 5725 5726
v 2.1637383 -0.012173689 -3.4052582
v 2.1565961 -1.0093619 -3.3306622
l 5727 5728
v 2.1636953 -0.018594321 -3.4047816
v 2.1703375 0.9786421 -3.4787775
l 5729 5730
v 2.1636977 -0.018260533 -3.4048064
v 2.1565747 -1.0154874 -3.3307271
l 5731 5732
v 2.1637361 -0.012473281 -3.4052358
v 2.1571217 -1.0097102 -3.3312446
l 5733 5734
v 2.1636569 -0.024347378 -3.4043548
v 2.1571959 -1.0215622 -3.3300529
l 5735 5736
v 2.1636546 -0.02471536 -3.4043274
v 2.1570026 -1.0219543 -3.3303659
l 5737 5738
v 2.1636953 -0.018594321 -3.4047816
v 2.1570416 -1.0158321 -3.3308052
l 5739 5740
v 2.1637361 -0.012473281 -3.4052358
v 2.1703783 0.98476314 -3.4792317
l 5741 5742
v 2.1634915 -0.049199522 -3.4025109
v 2.1568466 -1.0464333 -3.3284797
l 5743 5744
v 2.1634948 -0.048694756 -3.4025483
v 2.1701352 0.94854271 -3.4765304
l 5745 5746
v 2.1634948 -0.048694756 -3.4025483
v 2.1569004 -1.0459348 -3.3285964
l 5747 5748
v 2.1635354 -0.042607911 -3.4029999
v 2.1701758 0.95462955 -3.4769819
l 5749 5750
v 2.1635759 -0.036521066 -3.4034514
v 2.1702163 0.96071351 -3.4774724
l 5751 5752
v 2.1636164 -0.030434223 -3.4039032
v 2.1571134 -1.0276788 -3.3300052
l 5753 5754
v 2.1636138 -0.030836402 -3.4038734
v 2.1569637 -1.0280703 -3.3298438
l 5755 5756
v 2.1668506 0.099105775 -3.3925772
v 2.0361591 -0.87144928 -3.59492
l 5757 5758
v 2.1647553 0.083546013 -3.3958211
v 2.0340107 -0.88700739 -3.5981375
l 5759 5760
v 2.1642249 0.079608105 -3.396642
v 2.1339591 -0.89657173 -3.6114836
l 5761 5762
v 2.1635277 0.057122983 -3.4015906
v 2.1333145 -0.91905429 -3.6164512
l 5763 5764
v 2.1634543 0.054781601 -3.4020965
v 2.1700985 -0.94245279 -3.4761196
l 5765 5766
v 2.1634572 0.05484283 -3.4020925
v 2.1168831 -0.94189059 -3.4680724
l 5767 5768
v 2.1752529 0.13428529 -3.3814344
v 1.8714816 -0.76717688 -3.6897994
l 5769 5770
v 2.1757481 0.13575496 -3.3809319
v 1.8719956 -0.76574054 -3.6892179
l 5771 5772
v 2.168709 0.10895372 -3.3903325
v 1.960044 -0.81267594 -3.7175291
l 5773 5774
v 2.1727934 0.12698647 -3.3839312
v 1.964049 -0.79463821 -3.7110912
l 5775 5776
v 2.1683464 0.10735204 -3.3909011
v 1.9385071 -0.84759641 -3.5786439
l 5777 5778
v 2.1674716 0.10371755 -3.3916156
v 2.036765 -0.86683252 -3.5939726
l 5779 5780
v 2.1880088 0.16654263 -3.3690746
v 1.822496 -0.66601965 -3.7852962
l 5781 5782
v 2.18435 0.15820871 -3.3732409
v 1.8187682 -0.67433764 -3.7894338
l 5783 5784
v 2.1840107 0.15743609 -3.3736272
v 1.7876479 -0.71483888 -3.660041
l 5785 5786
v 2.1803098 0.14929137 -3.3763015
v 1.8765249 -0.75216872 -3.6846592
l 5787 5788
v 2.3463919 -0.27999574 -3.2972755
v 3.3454557 -0.32221386 -3.306723
l 5789 5790
v 2.3464928 -0.28 -3.2972765
v 3.333445 -0.19404508 -3.4334273
l 5791 5792
v 2.353157 -0.2794196 -3.2981958
v 3.3401117 -0.19346197 -3.4343275
l 5793 5794
v 7.2122383 -2.3024359 -0.78283119
v 7.517744 -3.2518094 -0.70964556
l 5795 5796
v 7.2161932 -2.3147259 -0.78188378
v 7.5214965 -3.2641662 -0.70871981
l 5797 5798
v 7.2430797 -2.1983922 -0.79093933
v 6.4883015 -2.8523298 -0.7392136
l 5799 5800
v 7.2098327 -2.283401 -0.78430361
v 7.2511589 -3.2795614 -0.7071243
l 5801 5802
v 7.2095637 -2.2769248 -0.7848053
v 7.2509313 -3.2730842 -0.70763531
l 5803 5804
v 7.2338786 -2.2063639 -0.79030877
v 6.7143156 -3.0581849 -0.72356152
l 5805 5806
v 7.2163253 -2.2387166 -0.78777665
v 6.9107937 -3.1880177 -0.71376428
l 5807 5808
v 7.2187595 -2.2311521 -0.78836644
v 6.9132721 -3.1804671 -0.7143508
l 5809 5810
v 7.2283273 -2.2154653 -0.7895956
v 6.7087761 -3.0672936 -0.72284888
l 5811 5812
v 7.2122383 -2.251415 -0.78678662
v 7.0649595 -3.2375356 -0.7101377
l 5813 5814
v 7.2113924 -2.2570789 -0.78634638
v 7.0640526 -3.2431904 -0.70969734
l 5815 5816
v 7.2098341 -2.2704122 -0.78531057
v 7.1684798 -3.2665633 -0.70802644
l 5817 5818
v 7.210001 -2.2663913 -0.78562254
v 7.1686547 -3.2625424 -0.70833444
l 5819 5820
v 7.3691368 -2.16099 -0.79270464
v 6.3790586 -2.0225891 -0.81699933
l 5821 5822
v 7.3068032 -2.1641433 -0.79330981
v 8.3040053 -2.0898006 -0.78548991
l 5823 5824
v 7.2911239 -2.1703043 -0.79304391
v 6.3605134 -2.5359753 -0.77726957
l 5825 5826
v 7.3068032 -2.1641433 -0.79330981
v 6.3761924 -2.5298132 -0.77752817
l 5827 5828
v 7.3068032 -2.3896089 -0.77574831
v 8.304194 -2.4592465 -0.75671483
l 5829 5830
v 7.28616 -2.3815954 -0.77665424
v 8.2175915 -2.74321 -0.73578623
l 5831 5832
v 7.2886324 -2.3825552 -0.77654576
v 8.2200799 -2.7441276 -0.73566798
l 5833 5834
v 7.2522674 -2.1904297 -0.79155678
v 6.4975425 -2.8445076 -0.7408367
l 5835 5836
v 7.2859864 -2.172323 -0.79295683
v 6.3548953 -2.5360302 -0.76491372
l 5837 5838
v 7.2626362 -2.1814442 -0.79225355
v 6.507891 -2.8354988 -0.74153517
l 5839 5840
v 7.2626362 -2.3724091 -0.77737719
v 8.1937486 -2.7360172 -0.7487618
l 5841 5842
v 7.2166882 -2.3162651 -0.78176516
v 7.5222193 -3.2655639 -0.70772098
l 5843 5844
v 7.2187595 -2.322701 -0.78126317
v 7.7382992 -3.1745539 -0.71474116
l 5845 5846
v 7.2626362 -2.3724091 -0.77737719
v 6.5078831 -1.7183999 -0.82855946
l 5847 5848
v 7.2278366 -2.337584 -0.78010094
v 7.7473991 -3.1894229 -0.71357698
l 5849 5850
v 7.4868789 -2.1870797 -0.78796446
v 6.5507202 -1.8393517 -0.83985137
l 5851 5852
v 7.4799113 -2.1844916 -0.78835064
v 6.5176549 -1.9163227 -0.83469609
l 5853 5854
v 7.4218574 -2.1683125 -0.7911467
v 6.4318539 -2.0321404 -0.82789332
l 5855 5856
v 7.4421177 -2.173959 -0.79017091
v 6.4798632 -1.9057829 -0.83651546
l 5857 5858
v 7.4218574 -2.3847854 -0.77420151
v 8.3828295 -2.1081644 -0.77053554
l 5859 5860
v 7.4059968 -2.3871126 -0.77443719
v 8.3952959 -2.2419537 -0.7597369
l 5861 5862
v 7.4009953 -2.1654336 -0.79186863
v 6.4109174 -2.0273367 -0.8178498
l 5863 5864
v 7.4058151 -2.166106 -0.79174215
v 6.4157389 -2.0279968 -0.81772332
l 5865 5866
v 7.39747 -2.3883474 -0.77447116
v 8.3871393 -2.2450329 -0.77052787
l 5867 5868
v 7.3393631 -2.3918743 -0.77508539
v 8.3367418 -2.4612059 -0.75437662
l 5869 5870
v 7.3146367 -2.3901558 -0.77559882
v 8.3120162 -2.4594752 -0.75488861
l 5871 5872
v 7.3621678 -2.3934596 -0.77461189
v 8.351837 -2.2501437 -0.77066673
l 5873 5874
v 7.4981217 -2.191252 -0.78732115
v 6.5619447 -1.8438286 -0.84088888
l 5875 5876
v 7.5321097 -2.2038715 -0.78537571
v 6.6164367 -1.8060427 -0.84260528
l 5877 5878
v 7.5320115 -2.2038288 -0.78538185
v 6.5958349 -1.8564047 -0.8389533
l 5879 5880
v 7.5320115 -2.3482203 -0.77401859
v 8.4458047 -1.9420901 -0.78036437
l 5881 5882
v 7.4452348 -2.3780541 -0.77410203
v 8.4061336 -2.1012021 -0.76896866
l 5883 5884
v 7.4385285 -2.3799865 -0.77413791
v 8.3994199 -2.1031085 -0.76899663
l 5885 5886
v 7.5004301 -2.3602486 -0.77395684
v 8.4349438 -2.004326 -0.77578407
l 5887 5888
v 7.4799113 -2.3680632 -0.77391678
v 8.4144283 -2.0121493 -0.77574103
l 5889 5890
v 7.6039009 -2.236248 -0.78018326
v 6.703986 -1.8053692 -0.84723996
l 5891 5892
v 7.5876956 -2.2284889 -0.78139079
v 6.6877793 -1.7976137 -0.84845186
l 5893 5894
v 7.5472965 -2.2104459 -0.7842989
v 6.6315332 -1.81401 -0.849231
l 5895 5896
v 7.5756202 -2.2227073 -0.78229064
v 6.6598571 -1.8262708 -0.84722188
l 5897 5898
v 7.5756202 -2.3287838 -0.77394342
v 8.4730376 -1.8876043 -0.77560633
l 5899 5900
v 7.5322261 -2.348125 -0.77402008
v 8.4456081 -1.9410246 -0.77240585
l 5901 5902
v 7.5487857 -2.3407443 -0.77399081
v 8.4621652 -1.9336382 -0.77237792
l 5903 5904
v 7.6641326 -2.2824476 -0.77420813
v 8.5316834 -1.7850991 -0.77431001
l 5905 5906
v 7.6676855 -2.2804108 -0.77420855
v 8.5299045 -1.7738762 -0.77527109
l 5907 5908
v 7.6676855 -2.2698493 -0.7750442
v 6.7969326 -1.7843245 -0.85285864
l 5909 5910
v 7.6709099 -2.2716925 -0.77475244
v 6.8054162 -1.7769327 -0.85306861
l 5911 5912
v 7.6709261 -2.278507 -0.77421254
v 8.5331612 -1.7719999 -0.77528053
l 5913 5914
v 7.6767969 -2.2750583 -0.77421981
v 6.8113296 -1.7802502 -0.85252266
l 5915 5916
v 7.6099997 -2.2391663 -0.7797175
v 6.7100818 -1.8085566 -0.84844266
l 5917 5918
v 7.6641212 -2.2678618 -0.77536273
v 6.7934131 -1.7813637 -0.84738374
l 5919 5920
v 7.6591692 -2.265095 -0.77577233
v 6.7884563 -1.7786067 -0.84780051
l 5921 5922
v 7.619091 -2.2438304 -0.77899832
v 6.7315463 -1.7884901 -0.84920913
l 5923 5924
v 7.6358209 -2.252414 -0.77767485
v 6.7482886 -1.7970494 -0.84788565
l 5925 5926
v 7.6545124 -2.2624931 -0.77615756
v 6.7765664 -1.7890675 -0.84742491
l 5927 5928
v 7.642416 -2.2559702 -0.77713948
v 6.7644632 -1.7825575 -0.84840848
l 5929 5930
v 7.6592383 -2.2852478 -0.77417505
v 8.5271984 -1.7886485 -0.78004164
l 5931 5932
v 7.5802522 -2.3265066 -0.77395201
v 8.4775716 -1.885125 -0.77431978
l 5933 5934
v 7.5885415 -2.3224292 -0.7739554
v 8.4858688 -1.8810636 -0.7743243
l 5935 5936
v 7.6545124 -2.2879515 -0.7741431
v 8.5224926 -1.7913873 -0.78001079
l 5937 5938
v 7.6426044 -2.2945323 -0.77408093
v 8.5178348 -1.8108477 -0.77865019
l 5939 5940
v 7.6358209 -2.2982812 -0.77404553
v 8.5110464 -1.8145877 -0.77861361
l 5941 5942
v 7.6099997 -2.3118746 -0.77396423
v 8.4948726 -1.8460505 -0.7767519
l 5943 5944
v 7.6195164 -2.3068647 -0.77399421
v 8.5043812 -1.8410252 -0.77677938
l 5945 5946
v 7.3621678 2.1600158 -0.79287565
v 8.3522461 2.2984168 -0.76858096
l 5947 5948
v 7.2911239 2.1703043 -0.79304391
v 8.2217347 1.8046344 -0.80882555
l 5949 5950
v 7.2859864 2.172323 -0.79295683
v 8.2165969 1.806652 -0.80873117
l 5951 5952
v 7.3427486 2.1614635 -0.79302794
v 8.3399509 2.0871233 -0.78520764
l 5953 5954
v 7.3068032 2.1641433 -0.79330981
v 8.3040052 2.0897993 -0.78549013
l 5955 5956
v 7.3146367 2.3901558 -0.77559882
v 6.3172459 2.3205181 -0.7946323
l 5957 5958
v 7.2886324 2.3825552 -0.77654576
v 6.3572009 2.0209407 -0.81741378
l 5959 5960
v 7.3068032 2.3896089 -0.77574831
v 6.3753557 2.0280365 -0.81662609
l 5961 5962
v 7.2338786 2.2063639 -0.79030877
v 7.9886567 1.5524263 -0.84203451
l 5963 5964
v 7.2166882 2.3162651 -0.78176516
v 6.9113849 1.3668248 -0.85492913
l 5965 5966
v 7.2161932 2.3147259 -0.78188378
v 6.9106875 1.3653523 -0.85506941
l 5967 5968
v 7.2283273 2.2154653 -0.7895956
v 7.7478903 1.3636443 -0.85634286
l 5969 5970
v 7.2098327 2.283401 -0.78430361
v 7.1684651 1.2872416 -0.86147359
l 5971 5972
v 7.210001 2.2874584 -0.78398925
v 7.1686748 1.291298 -0.86116856
l 5973 5974
v 7.2095637 2.2769248 -0.7848053
v 7.2509181 1.2807738 -0.86208942
l 5975 5976
v 7.2098341 2.2704122 -0.78531057
v 7.2511804 1.2742611 -0.86259866
l 5977 5978
v 7.210001 2.2663913 -0.78562254
v 7.3573408 1.2802798 -0.86227157
l 5979 5980
v 7.2113924 2.2570789 -0.78634638
v 7.3586712 1.2709583 -0.8629953
l 5981 5982
v 7.2187595 2.2311521 -0.78836644
v 7.7383107 1.3793238 -0.85511316
l 5983 5984
v 7.2163253 2.2387166 -0.78777665
v 7.5218128 1.2894015 -0.86179229
l 5985 5986
v 7.2122383 2.251415 -0.78678662
v 7.5177699 1.3021139 -0.86079899
l 5987 5988
v 7.2626362 2.1814442 -0.79225355
v 8.1937273 1.817737 -0.82029666
l 5989 5990
v 7.2430797 2.1983922 -0.79093933
v 7.9978045 1.5443143 -0.8416594
l 5991 5992
v 7.2522674 2.1904297 -0.79155678
v 8.0070125 1.5363751 -0.84227516
l 5993 5994
v 7.28616 2.3815954 -0.77665424
v 6.3550476 2.0179872 -0.80526963
l 5995 5996
v 7.2187595 2.322701 -0.78126317
v 6.9132284 1.3734022 -0.85530735
l 5997 5998
v 7.2278366 2.337584 -0.78010094
v 6.708297 1.4857311 -0.84662295
l 5999 6000
v 7.2626362 2.3724091 -0.77737719
v 6.5078766 1.7184074 -0.8285611
l 6001 6002
v 7.2338786 2.3474901 -0.77932733
v 6.7143162 1.4956512 -0.8458513
l 6003 6004
v 7.2509561 2.3622882 -0.77816927
v 6.4962073 1.7082738 -0.82935042
l 6005 6006
v 7.4009953 2.1654336 -0.79186863
v 8.3910714 2.3035428 -0.76588745
l 6007 6008
v 7.3691368 2.16099 -0.79270464
v 8.3592147 2.299087 -0.76672347
l 6009 6010
v 7.4059968 2.3871126 -0.77443719
v 6.4163274 2.5304271 -0.77838048
l 6011 6012
v 7.3393631 2.3918743 -0.77508539
v 6.3419836 2.3225549 -0.79579561
l 6013 6014
v 7.3621678 2.3934596 -0.77461189
v 6.3647891 2.3241279 -0.79532066
l 6015 6016
v 7.39747 2.3883474 -0.77447116
v 6.4078009 2.5316632 -0.77841633
l 6017 6018
v 7.5876956 2.2284889 -0.78139079
v 8.4876105 2.6593677 -0.71433408
l 6019 6020
v 7.5756202 2.2227073 -0.78229064
v 8.4755365 2.6535825 -0.71522957
l 6021 6022
v 7.5802522 2.3265066 -0.77395201
v 6.6828348 2.767686 -0.7722891
l 6023 6024
v 7.5487857 2.3407443 -0.77399081
v 6.6354037 2.7478447 -0.77560504
l 6025 6026
v 7.5756202 2.3287838 -0.77394342
v 6.6622407 2.7358898 -0.77555632
l 6027 6028
v 7.6039009 2.236248 -0.78018326
v 8.5038188 2.6668577 -0.7114581
l 6029 6030
v 7.6641326 2.2824476 -0.77420813
v 6.7961725 2.7790469 -0.76834153
l 6031 6032
v 7.6545124 2.2879515 -0.7741431
v 6.779282 2.7716361 -0.76957384
l 6033 6034
v 7.6426044 2.2945323 -0.77408093
v 6.7673788 2.7782258 -0.76951285
l 6035 6036
v 7.6592383 2.2852478 -0.77417505
v 6.7912582 2.781812 -0.76830736
l 6037 6038
v 7.5885415 2.3224292 -0.7739554
v 6.6912221 2.7638108 -0.77358763
l 6039 6040
v 7.6099997 2.3118746 -0.77396423
v 6.7126723 2.7532402 -0.77359533
l 6041 6042
v 7.6195164 2.3068647 -0.77399421
v 6.7346434 2.7726888 -0.77120653
l 6043 6044
v 7.6358209 2.2982812 -0.77404553
v 6.750956 2.7641207 -0.77126035
l 6045 6046
v 7.5320115 2.2038288 -0.78538185
v 8.4476845 2.6016576 -0.72815229
l 6047 6048
v 7.4868789 2.1870797 -0.78796446
v 8.4230559 2.5345031 -0.73439674
l 6049 6050
v 7.4981217 2.191252 -0.78732115
v 8.4342983 2.5386761 -0.7337497
l 6051 6052
v 7.5322261 2.348125 -0.77402008
v 6.6184329 2.7542553 -0.76767429
l 6053 6054
v 7.5320115 2.3482203 -0.77401859
v 6.5974978 2.7041429 -0.77219135
l 6055 6056
v 7.4452348 2.3780541 -0.77410203
v 6.4843434 2.6549321 -0.77924332
l 6057 6058
v 7.5004301 2.3602486 -0.77395684
v 6.5659131 2.7161625 -0.77213258
l 6059 6060
v 7.4799113 2.3680632 -0.77391678
v 6.5190125 2.6449152 -0.77905015
l 6061 6062
v 7.4799113 2.1844916 -0.78835064
v 8.41607 2.5322196 -0.73646373
l 6063 6064
v 7.4218574 2.1683125 -0.7911467
v 8.3841119 2.4364887 -0.74480215
l 6065 6066
v 7.4421177 2.173959 -0.79017091
v 8.4043742 2.442128 -0.74382546
l 6067 6068
v 7.4058151 2.166106 -0.79174215
v 8.3958186 2.3022782 -0.75499552
l 6069 6070
v 7.4385285 2.3799865 -0.77413791
v 6.4775564 2.6566075 -0.77780388
l 6071 6072
v 7.4218574 2.3847854 -0.77420151
v 6.4325582 2.5299443 -0.7889018
l 6073 6074
v 7.6641212 2.2678618 -0.77536273
v 8.534874 2.7533867 -0.69754829
l 6075 6076
v 7.6676855 2.2804108 -0.77420855
v 6.8001347 2.7777592 -0.77410667
l 6077 6078
v 7.6709261 2.278507 -0.77421254
v 6.8087071 2.7850416 -0.77314999
l 6079 6080
v 7.6676855 2.2698493 -0.7750442
v 8.5331792 2.7646091 -0.69672803
l 6081 6082
v 7.6767969 2.2750583 -0.77421981
v 6.8145618 2.7815654 -0.77315182
l 6083 6084
v 7.6709099 2.2716925 -0.77475244
v 8.5363772 2.7665006 -0.69644959
l 6085 6086
v 2.4613788 -0.17917345 -3.3824925
v 2.1963733 -0.17917345 -2.4182456
l 6087 6088
v 2.4613788 -0.17917345 -3.3824925
v 2.8905089 -0.17917345 -4.2857353
l 6089 6090
v 2.6068375 -0.17917345 -3.4835441
v 3.6028343 -0.17917345 -3.3941551
l 6091 6092
v 2.6347151 -0.17917345 -3.4810421
v 3.5989634 -0.17917345 -3.2160418
l 6093 6094
v 2.7595091 -0.17917345 -3.3562481
v 2.8488554 -0.17917345 -2.3602475
l 6095 6096
v 2.7522962 -0.17917345 -3.3824925
v 3.0173047 -0.17917345 -2.4182465
l 6097 6098
v 2.7408125 -0.17917345 -3.4066641
v 3.1699353 -0.17917345 -2.503418
l 6099 6100
v 2.7408125 -0.17917345 -3.4066641
v 2.163463 -0.17917345 -4.2231612
l 6101 6102
v 2.7254972 -0.17917345 -3.4283233
v 2.0183905 -0.17917345 -4.1354301
l 6103 6104
v 2.7067902 -0.17917345 -3.4470303
v 1.8902931 -0.17917345 -4.0243799
l 6105 6106
v 2.6609595 -0.17917345 -3.4738295
v 3.5642022 -0.17917345 -3.0446995
l 6107 6108
v 2.6068375 -0.17917345 -3.4835441
v 1.6108408 -0.17917345 -3.3941543
l 6109 6110
v 2.5527158 -0.17917345 -3.4738295
v 3.5169641 -0.17917345 -3.7388298
l 6111 6112
v 2.5527158 -0.17917345 -3.4738295
v 1.6494731 -0.17917345 -3.0446995
l 6113 6114
v 2.5285442 -0.17917345 -3.4623456
v 1.7120471 -0.17917345 -2.884996
l 6115 6116
v 2.5068851 -0.17917345 -3.4470303
v 1.7997783 -0.17917345 -2.7399235
l 6117 6118
v 2.488178 -0.17917345 -3.4283233
v 1.9108284 -0.17917345 -2.6118262
l 6119 6120
v 2.9200745 -0.26235843 -3.217236
v 3.7861083 0.213457 -3.3708106
l 6121 6122
v 2.7595091 0.17917345 -3.3562481
v 2.8488554 0.17917345 -2.3602475
l 6123 6124
v 2.7522962 0.17917345 -3.3824925
v 3.0173047 0.17917345 -2.4182465
l 6125 6126
v 2.4613788 0.17917345 -3.3824925
v 2.8905089 0.17917345 -4.2857353
l 6127 6128
v 2.4599974 0.17917345 -3.3774662
v 2.7250029 0.17917345 -4.3417131
l 6129 6130
v 2.488178 0.17917345 -3.4283233
v 1.9108284 0.17917345 -2.6118262
l 6131 6132
v 2.5068851 0.17917345 -3.4470303
v 1.7997783 0.17917345 -2.7399235
l 6133 6134
v 2.5285442 0.17917345 -3.4623456
v 1.7120471 0.17917345 -2.884996
l 6135 6136
v 2.5527158 0.17917345 -3.4738295
v 1.6494731 0.17917345 -3.0446995
l 6137 6138
v 2.5789602 0.17917345 -3.4810421
v 1.6147119 0.17917345 -3.2160418
l 6139 6140
v 2.5789602 0.17917345 -3.4810421
v 3.5749569 0.17917345 -3.5704319
l 6141 6142
v 2.6068375 0.17917345 -3.4835441
v 3.6028343 0.17917345 -3.3941551
l 6143 6144
v 2.6347151 0.17917345 -3.4810421
v 3.5989634 0.17917345 -3.2160418
l 6145 6146
v 2.6609595 0.17917345 -3.4738295
v 3.5642022 0.17917345 -3.0446995
l 6147 6148
v 2.6851311 0.17917345 -3.4623456
v 3.5016281 0.17917345 -2.884996
l 6149 6150
v 2.7254972 0.17917345 -3.4283233
v 2.0183905 0.17917345 -4.1354301
l 6151 6152
v 2.7408125 0.17917345 -3.4066641
v 2.163463 0.17917345 -4.2231612
l 6153 6154
v 2.7522962 0.17917345 -3.3824925
v 2.3231734 0.17917345 -4.2857387
l 6155 6156
v 2.4393909 -0.22498637 -3.3487926
v 2.008259 -0.94018253 -2.7986837
l 6157 6158
v 23.877312 -0.003093607 2.16945
v 24.687467 0.10826944 1.5939092
l 6159 6160
v 23.874157 -0.0035273149 2.1716917
v 24.684257 0.10784322 1.596075
l 6161 6162
v 23.882635 -0.0023618566 2.1656682
v 24.695142 0.10856245 1.593367
l 6163 6164
v 23.882635 0.0023618566 2.1656682
v 23.07248 0.1137249 2.7412091
l 6165 6166
v 23.882755 0.0023454519 2.1655836
v 23.070249 0.11326976 2.7378849
l 6167 6168
v 23.877312 0.003093607 2.16945
v 23.067212 0.11446415 2.7450667
l 6169 6170
v 7.6767969 2.5100248 -2.1067805
v 6.8168108 2.9809139 -1.9100899
l 6171 6172
v 7.6762719 2.5097029 -2.1067052
v 8.5224968 3.0285056 -2.2281435
l 6173 6174
v 7.6676855 2.5044401 -2.1054754
v 8.513991 3.0231647 -2.2266851
l 6175 6176
v 7.6762705 2.510313 -2.1066601
v 6.8161789 2.9810846 -1.910149
l 6177 6178
v 7.6536989 2.4961526 -2.1038606
v 8.5178654 2.9907942 -2.1963052
l 6179 6180
v 7.6505613 2.4943564 -2.1035244
v 8.514679 2.9890572 -2.1961085
l 6181 6182
v 7.6358209 2.4861526 -2.1032734
v 8.5118819 2.9680309 -2.0856577
l 6183 6184
v 7.6409049 2.4889641 -2.1032577
v 8.5137456 2.9763731 -2.1273727
l 6185 6186
v 7.6390934 2.4879527 -2.1032076
v 8.5119755 2.975287 -2.127333
l 6187 6188
v 7.6641726 2.5023367 -2.1049685
v 8.5156263 3.0121639 -2.2278625
l 6189 6190
v 7.6545124 2.4966183 -2.1039476
v 8.5114969 3.0039396 -2.1945155
l 6191 6192
v 7.6620317 2.5010695 -2.1047423
v 8.5190586 3.0083188 -2.1953123
l 6193 6194
v 7.6670089 2.504035 -2.1053779
v 8.5185233 3.0138035 -2.2280944
l 6195 6196
v 7.6088729 2.4721377 -2.1041081
v 8.5087356 2.9039804 -2.0427971
l 6197 6198
v 7.6348658 2.485652 -2.1032872
v 8.5204773 2.9499017 -2.0904651
l 6199 6200
v 7.6211443 2.4784553 -2.1034851
v 8.5066586 2.9428918 -2.0907144
l 6201 6202
v 7.6162891 2.475909 -2.1035552
v 8.5018133 2.9403265 -2.0907707
l 6203 6204
v 7.6099997 2.4726784 -2.1040313
v 8.4975087 2.9285445 -2.0368457
l 6205 6206
v 7.5741563 2.4556906 -2.1073036
v 8.4897534 2.8478763 -2.0185772
l 6207 6208
v 7.6027851 2.4692159 -2.1045232
v 8.5026279 2.9010939 -2.0431687
l 6209 6210
v 7.5959139 2.4659183 -2.1049917
v 8.4957702 2.8977682 -2.0436378
l 6211 6212
v 7.5756202 2.4563177 -2.1071618
v 8.4753739 2.8819772 -2.0109476
l 6213 6214
v 7.4775562 2.4180117 -2.116544
v 8.4380734 2.6750117 -2.0099711
l 6215 6216
v 7.530127 2.4369538 -2.1115727
v 8.4661416 2.7795512 -2.0309268
l 6217 6218
v 7.4866848 2.4210529 -2.1153131
v 8.422702 2.7636565 -2.0347234
l 6219 6220
v 7.4843359 2.4202156 -2.1156428
v 6.55079 2.0881574 -2.2506593
l 6221 6222
v 7.4799113 2.4186418 -2.1162827
v 8.4134663 2.7506866 -1.9812964
l 6223 6224
v 7.4834218 2.4198904 -2.1157751
v 8.4169325 2.7520001 -1.9806425
l 6225 6226
v 7.4843359 2.4202156 -2.1156428
v 8.4181486 2.7530973 -1.9845564
l 6227 6228
v 7.5741563 2.4556906 -2.1073036
v 6.6585506 2.0635293 -2.1960488
l 6229 6230
v 7.5320115 2.4376435 -2.1114104
v 8.4475647 2.8293018 -2.0199442
l 6231 6232
v 7.4164805 2.4024019 -2.123126
v 8.405737 2.53356 -2.0585559
l 6233 6234
v 7.3788443 2.3974111 -2.1255827
v 8.3680974 2.5285925 -2.0610103
l 6235 6236
v 7.3655634 2.3956659 -2.1265392
v 8.3545212 2.5256237 -2.055311
l 6237 6238
v 7.4308367 2.4055092 -2.1217299
v 8.3913394 2.6625455 -2.0151146
l 6239 6240
v 7.4218574 2.4031148 -2.1227751
v 8.3820394 2.6591582 -2.0110062
l 6241 6242
v 7.3594937 2.3954127 -2.1267688
v 8.3568869 2.3234716 -2.1323712
l 6243 6244
v 7.3100562 2.3990076 -2.1266413
v 8.307361 2.3256844 -2.1240226
l 6245 6246
v 7.3283458 2.397661 -2.1265938
v 8.3257352 2.3256685 -2.1321975
l 6247 6248
v 7.3117814 2.3988807 -2.1266367
v 8.3090779 2.3254429 -2.1240529
l 6249 6250
v 7.3621678 2.3952198 -2.1267838
v 8.3511291 2.5251416 -2.0555386
l 6251 6252
v 7.2548223 2.4223695 -2.1196809
v 8.0076233 1.7976231 -2.3270032
l 6253 6254
v 7.2399931 2.4350016 -2.1174412
v 7.9962571 1.7907826 -2.2316626
l 6255 6256
v 7.2353468 2.4389596 -2.1167395
v 7.991607 1.7947336 -2.2309469
l 6257 6258
v 7.2338786 2.4402101 -2.1165178
v 7.9901826 1.7960376 -2.2307371
l 6259 6260
v 7.2195158 2.4632988 -2.1120667
v 7.7407977 1.625176 -2.2727381
l 6261 6262
v 7.2317739 2.4435902 -2.115845
v 7.752979 1.60658 -2.2824559
l 6263 6264
v 7.2187595 2.4645147 -2.1118336
v 7.7400354 1.6263977 -2.2725548
l 6265 6266
v 7.2166038 2.4710665 -2.1104794
v 7.5233025 1.5389628 -2.3031413
l 6267 6268
v 7.2101092 2.4983461 -2.105267
v 7.3572929 1.5113869 -2.1704484
l 6269 6270
v 7.21066 2.494653 -2.105511
v 7.3585346 1.5278837 -2.3140543
l 6271 6272
v 7.2126203 2.5363054 -2.1023524
v 6.9066613 1.5880618 -2.187341
l 6273 6274
v 7.2101231 2.5209713 -2.1036041
v 7.062918 1.5351 -2.1835318
l 6275 6276
v 7.2122383 2.5351217 -2.1024585
v 7.064869 1.5492657 -2.1822724
l 6277 6278
v 7.2187595 2.5553439 -2.1006463
v 6.9129675 1.6070459 -2.1856294
l 6279 6280
v 7.2142067 2.541225 -2.1019115
v 6.908403 1.5929301 -2.1868877
l 6281 6282
v 7.2338786 2.5802941 -2.0996246
v 6.7222125 1.7222043 -2.056271
l 6283 6284
v 7.2296591 2.5732217 -2.099292
v 6.7173875 1.7152114 -2.0619277
l 6285 6286
v 7.2317739 2.5767643 -2.0994463
v 6.7195663 1.7187157 -2.0620846
l 6287 6288
v 7.2359815 2.5821514 -2.0996799
v 6.4866117 1.9202931 -2.0799686
l 6289 6290
v 7.2626362 2.6056907 -2.1003821
v 6.5132254 1.94388 -2.0806314
l 6291 6292
v 7.2587914 2.6022954 -2.1002808
v 6.5093855 1.9404789 -2.0805414
l 6293 6294
v 7.3120041 2.6235101 -2.1001089
v 6.3146564 2.554655 -2.1237007
l 6295 6296
v 7.3068032 2.6231511 -2.1002319
v 6.3770468 2.254976 -2.0999124
l 6297 6298
v 7.2963963 2.61903 -2.1002283
v 6.3666373 2.2508613 -2.0998907
l 6299 6300
v 7.2626362 2.4158847 -2.1218328
v 8.1938072 2.0641379 -2.2177215
l 6301 6302
v 7.3068032 2.3992472 -2.1266496
v 8.3040981 2.3257877 -2.1240913
l 6303 6304
v 7.2793269 2.4095795 -2.1235514
v 8.2101637 2.0595424 -2.2285132
l 6305 6306
v 7.2723322 2.4122219 -2.1228311
v 8.2034967 2.0604564 -2.2187152
l 6307 6308
v 7.2650232 2.414983 -2.1220787
v 8.1961887 2.0632142 -2.2179411
l 6309 6310
v 7.4799113 2.6011531 -2.0958354
v 6.5204962 2.8816959 -2.1244424
l 6311 6312
v 7.3676777 2.6261961 -2.0990298
v 6.3791739 2.7741509 -2.1301691
l 6313 6314
v 7.4756894 2.6023877 -2.0959613
v 6.516284 2.8829618 -2.124588
l 6315 6316
v 7.4308367 2.6155045 -2.0972998
v 6.4718421 2.8968982 -2.1311659
l 6317 6318
v 7.4576869 2.6076524 -2.0964985
v 6.4982802 2.8882213 -2.1251313
l 6319 6320
v 7.4218574 2.6181393 -2.0976169
v 6.4329932 2.7649474 -2.1220103
l 6321 6322
v 7.3788443 2.6245248 -2.0986779
v 6.3903402 2.7724754 -2.1298298
l 6323 6324
v 7.3949885 2.6221282 -2.0982797
v 6.4061223 2.7689233 -2.1226677
l 6325 6326
v 7.3621678 2.6270208 -2.0992033
v 6.3647584 2.5567347 -2.1145082
l 6327 6328
v 7.3283458 2.6246376 -2.0997221
v 6.3309953 2.5558262 -2.1233238
l 6329 6330
v 7.3416581 2.6255755 -2.0995181
v 6.3442476 2.5553017 -2.114809
l 6331 6332
v 7.5735354 2.5624323 -2.0937645
v 6.6585611 2.9649349 -2.0652409
l 6333 6334
v 7.5393572 2.5776694 -2.0938432
v 6.6286461 2.9893073 -2.1278951
l 6335 6336
v 7.5568247 2.5697834 -2.0932436
v 6.6458487 2.9810556 -2.1245155
l 6337 6338
v 7.5289683 2.5821669 -2.0942171
v 6.5967871 2.9428804 -2.1246122
l 6339 6340
v 7.4843359 2.5994377 -2.0956724
v 6.5525084 2.9607104 -2.1300171
l 6341 6342
v 7.5309596 2.5813966 -2.0941522
v 6.598745 2.942027 -2.1245117
l 6343 6344
v 7.5320115 2.5809896 -2.0941179
v 6.5998132 2.9416565 -2.1245432
l 6345 6346
v 7.5756202 2.5615153 -2.0938294
v 6.6606235 2.9639715 -2.0653666
l 6347 6348
v 7.6099997 2.5449085 -2.0955651
v 6.7101174 2.9760025 -2.0294593
l 6349 6350
v 7.6346202 2.5324624 -2.0985641
v 6.7478445 2.9782808 -1.9766021
l 6351 6352
v 7.6162891 2.5416784 -2.0960431
v 6.728769 2.9974829 -2.0285875
l 6353 6354
v 7.6262698 2.5366604 -2.0974157
v 6.7395036 2.9825008 -1.9754647
l 6355 6356
v 7.6358209 2.5318587 -2.0987294
v 6.749066 2.9777013 -1.9767037
l 6357 6358
v 7.6545124 2.5221016 -2.1020753
v 6.7795096 2.9776217 -1.9381497
l 6359 6360
v 7.653563 2.5225959 -2.1018975
v 6.7785472 2.9780684 -1.9379095
l 6361 6362
v 7.6390934 2.5301278 -2.0991857
v 6.7617668 2.9941662 -1.9768483
l 6363 6364
v 7.6669679 2.5153947 -2.1045353
v 6.8018334 2.9767407 -1.9078065
l 6365 6366
v 7.6545124 2.5221016 -2.1020753
v 8.5225213 2.0533923 -2.2660026
l 6367 6368
v 7.6676855 2.515012 -2.1046987
v 6.8025626 2.9763151 -1.9078185
l 6369 6370
v 7.6084743 2.5456393 -2.095453
v 6.7085753 2.9767001 -2.0293581
l 6371 6372
v 7.5860176 2.5564635 -2.0941887
v 6.6870003 2.9932733 -2.063122
l 6373 6374
v 7.5959139 2.5516555 -2.0945303
v 6.6968814 2.9884361 -2.0634926
l 6375 6376
v 7.6014886 2.5489855 -2.0949399
v 6.701573 2.9800074 -2.0288184
l 6377 6378
v 7.210001 2.4990718 -2.1052191
v 7.3572016 1.5121145 -2.1703894
l 6379 6380
v 7.6545124 -2.4966183 -2.1039476
v 6.7903459 -2.0019767 -2.0115031
l 6381 6382
v 7.6536989 -2.4961526 -2.1038606
v 6.7895813 -2.0014518 -2.0112766
l 6383 6384
v 7.6390934 -2.4879527 -2.1032076
v 8.5119407 -2.9753499 -2.1273243
l 6385 6386
v 7.6390934 -2.4879527 -2.1032076
v 6.7630323 -2.0060744 -2.1208233
l 6387 6388
v 7.6670089 -2.504035 -2.1053779
v 6.8155552 -1.9942078 -1.982484
l 6389 6390
v 7.6620317 -2.5010695 -2.1047423
v 6.8050471 -1.9937482 -2.0141744
l 6391 6392
v 7.6641726 -2.5023367 -2.1049685
v 6.8071457 -1.9950875 -2.0143985
l 6393 6394
v 7.6676855 -2.5044401 -2.1054754
v 6.8161711 -1.9946716 -1.9827589
l 6395 6396
v 7.6099997 -2.4726784 -2.1040313
v 6.710137 -2.0408357 -2.1653423
l 6397 6398
v 7.6358209 -2.4861526 -2.1032734
v 6.7502093 -2.021903 -2.1160955
l 6399 6400
v 7.6348658 -2.485652 -2.1032872
v 6.7493514 -2.0212155 -2.1160579
l 6401 6402
v 7.6162891 -2.475909 -2.1035552
v 6.7287801 -2.0200429 -2.1707408
l 6403 6404
v 7.6211443 -2.4784553 -2.1034851
v 6.7356202 -2.0140378 -2.1162696
l 6405 6406
v 7.6088729 -2.4721377 -2.1041081
v 6.7090301 -2.0402597 -2.1654626
l 6407 6408
v 7.5959139 -2.4659183 -2.1049917
v 6.6961601 -2.0402588 -2.2012059
l 6409 6410
v 7.6027851 -2.4692159 -2.1045232
v 6.7029288 -2.037366 -2.165877
l 6411 6412
v 7.5320115 -2.4376435 -2.1114104
v 6.595997 -2.0950461 -2.1920564
l 6413 6414
v 7.530127 -2.4369538 -2.1115727
v 6.5941099 -2.0943502 -2.1921624
l 6415 6416
v 7.4799113 -2.4186418 -2.1162827
v 8.4134572 -2.7507 -1.9812662
l 6417 6418
v 7.4843359 -2.4202156 -2.1156428
v 6.5508252 -2.0881059 -2.2507754
l 6419 6420
v 7.4834218 -2.4198904 -2.1157751
v 6.5498668 -2.0878456 -2.2507614
l 6421 6422
v 7.4866848 -2.4210529 -2.1153131
v 6.5528721 -2.0881713 -2.2463994
l 6423 6424
v 7.5741563 -2.4556906 -2.1073036
v 6.658553 -2.0635241 -2.1960502
l 6425 6426
v 7.5393572 -2.4407859 -2.1106765
v 6.6238039 -2.0491276 -2.2021427
l 6427 6428
v 7.5624723 -2.4506862 -2.1084361
v 6.6468655 -2.0585275 -2.1971806
l 6429 6430
v 7.5756202 -2.4563177 -2.1071618
v 6.6600231 -2.0641319 -2.1958882
l 6431 6432
v 7.3655634 -2.3956659 -2.1265392
v 6.3766021 -2.2657441 -2.1977844
l 6433 6434
v 7.4799113 -2.4186418 -2.1162827
v 6.5193942 -2.1616417 -2.2228556
l 6435 6436
v 7.4218574 -2.4031148 -2.1227751
v 6.4326009 -2.2719567 -2.1873452
l 6437 6438
v 7.3788443 -2.3974111 -2.1255827
v 6.3898865 -2.2674533 -2.1968109
l 6439 6440
v 7.4164805 -2.4024019 -2.123126
v 6.4272274 -2.2712205 -2.1876984
l 6441 6442
v 7.4775562 -2.4180117 -2.116544
v 6.5170535 -2.1609754 -2.2231592
l 6443 6444
v 7.4308367 -2.4055092 -2.1217299
v 6.4706547 -2.1494658 -2.2334987
l 6445 6446
v 7.3621678 -2.3952198 -2.1267838
v 6.3647747 -2.4671609 -2.1211815
l 6447 6448
v 7.3594937 -2.3954127 -2.1267688
v 6.3621043 -2.4674051 -2.1211652
l 6449 6450
v 7.3117814 -2.3988807 -2.1266367
v 6.3144766 -2.4722038 -2.1292554
l 6451 6452
v 7.3283458 -2.397661 -2.1265938
v 6.3310493 -2.4710988 -2.1291776
l 6453 6454
v 7.2626362 -2.4158847 -2.1218328
v 6.5098351 -3.0406311 -1.9145105
l 6455 6456
v 7.2399931 -2.4350016 -2.1174412
v 6.4837329 -3.0792276 -2.0032338
l 6457 6458
v 7.2548223 -2.4223695 -2.1196809
v 6.4985582 -3.0665885 -2.0054595
l 6459 6460
v 7.2650232 -2.414983 -2.1220787
v 6.3338522 -2.7667298 -2.02619
l 6461 6462
v 7.3068032 -2.3992472 -2.1266496
v 6.3759665 -2.7492842 -2.0216878
l 6463 6464
v 7.3100562 -2.3990076 -2.1266413
v 6.3127613 -2.4724671 -2.1291996
l 6465 6466
v 7.2195158 -2.4632988 -2.1120667
v 6.6982399 -3.3014158 -1.9513455
l 6467 6468
v 7.2353468 -2.4389596 -2.1167395
v 6.4790428 -3.0831321 -2.0025202
l 6469 6470
v 7.2338786 -2.4402101 -2.1165178
v 6.7126734 -3.2772203 -1.9499069
l 6471 6472
v 7.2317739 -2.4435902 -2.115845
v 6.7104919 -3.281713 -1.9551737
l 6473 6474
v 7.2187595 -2.4645147 -2.1118336
v 6.9120608 -3.3966184 -1.9191717
l 6475 6476
v 7.2166038 -2.4710665 -2.1104794
v 6.9099057 -3.4031677 -1.9178045
l 6477 6478
v 7.212554 -2.4833744 -2.1079352
v 6.9060025 -3.4155317 -1.9152986
l 6479 6480
v 7.2122383 -2.4843342 -2.1077368
v 7.0643637 -3.4511035 -1.8991934
l 6481 6482
v 7.21066 -2.494653 -2.105511
v 7.0634763 -3.4816121 -2.0403296
l 6483 6484
v 7.2126203 -2.5363054 -2.1023524
v 7.518424 -3.4846003 -2.0173763
l 6485 6486
v 7.2142067 -2.541225 -2.1019115
v 7.5199987 -3.489523 -2.0169284
l 6487 6488
v 7.2122383 -2.5351217 -2.1024585
v 7.5181973 -3.4833653 -2.0174699
l 6489 6490
v 7.2095861 -2.5090747 -2.1045051
v 7.1683708 -3.5056969 -2.0334744
l 6491 6492
v 7.2101092 -2.4983461 -2.105267
v 7.0629086 -3.4853034 -2.0400967
l 6493 6494
v 7.210001 -2.4990718 -2.1052191
v 7.1686686 -3.4956812 -2.0340752
l 6495 6496
v 7.2187595 -2.5553439 -2.1006463
v 7.7391625 -3.4046612 -2.0120974
l 6497 6498
v 7.2338786 -2.5802941 -2.0996246
v 7.9832484 -3.2421525 -2.1193359
l 6499 6500
v 7.2317739 -2.5767643 -2.0994463
v 7.74344 -3.4348542 -2.1428
l 6501 6502
v 7.2197165 -2.5569057 -2.1004834
v 7.7400847 -3.4062544 -2.0120309
l 6503 6504
v 7.2296591 -2.5732217 -2.099292
v 7.7418666 -3.4312704 -2.1366537
l 6505 6506
v 7.2276063 -2.5697834 -2.0991423
v 7.7398779 -3.4277938 -2.1365066
l 6507 6508
v 7.2587914 -2.6022954 -2.1002808
v 8.0082022 -3.2641061 -2.1200314
l 6509 6510
v 7.2359815 -2.5821514 -2.0996799
v 7.9853874 -3.2439679 -2.1194193
l 6511 6512
v 7.2626362 -2.6056907 -2.1003821
v 8.1929109 -2.9724448 -2.0914171
l 6513 6514
v 7.2793269 -2.6122708 -2.1002221
v 8.2090859 -2.9804395 -2.1005598
l 6515 6516
v 7.2963963 -2.61903 -2.1002283
v 8.2261527 -2.987205 -2.1005478
l 6517 6518
v 7.2664709 -2.6072025 -2.1003451
v 8.1967483 -2.9739515 -2.091443
l 6519 6520
v 7.3068032 -2.6231511 -2.1002319
v 8.3041509 -2.6920062 -2.0766401
l 6521 6522
v 7.3283458 -2.6246376 -2.0997221
v 8.3257563 -2.6949115 -2.0844312
l 6523 6524
v 7.3416581 -2.6255755 -2.0995181
v 8.3390676 -2.6958617 -2.0842133
l 6525 6526
v 7.3120041 -2.6235101 -2.1001089
v 8.3093546 -2.6923215 -2.0765072
l 6527 6528
v 7.3621678 -2.6270208 -2.0992033
v 8.3506716 -2.4790661 -2.068064
l 6529 6530
v 7.4756894 -2.6023877 -2.0959613
v 8.4351045 -2.3218449 -2.0673544
l 6531 6532
v 7.4756894 -2.6023877 -2.0959613
v 6.5162832 -2.8829586 -2.1245916
l 6533 6534
v 7.4218574 -2.6181393 -2.0976169
v 8.380852 -2.3367456 -2.0637509
l 6535 6536
v 7.4218574 -2.6181393 -2.0976169
v 6.4329924 -2.7649425 -2.1220083
l 6537 6538
v 7.3676777 -2.6261961 -2.0990298
v 8.3561817 -2.4782456 -2.0678778
l 6539 6540
v 7.5568247 -2.5697834 -2.0932436
v 8.4717991 -2.1672809 -2.1217672
l 6541 6542
v 7.5393572 -2.5776694 -2.0938432
v 8.4503332 -2.1663972 -2.0625713
l 6543 6544
v 7.5320115 -2.5809896 -2.0941179
v 8.4427226 -2.1693517 -2.060066
l 6545 6546
v 7.4843359 -2.5994377 -2.0956724
v 8.4165172 -2.2387243 -2.0652772
l 6547 6548
v 7.4799113 -2.6011531 -2.0958354
v 8.4117388 -2.2398804 -2.0614907
l 6549 6550
v 7.5289683 -2.5821669 -2.0942171
v 8.4611829 -2.2215365 -2.0638576
l 6551 6552
v 7.5309596 -2.5813966 -2.0941522
v 8.4631579 -2.2207297 -2.0637269
l 6553 6554
v 7.5735354 -2.5624323 -2.0937645
v 8.4885321 -2.1599761 -2.1222274
l 6555 6556
v 7.6084743 -2.5456393 -2.095453
v 8.5083565 -2.1145453 -2.1615588
l 6557 6558
v 7.6084743 -2.5456393 -2.095453
v 6.7085679 -2.9766828 -2.0293462
l 6559 6560
v 7.5959139 -2.5516555 -2.0945303
v 8.4958295 -2.1206336 -2.1606519
l 6561 6562
v 7.6014886 -2.5489855 -2.0949399
v 8.5013875 -2.1179247 -2.1610349
l 6563 6564
v 7.5756202 -2.5615153 -2.0938294
v 8.4746374 -2.1247055 -2.1248961
l 6565 6566
v 7.5860176 -2.5564635 -2.0941887
v 8.4850501 -2.1196829 -2.1252264
l 6567 6568
v 7.6262698 -2.5366604 -2.0974157
v 8.5130455 -2.090842 -2.2193777
l 6569 6570
v 7.6162891 -2.5416784 -2.0960431
v 8.5030554 -2.0958381 -2.2179941
l 6571 6572
v 7.6099997 -2.5449085 -2.0955651
v 8.4975198 -2.089104 -2.1630206
l 6573 6574
v 7.653563 -2.5225959 -2.1018975
v 8.5285658 -2.0670759 -2.2658232
l 6575 6576
v 7.6641726 -2.5168853 -2.1038997
v 8.5293071 -2.0555393 -2.3006285
l 6577 6578
v 7.6641726 -2.5168853 -2.1038997
v 6.7961638 -2.9855946 -1.9399725
l 6579 6580
v 7.6390934 -2.5301278 -2.0991857
v 8.5141093 -2.0746553 -2.2631737
l 6581 6582
v 7.6358209 -2.5318587 -2.0987294
v 8.5131474 -2.0678203 -2.2210668
l 6583 6584
v 7.6346202 -2.5324624 -2.0985641
v 8.521375 -2.0866198 -2.2205898
l 6585 6586
v 7.6669679 -2.5153947 -2.1045353
v 8.5320908 -2.0540916 -2.3014155
l 6587 6588
v 7.2122383 -2.5351217 -2.1024585
v 7.064878 -1.5492649 -2.1822786
l 6589 6590
v 7.210001 -2.5201538 -2.1036704
v 7.1686573 -1.5238481 -2.1789411
l 6591 6592
v 8.1833076 -2.6626773 -2.9308949
v 8.3762693 -1.690557 -3.0641166
l 6593 6594
v 8.1824093 -2.6667535 -2.9303751
v 8.469475 -1.7129125 -3.0185826
l 6595 6596
v 8.1826715 -2.6658821 -2.9304557
v 8.375621 -1.6937583 -3.0636689
l 6597 6598
v 8.178586 -2.6781926 -2.927752
v 8.4883379 -1.7514288 -3.140267
l 6599 6600
v 8.1879883 -2.6379042 -2.9343932
v 8.2848938 -1.6584274 -3.1111264
l 6601 6602
v 8.1877527 -2.6402845 -2.9339638
v 8.2846807 -1.6608018 -3.1106513
l 6603 6604
v 8.1876364 -2.6408696 -2.9338834
v 8.3809309 -1.6688515 -3.0673676
l 6605 6606
v 8.1904688 -2.5972896 -2.9391503
v 8.208429 -1.5996022 -3.0047049
l 6607 6608
v 8.190383 -2.6025388 -2.9388013
v 8.2066958 -1.604875 -3.00514
l 6609 6610
v 8.1898661 -2.6189244 -2.9378178
v 8.2553028 -1.6220989 -2.9831709
l 6611 6612
v 8.190197 -2.6138833 -2.9380472
v 8.2052226 -1.6161842 -3.0041598
l 6613 6614
v 8.1902924 -2.6080527 -2.9384346
v 8.2066594 -1.6103894 -3.0047667
l 6615 6616
v 8.1903782 -2.6028209 -2.9387825
v 8.2072444 -1.6051851 -3.0054039
l 6617 6618
v 8.1902018 -2.6135666 -2.9380682
v 8.2065944 -1.6159018 -3.0043721
l 6619 6620
v 8.190835 -2.5749691 -2.9406343
v 8.2071646 -1.5773048 -3.0069617
l 6621 6622
v 8.1905594 -2.5917585 -2.939518
v 8.2059232 -1.5940741 -3.0057742
l 6623 6624
v 8.1905632 -2.5915108 -2.9395344
v 8.2069508 -1.5938467 -3.0058503
l 6625 6626
v 8.1908312 -2.575165 -2.9406211
v 8.2102488 -1.5775841 -3.0073693
l 6627 6628
v 8.1907444 -2.580483 -2.9402676
v 8.1743518 -3.5781449 -2.8739207
l 6629 6630
v 8.1907406 -2.5806961 -2.9402535
v 8.208596 -1.5830258 -3.0060953
l 6631 6632
v 8.1906538 -2.5859969 -2.9399009
v 8.2069876 -1.5883353 -3.0062681
l 6633 6634
v 8.1907444 -2.580483 -2.9402676
v 8.2070255 -1.5828182 -3.0065996
l 6635 6636
v 8.1905546 -2.547509 -2.9394979
v 8.1742988 -1.5498414 -2.8732011
l 6637 6638
v 8.190917 -2.5696337 -2.940969
v 8.1751443 -1.5720077 -2.8739348
l 6639 6640
v 8.1909199 -2.5697834 -2.940979
v 8.1718577 -1.5721937 -2.8742612
l 6641 6642
v 8.1909142 -2.5694528 -2.9409568
v 8.1745531 -1.5717864 -2.874668
l 6643 6644
v 8.1908264 -2.5641026 -2.9406013
v 8.1745431 -1.5664385 -2.8742604
l 6645 6646
v 8.1907358 -2.5585713 -2.9402335
v 8.1743991 -1.5609076 -2.8738991
l 6647 6648
v 8.1907396 -2.5587854 -2.9402478
v 8.1729647 -1.5611678 -2.8735918
l 6649 6650
v 8.1905584 -2.5477576 -2.9395146
v 8.2069511 -3.5454224 -3.0058186
l 6651 6652
v 8.1905584 -2.5477576 -2.9395146
v 8.1752543 -1.550119 -2.872559
l 6653 6654
v 8.190649 -2.5532715 -2.9398811
v 8.2069953 -3.5509357 -3.0062068
l 6655 6656
v 8.1405573 -2.3792357 -2.9061971
v 7.5679454 -1.5779251 -2.7329431
l 6657 6658
v 8.1525917 -2.3969834 -2.9103413
v 7.6579213 -1.5590355 -2.6798104
l 6659 6660
v 8.1495247 -2.391788 -2.9089119
v 7.5770204 -1.5904159 -2.7355868
l 6661 6662
v 8.1539536 -2.3992915 -2.9109762
v 7.6594781 -1.5612283 -2.680446
l 6663 6664
v 8.1682034 -2.4256485 -2.9188466
v 7.755462 -1.560359 -2.6343845
l 6665 6666
v 8.1627016 -2.414113 -2.9150541
v 7.6681024 -1.5761305 -2.6844963
l 6667 6668
v 8.1656818 -2.4203622 -2.9171088
v 7.7530162 -1.5550518 -2.6326005
l 6669 6670
v 8.1343327 -2.3708408 -2.9034617
v 7.4848775 -1.6410428 -2.6899134
l 6671 6672
v 8.138979 -2.377027 -2.9057195
v 7.562479 -1.609455 -2.6255751
l 6673 6674
v 8.1682119 -2.4256661 -2.9188523
v 7.7482423 -1.5623951 -2.6388725
l 6675 6676
v 8.173501 -2.4376726 -2.921026
v 7.7757703 -1.5348303 -2.7576672
l 6677 6678
v 8.1807489 -2.4593561 -2.9259977
v 7.8709741 -1.5325949 -2.7135048
l 6679 6680
v 8.1752167 -2.4428051 -2.9222028
v 7.8654234 -1.5160513 -2.7097043
l 6681 6682
v 8.1871872 -2.4879205 -2.9316702
v 7.9942091 -1.515804 -2.7984449
l 6683 6684
v 8.1881952 -2.4981055 -2.9335079
v 8.0912284 -1.5186322 -2.7567894
l 6685 6686
v 8.1874714 -2.4907939 -2.9321887
v 8.0905967 -1.5113197 -2.755425
l 6687 6688
v 8.1817398 -2.462323 -2.9266782
v 7.8722026 -1.5354988 -2.7141134
l 6689 6690
v 8.1826439 -2.4662085 -2.9277489
v 7.9637639 -1.5255211 -2.6685216
l 6691 6692
v 8.1842327 -2.4730375 -2.9296305
v 7.9653717 -1.5323358 -2.6704392
l 6693 6694
v 8.1901922 -2.5253842 -2.9380271
v 8.1738857 -1.5277199 -2.871694
l 6695 6696
v 8.1904907 -2.5435874 -2.9392374
v 8.1734974 -1.5459378 -2.8728572
l 6697 6698
v 8.1904678 -2.5422437 -2.9391479
v 8.176151 -1.5445411 -2.8729327
l 6699 6700
v 8.190197 -2.5257015 -2.9380484
v 8.1752059 -1.5280418 -2.8713378
l 6701 6702
v 8.1903734 -2.5364466 -2.9387627
v 8.1740034 -1.5387841 -2.8724186
l 6703 6704
v 8.1903782 -2.5367296 -2.9387815
v 8.1735686 -1.539078 -2.8723835
l 6705 6706
v 8.190464 -2.5419779 -2.9391303
v 8.1741482 -1.5443119 -2.8728247
l 6707 6708
v 8.1897993 -2.5143218 -2.9364338
v 8.0929112 -1.534842 -2.7597081
l 6709 6710
v 8.1900911 -2.5201907 -2.9376187
v 8.1430711 -1.5410687 -2.7398582
l 6711 6712
v 8.190115 -2.520658 -2.9377129
v 8.1401626 -1.5415907 -2.7404009
l 6713 6714
v 8.1898184 -2.5147114 -2.9365125
v 8.1418829 -1.5356284 -2.7387785
l 6715 6716
v 8.1900749 -2.5198531 -2.9375505
v 8.1412267 -1.5408009 -2.7398879
l 6717 6718
v 8.190115 -2.520658 -2.9377129
v 8.1413389 -1.5415989 -2.7400665
l 6719 6720
v 8.164073 -2.714092 -2.9206164
v 8.5622087 -1.8121692 -3.0880176
l 6721 6722
v 8.1637497 -2.7146733 -2.9205379
v 8.6464734 -1.8467675 -3.037659
l 6723 6724
v 8.1653919 -2.7111042 -2.9211709
v 8.5639399 -1.8093573 -3.0885392
l 6725 6726
v 8.1664343 -2.7087457 -2.9216087
v 8.5646695 -1.8068663 -3.089007
l 6727 6728
v 8.1759176 -2.6861765 -2.9259214
v 8.4856624 -1.7594053 -3.1384143
l 6729 6730
v 8.1744614 -2.6905324 -2.9249225
v 8.484286 -1.7637976 -3.1374577
l 6731 6732
v 8.1682034 -2.7047393 -2.9223523
v 8.5659051 -1.80188 -3.0856876
l 6733 6734
v 8.1547375 -2.7299418 -2.916337
v 8.6493496 -1.8919668 -3.1468943
l 6735 6736
v 8.1509161 -2.7364171 -2.9145558
v 8.6454746 -1.8984014 -3.1450803
l 6737 6738
v 8.1488171 -2.7393556 -2.9139202
v 8.721274 -1.9379549 -3.0872698
l 6739 6740
v 8.141242 -2.7499585 -2.9116271
v 8.7137593 -1.9485929 -3.0849391
l 6741 6742
v 8.1297426 -2.7646277 -2.9089372
v 8.7753146 -2.0093531 -3.0220611
l 6743 6744
v 8.135951 -2.7573643 -2.9100251
v 8.7084734 -1.9560084 -3.0833659
l 6745 6746
v 8.0729561 -2.8132815 -2.9007313
v 8.9898153 -2.4578049 -2.7190569
l 6747 6748
v 8.0463009 -2.8228767 -2.9065707
v 8.9703909 -2.5069564 -2.6915077
l 6749 6750
v 8.0624304 -2.8173623 -2.9028168
v 8.9792971 -2.4618968 -2.7211589
l 6751 6752
v 8.0553293 -2.8197901 -2.9044695
v 8.9794107 -2.5038514 -2.6893966
l 6753 6754
v 8.0800648 -2.8105254 -2.8993227
v 8.9971942 -2.4555076 -2.7181157
l 6755 6756
v 8.0801239 -2.8105025 -2.8993111
v 8.8599842 -2.1903876 -2.9846065
l 6757 6758
v 8.1001434 -2.7945504 -2.9013348
v 8.8177966 -2.1146458 -3.052012
l 6759 6760
v 8.0867071 -2.8052678 -2.9000311
v 8.8661856 -2.1834251 -2.9756946
l 6761 6762
v 8.0912142 -2.8016722 -2.9004686
v 8.8707662 -2.1799164 -2.9760884
l 6763 6764
v 8.1188917 -2.7767899 -2.9052708
v 8.7683748 -2.0492579 -3.126334
l 6765 6766
v 8.1260996 -2.7687159 -2.9077241
v 8.775631 -2.0412263 -3.1287852
l 6767 6768
v 8.1060858 -2.7889206 -2.9025824
v 8.8238228 -2.109099 -3.053235
l 6769 6770
v 8.1093082 -2.7858684 -2.9032588
v 8.8269945 -2.1059983 -3.0539343
l 6771 6772
v 8.0867071 -2.3244367 -2.8925879
v 7.3065397 -1.7047069 -2.8073008
l 6773 6774
v 8.1116838 -2.3463678 -2.8965268
v 7.3939723 -1.6665292 -2.7458301
l 6775 6776
v 8.1086702 -2.3435133 -2.8958941
v 7.3909677 -1.663659 -2.7452245
l 6777 6778
v 8.0907125 -2.3276315 -2.8929765
v 7.3111758 -1.7058581 -2.8173429
l 6779 6780
v 8.0982628 -2.3336546 -2.8937092
v 7.3187745 -1.7118214 -2.8180692
l 6781 6782
v 8.117012 -2.3514152 -2.8976455
v 7.3993192 -1.6715531 -2.7469647
l 6783 6784
v 8.1273928 -2.3630431 -2.9011786
v 7.4779212 -1.6355028 -2.680109
l 6785 6786
v 8.12533 -2.3607323 -2.9004765
v 7.4758315 -1.6332114 -2.6794221
l 6787 6788
v 8.1335945 -2.3700113 -2.903219
v 7.4841223 -1.6402664 -2.6895413
l 6789 6790
v 8.0148706 -2.297065 -2.9046969
v 7.0803393 -2.063041 -3.1728087
l 6791 6792
v 8.0187273 -2.2980306 -2.9035904
v 7.0841891 -2.0640494 -3.1717156
l 6793 6794
v 8.0463009 -2.3061035 -2.896848
v 7.115533 -1.9904707 -3.0813667
l 6795 6796
v 8.0422287 -2.3047225 -2.8976552
v 7.1079567 -2.0293792 -3.1241983
l 6797 6798
v 8.0240355 -2.2993598 -2.9020677
v 7.0894968 -2.0653474 -3.1701641
l 6799 6800
v 8.03687 -2.3031433 -2.8989546
v 7.1026294 -2.0277408 -3.1255555
l 6801 6802
v 8.0533705 -2.3085093 -2.8953381
v 7.1254652 -1.9927299 -3.0935177
l 6803 6804
v 8.086175 -2.3240139 -2.8925297
v 7.3064559 -1.7037196 -2.8072479
l 6805 6806
v 8.054739 -2.3089752 -2.8950458
v 7.1268639 -1.9931097 -3.0932295
l 6807 6808
v 8.0851068 -2.3231642 -2.8924129
v 7.3055848 -1.7205289 -2.7216031
l 6809 6810
v 8.0602264 -2.3108428 -2.8938737
v 7.1323273 -1.9950522 -3.0920642
l 6811 6812
v 8.078042 -2.3177025 -2.8908648
v 7.1562055 -1.9627686 -3.0465545
l 6813 6814
v 8.0723248 -2.3155012 -2.8918304
v 7.1504941 -1.9605499 -3.0475156
l 6815 6816
v 8.0040789 -2.8342478 -2.9180524
v 8.9424585 -2.6420352 -2.6308279
l 6817 6818
v 8.0374012 -2.825587 -2.9087617
v 8.9693523 -2.5501906 -2.6729145
l 6819 6820
v 8.0263729 -2.8288453 -2.911552
v 7.09187 -3.0628602 -3.1797709
l 6821 6822
v 8.0063276 -2.8337872 -2.9173641
v 8.9407521 -2.6418228 -2.6173633
l 6823 6824
v 8.0263729 -2.8288453 -2.911552
v 8.9583519 -2.5534988 -2.6757566
l 6825 6826
v 8.0433846 -2.8238189 -2.9072475
v 8.9753708 -2.5484416 -2.6715167
l 6827 6828
v 8.0445223 -2.8234828 -2.9069598
v 8.9714143 -2.5076437 -2.7041866
l 6829 6830
v 8.0006723 -2.8349452 -2.919095
v 8.9390781 -2.6428374 -2.6318856
l 6831 6832
v 7.9669404 -2.8406599 -2.9303203
v 8.8981945 -2.7337965 -2.5819727
l 6833 6834
v 7.9895358 -2.8372254 -2.9225039
v 8.9279253 -2.6450876 -2.6352615
l 6835 6836
v 7.9708838 -2.8402073 -2.9288452
v 8.9069997 -2.6905538 -2.6105828
l 6837 6838
v 7.9818811 -2.8384492 -2.9251063
v 8.9179996 -2.6887857 -2.6068563
l 6839 6840
v 7.9141397 -2.8441026 -2.9509389
v 8.8393023 -2.8227551 -2.5719687
l 6841 6842
v 7.8905387 -2.843281 -2.9616363
v 8.7802474 -2.9328137 -2.5139731
l 6843 6844
v 7.901577 -2.8436871 -2.9566166
v 8.8124196 -2.8738168 -2.5449639
l 6845 6846
v 7.8911428 -2.8433418 -2.9613323
v 8.8019854 -2.8734785 -2.54968
l 6847 6848
v 7.9183555 -2.8440053 -2.9492121
v 8.8435265 -2.8227037 -2.5702599
l 6849 6850
v 7.9238229 -2.8438795 -2.9469726
v 8.8489975 -2.8225612 -2.56803
l 6851 6852
v 7.9520736 -2.8423593 -2.9356439
v 8.8881288 -2.7353498 -2.6004579
l 6853 6854
v 7.9282928 -2.8437765 -2.9451418
v 8.847771 -2.8224947 -2.5525773
l 6855 6856
v 7.94346 -2.8429534 -2.939023
v 8.8724747 -2.7788728 -2.5745709
l 6857 6858
v 7.9331651 -2.8436637 -2.9430616
v 8.8621827 -2.7795705 -2.578619
l 6859 6860
v 7.9623199 -2.841188 -2.9319749
v 8.8982427 -2.7341735 -2.5964211
l 6861 6862
v 7.9628119 -2.8411317 -2.9317985
v 8.8988799 -2.7341509 -2.596639
l 6863 6864
v 7.9312177 -2.2845414 -2.9351602
v 7.0292474 -2.2634187 -3.3664413
l 6865 6866
v 7.9669404 -2.2877998 -2.9205008
v 7.0395117 -2.1810912 -3.2789548
l 6867 6868
v 7.9626656 -2.287308 -2.922153
v 7.0352437 -2.1805856 -3.2806206
l 6869 6870
v 7.9434233 -2.2853909 -2.9298875
v 7.0272844 -2.2216294 -3.3256451
l 6871 6872
v 7.9499588 -2.2858458 -2.9270644
v 7.0338136 -2.2220779 -3.3228063
l 6873 6874
v 7.9732742 -2.2887394 -2.9181473
v 7.0427472 -2.1393517 -3.2525165
l 6875 6876
v 7.9686556 -2.287998 -2.919807
v 7.0468954 -2.1815227 -3.2926624
l 6877 6878
v 7.9816256 -2.2900805 -2.9151461
v 7.0511149 -2.1406537 -3.2495434
l 6879 6880
v 8.0063276 -2.2949257 -2.9071479
v 7.0678217 -2.0606647 -3.1607784
l 6881 6882
v 7.987226 -2.2909796 -2.9131334
v 8.9233296 -2.4830287 -2.618469
l 6883 6884
v 7.987226 -2.2909796 -2.9131334
v 7.056714 -2.1415986 -3.2475473
l 6885 6886
v 7.9284892 -2.2844775 -2.9364648
v 7.0265131 -2.2636795 -3.3677495
l 6887 6888
v 7.8826399 -2.2855237 -2.9567382
v 6.9861283 -2.3754293 -3.39054
l 6889 6890
v 7.8667579 -2.2871163 -2.9644232
v 6.9951691 -2.4350015 -3.4318234
l 6891 6892
v 7.8779373 -2.2859952 -2.9590137
v 6.9814252 -2.375895 -3.3928155
l 6893 6894
v 7.9274464 -2.2844532 -2.9369469
v 7.0022867 -2.2631816 -3.3159287
l 6895 6896
v 7.9022264 -2.2844336 -2.9477005
v 6.9913881 -2.3145521 -3.3593633
l 6897 6898
v 7.9122272 -2.2841027 -2.9431808
v 7.0013818 -2.3142427 -3.3548266
l 6899 6900
v 7.9238896 -2.2843714 -2.9384038
v 6.9987182 -2.2630559 -3.3173542
l 6901 6902
v 7.889225 -2.2848635 -2.9535518
v 6.9927151 -2.3747417 -3.3873626
l 6903 6904
v 7.8905387 -2.2848201 -2.9529829
v 6.9733031 -2.3151172 -3.3501742
l 6905 6906
v 7.9282928 -2.2844729 -2.9365587
v 7.0195221 -2.2632256 -3.3533133
l 6907 6908
v 7.8449097 -2.2908163 -2.9759505
v 6.9942305 -2.4954836 -3.4601574
l 6909 6910
v 7.8538318 -2.2893095 -2.971355
v 6.9594046 -2.2893095 -3.4185686
l 6911 6912
v 7.8538313 -2.2893095 -2.9713552
v 6.9746826 -2.4377921 -3.4241802
l 6913 6914
v 7.846839 -2.8373888 -2.9837775
v 8.7259789 -2.9858671 -2.530934
l 6915 6916
v 7.8529501 -2.8384209 -2.9806297
v 8.7321551 -2.9870156 -2.5279508
l 6917 6918
v 7.8225102 -2.8313022 -2.9978015
v 8.6414534 -3.0896488 -2.4853671
l 6919 6920
v 7.8256278 -2.8322856 -2.9958508
v 8.6763112 -3.0369201 -2.5116375
l 6921 6922
v 7.8289213 -2.8330779 -2.9939761
v 8.6796031 -3.0377455 -2.5097739
l 6923 6924
v 7.8686786 -2.841089 -2.972214
v 8.7651816 -2.9309863 -2.5383928
l 6925 6926
v 7.8538318 -2.8385699 -2.9801757
v 8.7254211 -2.9864568 -2.512777
l 6927 6928
v 7.8719668 -2.8414187 -2.9706228
v 8.7684745 -2.9313239 -2.5368129
l 6929 6930
v 7.8771758 -2.8419411 -2.9681022
v 8.7736906 -2.9318357 -2.5343048
l 6931 6932
v 7.818325 -2.8299816 -3.0004203
v 8.6372549 -3.0883872 -2.4879943
l 6933 6934
v 7.7626314 -2.8090045 -3.0309014
v 8.5819752 -3.1637162 -2.5805066
l 6935 6936
v 7.7551551 -2.8052013 -3.0353255
v 8.5435236 -3.206249 -2.5688109
l 6937 6938
v 7.7515273 -2.8033557 -3.0374722
v 8.5398875 -3.2044267 -2.5709636
l 6939 6940
v 7.7835221 -2.818049 -3.0194175
v 8.6317938 -3.1240238 -2.587197
l 6941 6942
v 7.7738276 -2.8138516 -3.0247469
v 8.5931623 -3.168592 -2.5743584
l 6943 6944
v 7.7801118 -2.8165724 -3.0212924
v 8.5994249 -3.1712988 -2.5708535
l 6945 6946
v 7.8049774 -2.8258243 -3.0079746
v 8.6671633 -3.0895851 -2.5754636
l 6947 6948
v 7.8051224 -2.8258686 -3.0079019
v 8.6664447 -3.0905417 -2.5742291
l 6949 6950
v 7.7841725 -2.8182836 -3.0190861
v 8.6247658 -3.1220782 -2.5706313
l 6951 6952
v 7.8039589 -2.8254344 -3.0085301
v 8.6361509 -3.1439349 -2.5546426
l 6953 6954
v 7.8098273 -2.8273144 -3.005533
v 8.6372922 -3.0870318 -2.5076889
l 6955 6956
v 7.7830253 -2.3101561 -3.0132685
v 6.9638573 -2.6642033 -3.4645051
l 6957 6958
v 7.7841725 -2.3097422 -3.0126836
v 6.9359878 -2.6157374 -3.4450604
l 6959 6960
v 7.7871614 -2.3086505 -3.0110826
v 6.95504 -2.6270083 -3.4651999
l 6961 6962
v 7.7866192 -2.3088579 -3.0113785
v 6.946008 -2.6126805 -3.4597809
l 6963 6964
v 7.7829971 -2.3101683 -3.013284
v 6.9637435 -2.665062 -3.4636992
l 6965 6966
v 7.7824368 -2.310411 -3.013592
v 6.9630983 -2.6651299 -3.4639905
l 6967 6968
v 7.818325 -2.2976148 -2.9913859
v 6.9908761 -2.5573328 -3.4892561
l 6969 6970
v 7.8031402 -2.3023808 -3.0005221
v 7.0102772 -2.6134807 -3.5245309
l 6971 6972
v 7.8062134 -2.3014164 -2.9986734
v 6.978704 -2.5610964 -3.496463
l 6973 6974
v 7.8341637 -2.2934017 -2.9820671
v 6.9834595 -2.4980482 -3.4662389
l 6975 6976
v 7.8236985 -2.2959194 -2.9880238
v 7.0047542 -2.5543058 -3.5004363
l 6977 6978
v 7.8299327 -2.2944195 -2.9844751
v 6.9792608 -2.4990844 -3.4686958
l 6979 6980
v 7.7259817 -2.2903218 -3.0173216
v 6.7707522 -2.2903218 -3.3131873
l 6981 6982
v 7.7399068 -2.2903218 -3.0130084
v 6.7846808 -2.2903218 -3.3088854
l 6983 6984
v 7.7414522 -2.3005133 -3.0202215
v 7.693294 -1.4962705 -2.427875
l 6985 6986
v 7.7414498 -2.3004735 -3.0201921
v 7.6935121 -1.4960948 -2.4280124
l 6987 6988
v 7.7414522 -2.3005133 -3.0202215
v 7.7892291 -3.1048853 -3.6124232
l 6989 6990
v 7.7399368 -2.2904956 -3.0131304
v 7.5998902 -1.480226 -2.4440522
l 6991 6992
v 7.7399368 -2.2904956 -3.0131304
v 7.8801404 -3.1012087 -3.5815381
l 6993 6994
v 7.7404103 -2.2932336 -3.0150502
v 7.6002145 -1.4825426 -2.4466092
l 6995 6996
v 7.7404299 -2.2933464 -3.0151293
v 7.5999408 -1.4829645 -2.44632
l 6997 6998
v 7.7406621 -2.2946897 -3.0160711
v 7.8806106 -3.1054349 -3.5844957
l 6999 7000
v 7.741365 -2.2990477 -3.0191424
v 7.7892565 -3.1033902 -3.6113751
l 7001 7002
v 7.7413654 -2.2990572 -3.0191495
v 7.7013974 -1.4996965 -2.419629
l 7003 7004
v 7.7406621 -2.2946897 -3.0160711
v 7.6005046 -1.4839636 -2.4476706
l 7005 7006
v 7.741365 -2.2990477 -3.0191424
v 7.6937153 -1.4946342 -2.4269866
l 7007 7008
v 7.741169 -2.2976224 -3.0181277
v 7.5941509 -1.4890229 -2.4484326
l 7009 7010
v 7.7413387 -2.298605 -3.0188165
v 7.6012613 -1.4878479 -2.4504405
l 7011 7012
v 7.7069941 -2.2903218 -3.0227406
v 6.74294 -2.2903218 -3.2884466
l 7013 7014
v 7.7205434 -2.2903218 -3.019006
v 6.7564914 -2.2903218 -3.2847196
l 7015 7016
v 7.7082324 -2.2903218 -3.0223992
v 6.7442004 -2.2903218 -3.2881854
l 7017 7018
v 7.7263198 -2.3381467 -3.0456736
v 8.3647448 -1.7559631 -2.5422098
l 7019 7020
v 7.7280059 -2.3366091 -3.0443439
v 8.3664941 -1.7545071 -2.5408661
l 7021 7022
v 7.7224479 -2.3409188 -3.0483062
v 8.4340334 -1.8314807 -2.564448
l 7023 7024
v 7.7330017 -2.3347161 -3.0418811
v 6.9696314 -2.7833639 -3.5066185
l 7025 7026
v 7.7351446 -2.3334565 -3.0405765
v 6.9717951 -2.782141 -3.5053126
l 7027 7028
v 7.7415991 -2.3033316 -3.0220397
v 7.7030391 -1.4249861 -2.5455712
l 7029 7030
v 7.7416034 -2.3034251 -3.0220904
v 7.7012893 -1.425474 -2.5450405
l 7031 7032
v 7.7244906 -2.3394563 -3.0469172
v 8.4360844 -1.8299693 -2.5631225
l 7033 7034
v 7.7415376 -2.3080466 -3.0246727
v 7.7539664 -1.4351468 -2.5369315
l 7035 7036
v 7.741529 -2.3086522 -3.0250111
v 7.6287144 -3.1636511 -3.5312222
l 7037 7038
v 7.741529 -2.3086522 -3.0250111
v 7.7539013 -1.4357152 -2.5373349
l 7039 7040
v 7.7298336 -2.3349428 -3.0429027
v 8.2905568 -1.6883906 -2.525641
l 7041 7042
v 7.7311778 -2.3333929 -3.0416627
v 8.2918833 -1.6868068 -2.524424
l 7043 7044
v 7.7396402 -2.3185244 -3.0310216
v 7.9495034 -1.4898951 -2.5120505
l 7045 7046
v 7.739913 -2.3174474 -3.0303471
v 7.9498762 -1.4888669 -2.5113386
l 7047 7048
v 7.7329555 -2.3313429 -3.0400229
v 8.2119725 -1.6281905 -2.5145523
l 7049 7050
v 7.7356529 -2.327383 -3.0370634
v 8.128764 -1.57494 -2.5085814
l 7051 7052
v 7.7363882 -2.3259757 -3.0360749
v 8.1296065 -1.573637 -2.5075241
l 7053 7054
v 7.7339807 -2.329838 -3.0388982
v 8.2129414 -1.6266931 -2.5133662
l 7055 7056
v 7.7383747 -2.3218355 -3.0332165
v 8.0419112 -1.5276542 -2.506774
l 7057 7058
v 7.7378922 -2.3230982 -3.0340533
v 8.0414244 -1.5288755 -2.5076708
l 7059 7060
v 7.7419281 -2.3294697 -3.0364466
v 6.9785645 -2.7781189 -3.5011937
l 7061 7062
v 7.7515273 -2.3245966 -3.0310292
v 6.9550124 -2.7289473 -3.4805452
l 7063 7064
v 7.7303314 -2.7932622 -3.0490649
v 7.0917483 -2.2111658 -3.5524289
l 7065 7066
v 7.7289352 -2.7919896 -3.0501654
v 7.0905101 -2.2098453 -3.5536745
l 7067 7068
v 7.7268176 -2.7900586 -3.0518355
v 7.0152438 -2.2805961 -3.5356854
l 7069 7070
v 7.7258196 -2.7889755 -3.0527186
v 8.4892168 -3.2376008 -2.5880037
l 7071 7072
v 7.7303557 -2.7916412 -3.0499573
v 8.4937222 -3.2403007 -2.5852247
l 7073 7074
v 7.7424264 -2.7987356 -3.0426087
v 8.5389301 -3.2030804 -2.5930678
l 7075 7076
v 7.741888 -2.818501 -3.031796
v 7.6291857 -1.9634816 -3.5379975
l 7077 7078
v 7.7401381 -2.8096807 -3.0371838
v 7.9500745 -3.6382545 -2.5181537
l 7079 7080
v 7.7415519 -2.8159506 -3.0333059
v 7.6285112 -1.9609392 -3.5394455
l 7081 7082
v 7.73839 -2.8051069 -3.0402153
v 8.0419319 -3.5993169 -2.5138193
l 7083 7084
v 7.7320538 -2.7952483 -3.0474758
v 7.1713581 -2.1487096 -3.5647843
l 7085 7086
v 7.7334533 -2.7968621 -3.046185
v 7.1727188 -2.1502502 -3.5633599
l 7087 7088
v 7.7361507 -2.8008223 -3.0432253
v 8.1293462 -3.553177 -2.5146805
l 7089 7090
v 7.7348013 -2.798841 -3.0447061
v 7.255812 -2.0956908 -3.570205
l 7091 7092
v 7.7361507 -2.8008223 -3.0432253
v 7.2572256 -2.0976654 -3.5687737
l 7093 7094
v 7.725472 -2.7890952 -3.0527506
v 7.0138908 -2.2795853 -3.5365398
l 7095 7096
v 7.7229457 -2.7872863 -3.0544682
v 8.4863123 -3.2359715 -2.5897607
l 7097 7098
v 7.7261486 -2.7895796 -3.0522904
v 7.0146037 -2.2801155 -3.5361811
l 7099 7100
v 7.7420268 -2.8195529 -3.031173
v 7.6292502 -1.9646207 -3.5375052
l 7101 7102
v 7.7415409 -2.8375602 -3.0213208
v 7.7800678 -1.9592679 -3.4978902
l 7103 7104
v 7.7415867 -2.8365166 -3.0218871
v 7.7792014 -1.9572732 -3.4967725
l 7105 7106
v 7.7415905 -2.8364275 -3.0219352
v 7.7802222 -1.958023 -3.4982893
l 7107 7108
v 7.7416496 -2.835083 -3.0226643
v 7.7791829 -1.9568039 -3.4993372
l 7109 7110
v 7.7416544 -2.8349714 -3.0227249
v 7.7803182 -1.9566385 -3.4992082
l 7111 7112
v 7.7417183 -2.8335156 -3.0235145
v 7.7800824 -1.9551721 -3.5000026
l 7113 7114
v 7.741775 -2.8322165 -3.0242193
v 7.7818428 -1.9533977 -3.4996896
l 7115 7116
v 7.7417183 -2.8335156 -3.0235145
v 7.7032384 -3.7118718 -2.5470591
l 7117 7118
v 7.742044 -2.8207655 -3.0304954
v 7.7296869 -1.9478758 -3.5182564
l 7119 7120
v 7.7421012 -2.82478 -3.0282524
v 7.7296592 -1.9518716 -3.5159779
l 7121 7122
v 7.7417822 -2.8320596 -3.0243042
v 7.7801721 -1.9536851 -3.5007329
l 7123 7124
v 7.741838 -2.8307831 -3.0249965
v 7.7815471 -1.952511 -3.5015059
l 7125 7126
v 7.7420893 -2.8250496 -3.0281062
v 7.7809269 -1.9465431 -3.5042552
l 7127 7128
v 7.7419734 -2.8276918 -3.0266731
v 7.7804345 -1.9493226 -3.503106
l 7129 7130
v 7.7420263 -2.826483 -3.0273287
v 7.7810254 -1.948156 -3.5037957
l 7131 7132
v 7.7420373 -2.826236 -3.0274627
v 7.7805189 -1.9478665 -3.5038934
l 7133 7134
v 7.7419009 -2.8293498 -3.025774
v 7.7792435 -1.9507616 -3.501892
l 7135 7136
v 7.7419095 -2.8291478 -3.0258834
v 7.7806759 -1.950784 -3.5023015
l 7137 7138
v 7.7418461 -2.8306038 -3.0250938
v 7.7802541 -1.9522289 -3.5015204
l 7139 7140
v 7.7419639 -2.8279161 -3.0265515
v 7.7793099 -1.9493516 -3.5027129
l 7141 7142
v 7.7205434 -2.8378832 -3.0270789
v 8.6828171 -2.8378832 -2.7549957
l 7143 7144
v 7.7192898 -2.8378832 -3.0273945
v 8.6890186 -2.8378832 -2.7832102
l 7145 7146
v 7.7078753 -2.8378832 -3.0302663
v 8.6776544 -2.8378832 -2.786282
l 7147 7148
v 7.7078753 -2.8378832 -3.0302663
v 6.7381031 -2.8378832 -3.2742786
l 7149 7150
v 7.7415218 -2.8378832 -3.0210831
v 7.7890229 -2.0333334 -3.6130655
l 7151 7152
v 7.7391472 -2.8378832 -3.0218186
v 8.6943073 -2.8378832 -2.7257288
l 7153 7154
v 7.7396102 -2.8378832 -3.0216751
v 8.6948544 -2.8378832 -2.7258568
l 7155 7156
v 7.6676855 -2.515012 -2.1046987
v 8.527771 -2.0442336 -2.3012202
l 7157 7158
v 7.6676855 -2.5044401 -2.1054754
v 8.5139864 -3.0231692 -2.2266982
l 7159 7160
v 7.6402354 -2.8378832 -3.0443339
v 8.6260633 -2.8378832 -2.8765741
l 7161 7162
v 7.6390934 -2.8378832 -3.0445282
v 8.6249254 -2.8378832 -2.8767927
l 7163 7164
v 7.660552 -2.8378832 -3.0408766
v 8.6463823 -2.8378832 -2.873131
l 7165 7166
v 7.6741219 -2.8378832 -3.0381236
v 8.6518278 -2.8378832 -2.8281449
l 7167 7168
v 7.6654415 -2.8378832 -3.039988
v 8.6431432 -2.8378832 -2.8299895
l 7169 7170
v 7.6641726 -2.8378832 -3.0402606
v 8.6418782 -2.8378832 -2.8302798
l 7171 7172
v 7.6886368 -2.8378832 -3.0350063
v 8.6663344 -2.8378832 -2.8249887
l 7173 7174
v 7.6397238 -2.2903218 -3.0380027
v 6.6567021 -2.2903218 -3.2214921
l 7175 7176
v 7.6641726 -2.2903218 -3.0334454
v 6.6811059 -2.2903218 -3.2166931
l 7177 7178
v 7.6654778 -2.2903218 -3.0331385
v 6.692021 -2.2903218 -3.2620093
l 7179 7180
v 7.6721873 -2.2903218 -3.0315597
v 6.6987729 -2.2903218 -3.2606106
l 7181 7182
v 7.6913738 -2.2903218 -3.0270457
v 6.7179536 -2.2903218 -3.256072
l 7183 7184
v 7.6735654 -2.2903218 -3.0312357
v 6.7001107 -2.2903218 -3.2601154
l 7185 7186
v 7.6943765 -2.2903218 -3.0262182
v 6.7303303 -2.2903218 -3.291953
l 7187 7188
v 7.6915689 -2.2903218 -3.0269921
v 6.7273785 -2.2903218 -3.2922034
l 7189 7190
v 7.6393342 -2.2903218 -3.0380754
v 6.6562204 -2.2903218 -3.2210709
l 7191 7192
v 7.6390934 -2.2903218 -3.0381203
v 6.6469018 -2.2903218 -3.1628435
l 7193 7194
v 7.6368098 -2.2903218 -3.0384073
v 6.6446188 -2.2903218 -3.1631351
l 7195 7196
v 7.616055 -2.2903218 -3.0408523
v 6.6170067 -2.2903218 -3.0844695
l 7197 7198
v 7.6056027 -2.2903218 -3.0413086
v 6.606561 -2.2903218 -3.0850762
l 7199 7200
v 7.6162891 -2.2903218 -3.0408421
v 6.6172465 -2.2903218 -3.0845883
l 7201 7202
v 7.6295004 -2.2903218 -3.0393262
v 6.6360188 -2.2903218 -3.1533188
l 7203 7204
v 7.6351094 -2.8378832 -3.0449855
v 8.6285864 -2.8378832 -2.9309527
l 7205 7206
v 7.6300259 -2.8378832 -3.0455687
v 8.6235101 -2.8378832 -2.931599
l 7207 7208
v 7.6162891 -2.8378832 -3.0471449
v 8.6097705 -2.8378832 -2.9331504
l 7209 7210
v 7.6123772 -2.8378832 -3.0473156
v 8.6114264 -2.8378832 -3.0037198
l 7211 7212
v 7.6061101 -2.8378832 -3.0475893
v 8.6051578 -2.8378832 -3.0039575
l 7213 7214
v 7.5977006 -2.8378832 -3.0479565
v 8.5967488 -2.8378832 -3.0043373
l 7215 7216
v 7.5959139 -2.8378832 -3.0480344
v 8.5949632 -2.8378832 -3.004441
l 7217 7218
v 7.5366464 -2.8378832 -3.0479472
v 8.5366351 -2.8378832 -3.0526965
l 7219 7220
v 7.5177522 -2.8378832 -3.047857
v 8.5177408 -2.8378832 -3.0526268
l 7221 7222
v 7.5393572 -2.8378832 -3.04796
v 8.5393563 -2.8378832 -3.0492871
l 7223 7224
v 7.5717549 -2.8378832 -3.0480027
v 8.5717541 -2.8378832 -3.0493153
l 7225 7226
v 7.5717549 -2.8378832 -3.0480027
v 6.5717558 -2.8378832 -3.0466958
l 7227 7228
v 7.5504961 -2.8378832 -3.0479748
v 8.5504952 -2.8378832 -3.0492902
l 7229 7230
v 7.4843359 -2.8378832 -3.0476978
v 8.4843245 -2.8378832 -3.0524687
l 7231 7232
v 7.4411016 -2.8378832 -3.0472858
v 8.4410557 -2.8378832 -3.0568666
l 7233 7234
v 7.4574461 -2.8378832 -3.0474415
v 6.4574913 -2.8378832 -3.0379315
l 7235 7236
v 7.4431171 -2.8378832 -3.0473051
v 8.4430717 -2.8378832 -3.0568405
l 7237 7238
v 7.4720888 -2.8378832 -3.047581
v 8.4720431 -2.8378832 -3.0571403
l 7239 7240
v 7.4652472 -2.8378832 -3.0475159
v 8.4652019 -2.8378832 -3.057029
l 7241 7242
v 7.4652472 -2.8378832 -3.0475159
v 6.4652926 -2.8378832 -3.0379809
l 7243 7244
v 7.4308367 -2.8378832 -3.047188
v 6.4309596 -2.8378832 -3.0315115
l 7245 7246
v 7.3885303 -2.8378832 -3.046524
v 8.3884075 -2.8378832 -3.0621913
l 7247 7248
v 7.4245715 -2.8378832 -3.0470898
v 6.4246949 -2.8378832 -3.0313801
l 7249 7250
v 7.4138279 -2.8378832 -3.046921
v 6.4139508 -2.8378832 -3.0312403
l 7251 7252
v 7.4394655 -2.8378832 -3.0472703
v 8.4394207 -2.8378832 -3.0567423
l 7253 7254
v 7.4308367 -2.8378832 -3.047188
v 8.4307916 -2.8378832 -3.0566823
l 7255 7256
v 7.3873091 -2.8378832 -3.0465047
v 8.3871841 -2.8378832 -3.0623169
l 7257 7258
v 7.3788443 -2.8378832 -3.0463719
v 8.3787212 -2.8378832 -3.0620584
l 7259 7260
v 7.3357849 -2.8378832 -3.0453641
v 8.3355092 -2.8378832 -3.0688455
l 7261 7262
v 7.3283458 -2.8378832 -3.0451901
v 8.3280722 -2.8378832 -3.0685796
l 7263 7264
v 7.3710823 -2.8378832 -3.0461903
v 8.3708085 -2.8378832 -3.0695897
l 7265 7266
v 7.337338 -2.8378832 -3.0454006
v 8.3370643 -2.8378832 -3.0687948
l 7267 7268
v 7.3694901 -2.8378832 -3.0461531
v 8.3692174 -2.8378832 -3.069507
l 7269 7270
v 7.3510518 -2.8378832 -3.0457215
v 8.3507779 -2.8378832 -3.0691237
l 7271 7272
v 7.3671341 -2.8378832 -3.046098
v 8.366861 -2.8378832 -3.0694674
l 7273 7274
v 7.3264136 -2.8378832 -3.0451267
v 8.3258754 -2.8378832 -3.0779323
l 7275 7276
v 7.3264136 -2.8378832 -3.0451267
v 6.3269504 -2.8378832 -3.0123666
l 7277 7278
v 7.2874985 -2.8378832 -3.0438511
v 8.2869617 -2.8378832 -3.0766104
l 7279 7280
v 7.2063971 -2.8378832 -3.0400424
v 8.204769 -2.8378832 -3.0970812
l 7281 7282
v 7.2063971 -2.8378832 -3.0400424
v 6.2080255 -2.8378832 -2.9829963
l 7283 7284
v 7.2381744 -2.8378832 -3.0417738
v 8.2372061 -2.8378832 -3.0857711
l 7285 7286
v 7.2317739 -2.8378832 -3.0414922
v 8.230677 -2.8378832 -3.0883158
l 7287 7288
v 7.2317891 -2.8378832 -3.0414929
v 8.2308232 -2.8378832 -3.0854352
l 7289 7290
v 7.2685037 -2.8378832 -3.0431075
v 8.2675384 -2.8378832 -3.0870337
l 7291 7292
v 7.281702 -2.8378832 -3.0436611
v 8.2811651 -2.8378832 -3.0764257
l 7293 7294
v 7.2793269 -2.8378832 -3.0435834
v 8.2787919 -2.8378832 -3.0762902
l 7295 7296
v 7.3791375 -2.2903218 -3.0400736
v 6.3792568 -2.2903218 -3.0246283
l 7297 7298
v 7.4308367 -2.2903218 -3.0408852
v 6.4309596 -2.2903218 -3.0252087
l 7299 7300
v 7.3800087 -2.2903218 -3.0400875
v 6.3801347 -2.2903218 -3.0242164
l 7301 7302
v 7.3923645 -2.2903218 -3.0402813
v 6.3924875 -2.2903218 -3.0245955
l 7303 7304
v 7.3923645 -2.2903218 -3.0402813
v 8.3922412 -2.2903218 -3.055984
l 7305 7306
v 7.4314675 -2.2903218 -3.0408912
v 6.4315078 -2.2903218 -3.0319172
l 7307 7308
v 7.4312816 -2.2903218 -3.0408895
v 6.4313281 -2.2903218 -3.0312436
l 7309 7310
v 7.4851947 -2.2903218 -3.041399
v 6.4852058 -2.2903218 -3.0366795
l 7311 7312
v 7.4843359 -2.2903218 -3.0413949
v 6.4843815 -2.2903218 -3.0318484
l 7313 7314
v 7.4783673 -2.2903218 -3.041338
v 6.4784125 -2.2903218 -3.0318362
l 7315 7316
v 7.4358974 -2.2903218 -3.0409334
v 6.4359427 -2.2903218 -3.0314074
l 7317 7318
v 7.4404993 -2.2903218 -3.0409772
v 6.4405447 -2.2903218 -3.031445
l 7319 7320
v 7.4737506 -2.2903218 -3.0412941
v 6.4737961 -2.2903218 -3.0317516
l 7321 7322
v 7.4691286 -2.2903218 -3.04125
v 6.4691738 -2.2903218 -3.0317379
l 7323 7324
v 7.4562397 -2.2903218 -3.0411272
v 8.4561942 -2.2903218 -3.0506634
l 7325 7326
v 7.5393572 -2.2903218 -3.0416572
v 6.5393685 -2.2903218 -3.0369071
l 7327 7328
v 7.5183005 -2.2903218 -3.0415568
v 8.5182892 -2.2903218 -3.0463279
l 7329 7330
v 7.5403504 -2.2903218 -3.0416586
v 6.5403515 -2.2903218 -3.0402184
l 7331 7332
v 7.5959139 -2.2903218 -3.0417316
v 6.5959147 -2.2903218 -3.04042
l 7333 7334
v 7.5759177 -2.2903218 -3.0417054
v 6.5759186 -2.2903218 -3.0403614
l 7335 7336
v 7.5490952 -2.2903218 -3.0416701
v 6.549096 -2.2903218 -3.0403614
l 7337 7338
v 7.5704184 -2.2903218 -3.041698
v 6.5704192 -2.2903218 -3.0403898
l 7339 7340
v 7.3470931 -2.2903218 -3.039326
v 6.3474231 -2.2903218 -3.0136369
l 7341 7342
v 7.3373351 -2.2903218 -3.0390759
v 8.3370069 -2.2903218 -3.0646955
l 7343 7344
v 7.3373351 -2.2903218 -3.0390759
v 6.3376638 -2.2903218 -3.0134371
l 7345 7346
v 7.3283458 -2.2903218 -3.0388453
v 6.3289697 -2.2903218 -3.003527
l 7347 7348
v 7.3281636 -2.2903218 -3.0388389
v 6.3288072 -2.2903218 -3.0029667
l 7349 7350
v 7.3193164 -2.2903218 -3.0385213
v 6.3199608 -2.2903218 -3.0026269
l 7351 7352
v 7.2923207 -2.2903218 -3.0375519
v 6.2929648 -2.2903218 -3.0016668
l 7353 7354
v 7.30231 -2.2903218 -3.0379105
v 6.3029537 -2.2903218 -3.0020369
l 7355 7356
v 7.3628535 -2.2903218 -3.0396948
v 6.3631273 -2.2903218 -3.0162987
l 7357 7358
v 7.3788443 -2.2903218 -3.0400691
v 6.3791241 -2.2903218 -3.0164145
l 7359 7360
v 7.3737216 -2.2903218 -3.0399492
v 6.3739954 -2.2903218 -3.0165483
l 7361 7362
v 7.3784614 -2.2903218 -3.04006
v 6.3787348 -2.2903218 -3.0166761
l 7363 7364
v 7.2301302 -2.2903218 -3.0346918
v 6.2320829 -2.2903218 -2.9722288
l 7365 7366
v 7.1981125 -2.2903218 -3.0326879
v 6.2000657 -2.2903218 -2.9702167
l 7367 7368
v 7.2317739 -2.2903218 -3.0347948
v 6.2337314 -2.2903218 -2.9722543
l 7369 7370
v 7.2784963 -2.2903218 -3.0370452
v 6.2796542 -2.2903218 -2.988935
l 7371 7372
v 7.2793269 -2.2903218 -3.0370853
v 6.2804875 -2.2903218 -2.9889208
l 7373 7374
v 7.1856723 -2.2903218 -3.0319092
v 6.188813 -2.2903218 -2.9527161
l 7375 7376
v 7.1830373 -2.2903218 -3.0316999
v 6.1861731 -2.2903218 -2.952568
l 7377 7378
v 7.1639266 -2.2903218 -3.0301828
v 6.1670621 -2.2903218 -2.9510551
l 7379 7380
v 7.1686506 -2.2903218 -3.0305579
v 6.1717871 -2.2903218 -2.9514186
l 7381 7382
v 7.1410089 -2.2903218 -3.0283637
v 6.1458494 -2.2903218 -2.9300902
l 7383 7384
v 7.1389728 -2.3325744 -3.0525744
v 7.7357439 -3.0101962 -3.4823335
l 7385 7386
v 7.1410089 -2.3365493 -3.0549631
v 6.3256277 -1.8646187 -2.7196498
l 7387 7388
v 7.1378884 -2.3313429 -3.0517936
v 7.7346219 -3.0090317 -3.4814994
l 7389 7390
v 7.1202517 -2.3252077 -3.0467999
v 6.2705487 -1.9003562 -2.7345403
l 7391 7392
v 7.128777 -2.3294697 -3.049933
v 6.2790496 -1.9046772 -2.7376597
l 7393 7394
v 7.1362047 -2.3289087 -3.0502913
v 7.6434641 -3.062287 -3.5028885
l 7395 7396
v 7.1294475 -2.295783 -3.0313058
v 7.0902893 -3.1710836 -3.513297
l 7397 7398
v 7.1294556 -2.2955942 -3.0312018
v 7.0918748 -3.1710044 -3.5131196
l 7399 7400
v 7.1294312 -2.2961454 -3.0315053
v 7.0904508 -3.1714525 -3.5134992
l 7401 7402
v 7.1293836 -2.2972162 -3.032095
v 7.0903862 -3.172491 -3.514146
l 7403 7404
v 7.1293664 -2.2976015 -3.0323071
v 7.0903239 -3.1728716 -3.5143631
l 7405 7406
v 7.1351495 -2.327383 -3.04935
v 7.6424349 -3.0608036 -3.5018495
l 7407 7408
v 7.1338544 -2.3249438 -3.0478799
v 7.5478005 -3.1045981 -3.5177605
l 7409 7410
v 7.1293197 -2.2986491 -3.0328841
v 7.090465 -3.1739009 -3.5149884
l 7411 7412
v 7.132875 -2.3230982 -3.046768
v 7.5466826 -3.1028657 -3.5165827
l 7413 7414
v 7.1319489 -2.3207116 -3.0453603
v 7.4489254 -3.137636 -3.5271907
l 7415 7416
v 7.1293015 -2.2990572 -3.0331089
v 7.0902119 -3.1742981 -3.5152142
l 7417 7418
v 7.1291924 -2.3015151 -3.0344627
v 7.1679319 -1.4262338 -2.5524026
l 7419 7420
v 7.1291924 -2.3015151 -3.0344627
v 7.0896533 -3.1768905 -3.516287
l 7421 7422
v 7.1311007 -2.3185244 -3.0440705
v 7.4479597 -3.1355183 -3.52586
l 7423 7424
v 7.1305137 -2.3162436 -3.0427523
v 7.3480072 -3.1613057 -3.5311851
l 7425 7426
v 7.129858 -2.3136971 -3.0412805
v 7.3474332 -3.158759 -3.5296774
l 7427 7428
v 7.1291718 -2.3019691 -3.0347126
v 7.0903845 -3.177242 -3.516784
l 7429 7430
v 7.1295733 -2.3115711 -3.0400755
v 7.2452824 -3.1757065 -3.5298524
l 7431 7432
v 7.1291828 -2.3086522 -3.0384209
v 7.2447939 -3.1727708 -3.5282505
l 7433 7434
v 7.1291285 -2.3029482 -3.0352519
v 7.0906198 -3.1781444 -3.5174849
l 7435 7436
v 7.1291547 -2.3067248 -3.0373492
v 7.1419109 -3.1806324 -3.5232739
l 7437 7438
v 7.1291075 -2.3034251 -3.0355146
v 7.1416102 -3.1773502 -3.5214144
l 7439 7440
v 7.1485691 -2.3409188 -3.057935
v 6.3289448 -1.8672031 -2.7357404
l 7441 7442
v 7.1456761 -2.338882 -3.0565956
v 7.9103821 -2.8772768 -3.4106518
l 7443 7444
v 7.1433859 -2.337923 -3.0558975
v 6.3237465 -1.8642257 -2.7337142
l 7445 7446
v 7.1421371 -2.3359096 -3.0546901
v 7.8275192 -2.9504873 -3.445261
l 7447 7448
v 7.1410584 -2.3349428 -3.0540757
v 7.8265875 -2.9494036 -3.4445727
l 7449 7450
v 7.1410089 -2.3348863 -3.0540407
v 7.7388631 -3.0160952 -3.4765626
l 7451 7452
v 7.1446319 -2.3381467 -3.0561118
v 7.9092697 -2.8765355 -3.4103242
l 7453 7454
v 7.1168456 -2.3235047 -3.0455482
v 6.2671178 -1.8987114 -2.733277
l 7455 7456
v 7.1082358 -2.3192005 -3.0423841
v 6.2268962 -1.9442367 -2.7549079
l 7457 7458
v 7.1410089 -2.8378832 -3.0356214
v 8.1383921 -2.8378832 -3.1079169
l 7459 7460
v 7.1458173 -2.788584 -3.0633185
v 7.9654565 -2.3148851 -3.3854999
l 7461 7462
v 7.1410089 -2.7913632 -3.0614283
v 7.9606248 -2.3176294 -3.3836177
l 7463 7464
v 7.1480627 -2.7872863 -3.0642011
v 6.3833987 -3.3257247 -2.7101205
l 7465 7466
v 7.1411777 -2.7927017 -3.060698
v 6.4553259 -3.4068684 -2.670305
l 7467 7468
v 7.1446619 -2.789681 -3.0626264
v 6.3799624 -3.3280294 -2.7084855
l 7469 7470
v 7.1441255 -2.7900586 -3.0623779
v 6.4587306 -3.4046079 -2.6717849
l 7471 7472
v 7.1856723 -2.8378832 -3.0388582
v 8.1840436 -2.8378832 -3.0959091
l 7473 7474
v 7.1856723 -2.8378832 -3.0388582
v 6.1882878 -2.8378832 -2.9665798
l 7475 7476
v 7.145844 -2.8378832 -3.0359719
v 8.1432284 -2.8378832 -3.1082514
l 7477 7478
v 7.1300254 -2.7977204 -3.0569115
v 7.9454019 -2.3257833 -3.3922268
l 7479 7480
v 7.1410089 -2.7928529 -3.0606019
v 6.459431 -3.4049184 -2.6595689
l 7481 7482
v 7.140553 -2.7932622 -3.0603337
v 6.5437876 -3.4709042 -2.6305984
l 7483 7484
v 7.1290774 -2.8354669 -3.035886
v 7.1677471 -3.7107475 -2.5538191
l 7485 7486
v 7.129055 -2.8349714 -3.036159
v 7.1686434 -3.7101267 -2.5539392
l 7487 7488
v 7.129055 -2.8349714 -3.036159
v 7.0900625 -1.959646 -3.5181185
l 7489 7490
v 7.1290135 -2.8340337 -3.0366755
v 7.1677373 -3.7093245 -2.5546313
l 7491 7492
v 7.1289902 -2.8335156 -3.0369606
v 7.1684693 -3.7089038 -2.5551547
l 7493 7494
v 7.1289258 -2.8320596 -3.0377626
v 7.1674861 -3.7073795 -2.5557583
l 7495 7496
v 7.1288857 -2.8311677 -3.0382538
v 7.1681934 -3.7064643 -2.5562674
l 7497 7498
v 7.1288857 -2.8311677 -3.0382538
v 7.0901462 -1.9558864 -3.5203139
l 7499 7500
v 7.128861 -2.8306038 -3.0385644
v 7.1673482 -3.7058187 -2.5563636
l 7501 7502
v 7.1288223 -2.8297348 -3.0390429
v 7.1677256 -3.7050591 -2.5570742
l 7503 7504
v 7.1288857 -2.8311677 -3.0382538
v 7.0900397 -1.9558925 -3.5203164
l 7505 7506
v 7.1287961 -2.8291478 -3.0393662
v 7.167902 -3.7044081 -2.5572976
l 7507 7508
v 7.1287313 -2.8276918 -3.040168
v 7.1677439 -3.7030816 -2.5583272
l 7509 7510
v 7.1286945 -2.8268688 -3.0406215
v 7.1677381 -3.7020523 -2.5584086
l 7511 7512
v 7.1287584 -2.8283017 -3.0398324
v 7.1677234 -3.7035344 -2.5577022
l 7513 7514
v 7.1286664 -2.826236 -3.0409698
v 7.1675864 -3.7016069 -2.5590871
l 7515 7516
v 7.1286306 -2.8254356 -3.0414107
v 7.1677394 -3.7006893 -2.5593303
l 7517 7518
v 7.1380725 -2.7960789 -3.0585475
v 6.5414194 -3.4738124 -2.6288005
l 7519 7520
v 7.1353631 -2.7997828 -3.0562487
v 6.6278272 -3.5330023 -2.6037042
l 7521 7522
v 7.137383 -2.7968621 -3.0580509
v 6.6301556 -3.5302823 -2.6054857
l 7523 7524
v 7.1330733 -2.803781 -3.0538239
v 6.7191756 -3.5834847 -2.5839827
l 7525 7526
v 7.1346436 -2.8008223 -3.0556071
v 6.720846 -3.580541 -2.5857025
l 7527 7528
v 7.1323695 -2.8051069 -3.053025
v 6.8153724 -3.6220811 -2.5712928
l 7529 7530
v 7.1312304 -2.8080428 -3.0512938
v 6.8142157 -3.624956 -2.5694697
l 7531 7532
v 7.1286016 -2.82478 -3.0417717
v 7.1674354 -3.7001333 -2.5598499
l 7533 7534
v 7.1286402 -2.8220971 -3.0432637
v 7.1160597 -3.6959763 -2.5572834
l 7535 7536
v 7.1305947 -2.8096807 -3.0503278
v 6.9131526 -3.6547557 -2.5618944
l 7537 7538
v 7.1298599 -2.8125365 -3.0486772
v 6.9123812 -3.6576171 -2.5602699
l 7539 7540
v 7.1286769 -2.8195529 -3.0446782
v 7.1160647 -3.6934783 -2.5587819
l 7541 7542
v 7.1293526 -2.814508 -3.0475378
v 7.0136132 -3.6786194 -2.5577259
l 7543 7544
v 7.1289878 -2.8172314 -3.045994
v 7.0132624 -3.6813561 -2.5562021
l 7545 7546
v 7.0155048 -2.8379383 -3.021651
v 7.9711408 -2.6876753 -3.2749908
l 7547 7548
v 7.0559387 -2.828306 -3.0324163
v 6.1307939 -3.0941255 -2.7614053
l 7549 7550
v 7.0160022 -2.8378601 -3.0217829
v 7.9813353 -2.6866588 -3.2345508
l 7551 7552
v 7.0190115 -2.8373888 -3.0224462
v 7.9662249 -2.627923 -3.2651618
l 7553 7554
v 7.0270329 -2.8356149 -3.0245016
v 7.974252 -2.6261485 -3.267194
l 7555 7556
v 7.0645924 -2.8258243 -3.0347488
v 7.9697426 -2.5044347 -3.3129786
l 7557 7558
v 7.0559387 -2.828306 -3.0324163
v 7.9864665 -2.5614483 -3.2832251
l 7559 7560
v 7.0864902 -2.818049 -3.0414803
v 7.9629082 -2.4445718 -3.3454643
l 7561 7562
v 7.075316 -2.8220165 -3.0380454
v 7.9804656 -2.5006331 -3.3162841
l 7563 7564
v 7.0667424 -2.8250608 -3.0354097
v 7.971878 -2.5036572 -3.3136709
l 7565 7566
v 7.1282716 -2.7987356 -3.05619
v 7.9436044 -2.3267825 -3.3915893
l 7567 7568
v 7.0977688 -2.8132427 -3.0453923
v 7.9791766 -2.4383344 -3.3327319
l 7569 7570
v 7.1282716 -2.7987356 -3.05619
v 6.2785419 -3.2235314 -2.7439275
l 7571 7572
v 7.0990911 -2.8126802 -3.0458233
v 7.9804237 -2.4377077 -3.3333096
l 7573 7574
v 7.0559387 -2.2997544 -3.0260332
v 6.1308168 -2.0338472 -2.7550299
l 7575 7576
v 7.0564613 -2.2999041 -3.0261741
v 6.1258858 -2.0332976 -2.7752753
l 7577 7578
v 7.0492983 -2.2978384 -3.0237343
v 6.1425501 -2.0358333 -2.693339
l 7579 7580
v 7.0542507 -2.2992692 -3.0255387
v 6.1474813 -2.0373049 -2.6951694
l 7581 7582
v 7.0196853 -2.2908163 -3.0141027
v 6.0640113 -2.1406032 -2.7608769
l 7583 7584
v 7.0426569 -2.2959194 -3.0213144
v 6.1093045 -2.0885711 -2.7282958
l 7585 7586
v 7.0246978 -2.2919297 -3.0156763
v 6.0913366 -2.0846049 -2.722669
l 7587 7588
v 7.0977688 -2.3147473 -3.03897
v 6.2212784 -1.9413254 -2.7351267
l 7589 7590
v 7.0969338 -2.3143916 -3.0386806
v 6.2205237 -1.9408987 -2.7346933
l 7591 7592
v 7.0650969 -2.3023808 -3.0285015
v 6.134571 -2.0355033 -2.7777066
l 7593 7594
v 7.0869951 -2.3101561 -3.0352333
v 6.1818485 -1.9887781 -2.7569784
l 7595 7596
v 7.0732832 -2.3052876 -3.031018
v 6.1681401 -1.9838901 -2.752774
l 7597 7598
v 7.0155048 -2.2901592 -3.012995
v 6.0668609 -2.1407113 -2.7341762
l 7599 7600
v 7.0055013 -2.2885833 -3.0100548
v 6.0568524 -2.1391157 -2.7312631
l 7601 7602
v 6.9961896 -2.2871163 -3.0073183
v 6.0291025 -2.1963818 -2.7696002
l 7603 7604
v 6.9999433 -2.2877076 -3.0084214
v 6.051291 -2.1382756 -2.7296223
l 7605 7606
v 6.9764524 -2.2852645 -3.0024667
v 6.0170504 -2.1950827 -2.7352307
l 7607 7608
v 6.972188 -2.2848635 -3.0012791
v 5.9982863 -2.254549 -2.7763422
l 7609 7610
v 6.97507 -2.2851346 -3.0020816
v 6.0156519 -2.1948915 -2.734924
l 7611 7612
v 6.9613037 -2.2845247 -2.9987652
v 5.9874078 -2.2541928 -2.7738058
l 7613 7614
v 6.9477544 -2.2841027 -2.9956353
v 5.9657368 -2.30552 -2.8080644
l 7615 7616
v 6.9499664 -2.2841716 -2.9961464
v 5.9760909 -2.2538364 -2.7710991
l 7617 7618
v 6.9520531 -2.8439476 -3.005219
v 7.9259493 -2.8136118 -3.2301767
l 7619 7620
v 6.9387684 -2.8439214 -3.0024824
v 7.9207863 -2.8653481 -3.1900503
l 7621 7622
v 6.947073 -2.8441026 -3.0040686
v 7.9209687 -2.8137966 -3.2290325
l 7623 7624
v 6.9715066 -2.8433418 -3.0097125
v 7.9309293 -2.7531069 -3.276856
l 7625 7626
v 6.970048 -2.8433871 -3.0093756
v 7.9439531 -2.8131416 -3.2343066
l 7627 7628
v 7.0023065 -2.8400176 -3.017772
v 7.9509533 -2.6905746 -3.2965837
l 7629 7630
v 6.9764524 -2.8428767 -3.0110896
v 7.9435449 -2.7520402 -3.2487463
l 7631 7632
v 6.9955063 -2.841089 -3.0157733
v 7.9441469 -2.6916187 -3.2945916
l 7633 7634
v 6.9772925 -2.8427978 -3.011296
v 7.944378 -2.7520694 -3.2490228
l 7635 7636
v 7.0154099 -2.8379533 -3.0216231
v 7.9639382 -2.6878094 -3.3004618
l 7637 7638
v 6.8927341 -2.8407841 -2.9932137
v 7.8672208 -2.9476372 -3.1905914
l 7639 7640
v 6.9269986 -2.8436637 -2.9998038
v 7.9018349 -2.8650417 -3.2216986
l 7641 7642
v 6.9024382 -2.8418481 -2.9951792
v 7.883933 -2.9490804 -3.1538268
l 7643 7644
v 6.910388 -2.8425739 -2.9965718
v 7.8899502 -2.9068423 -3.1871695
l 7645 7646
v 6.9071169 -2.8423593 -2.9959354
v 7.8866873 -2.9066168 -3.1864947
l 7647 7648
v 6.9306145 -2.8437428 -3.0006268
v 7.9054617 -2.8650926 -3.2224758
l 7649 7650
v 6.9296622 -2.8437221 -3.0004101
v 7.904508 -2.8649569 -3.2222766
l 7651 7652
v 6.8904586 -2.8405347 -2.9927528
v 7.8649525 -2.9473369 -3.1901225
l 7653 7654
v 6.8674479 -2.837106 -2.988776
v 7.8398232 -3.0293554 -3.1211633
l 7655 7656
v 6.8874726 -2.8402073 -2.9921482
v 5.9126273 -2.6905266 -2.8270051
l 7657 7658
v 6.8874726 -2.8402073 -2.9921482
v 7.8619717 -2.9470412 -3.1894757
l 7659 7660
v 6.8851461 -2.2884591 -2.9832578
v 5.910299 -2.4381353 -2.8181211
l 7661 7662
v 6.8687291 -2.2909796 -2.9804766
v 5.8963215 -2.483145 -2.8482046
l 7663 7664
v 6.8697219 -2.2908273 -2.9806449
v 5.8948871 -2.4404237 -2.8153632
l 7665 7666
v 6.9024382 -2.2864313 -2.9866605
v 5.9279459 -2.3932746 -2.7893045
l 7667 7668
v 6.8881497 -2.287998 -2.9837668
v 5.9133111 -2.4376517 -2.8185596
l 7669 7670
v 6.8892212 -2.2878804 -2.9839838
v 5.9147297 -2.3947839 -2.7866568
l 7671 7672
v 6.9077964 -2.2858458 -2.9875264
v 5.9262998 -2.3931055 -2.8289078
l 7673 7674
v 6.909049 -2.2857635 -2.9877701
v 5.92948 -2.3500862 -2.7972258
l 7675 7676
v 6.9387684 -2.2842987 -2.9939189
v 5.9639243 -2.3056244 -2.7720535
l 7677 7678
v 6.9291558 -2.2845089 -2.9917312
v 5.9542769 -2.3058934 -2.7700248
l 7679 7680
v 6.8674479 -2.2912328 -2.9803023
v 5.901799 -2.4827953 -2.8047285
l 7681 7682
v 6.8514357 -2.2944093 -2.977391
v 5.8857731 -2.4858811 -2.8017938
l 7683 7684
v 6.8496027 -2.2947729 -2.9770577
v 5.8877972 -2.5285199 -2.8346061
l 7685 7686
v 6.850493 -2.2945962 -2.9772196
v 5.8848604 -2.4862228 -2.8016265
l 7687 7688
v 6.8337836 -2.2986174 -2.9747148
v 5.8799932 -2.5313389 -2.7846501
l 7689 7690
v 6.8307409 -2.2993598 -2.9741085
v 5.8820064 -2.5739396 -2.8175558
l 7691 7692
v 6.8316193 -2.2991455 -2.9742835
v 5.8778299 -2.531897 -2.7842505
l 7693 7694
v 6.8201256 -2.3024321 -2.9723568
v 5.8713905 -2.5770071 -2.8157989
l 7695 7696
v 6.8122115 -2.3047225 -2.971051
v 5.8712885 -2.6203961 -2.8485191
l 7697 7698
v 6.8130417 -2.3044822 -2.9711878
v 5.8643018 -2.5791318 -2.8147902
l 7699 7700
v 6.8014317 -2.8200915 -2.9780517
v 7.7423495 -3.1357875 -3.1005658
l 7701 7702
v 6.8115392 -2.8234828 -2.9793677
v 7.760292 -3.0979868 -3.1359423
l 7703 7704
v 6.8325825 -2.8294585 -2.9829264
v 7.7863394 -3.062313 -3.1729962
l 7705 7706
v 6.8300691 -2.8288453 -2.9824257
v 7.7838758 -3.0615517 -3.172427
l 7707 7708
v 6.8515396 -2.8339503 -2.9858837
v 7.817189 -3.025508 -3.1614593
l 7709 7710
v 6.8337836 -2.8297517 -2.9831657
v 7.7955896 -3.0634954 -3.1256196
l 7711 7712
v 6.848928 -2.8334322 -2.9854088
v 7.8145719 -3.0249918 -3.1610125
l 7713 7714
v 6.8585982 -2.8353505 -2.9871671
v 7.8242522 -3.0269048 -3.1627216
l 7715 7716
v 6.7972674 -2.8186879 -2.9772718
v 5.8641987 -2.5042339 -2.8026254
l 7717 7718
v 6.7714996 -2.8072109 -2.9745548
v 7.5346891 -3.4382202 -2.8353817
l 7719 7720
v 6.7754807 -2.8105025 -2.9738288
v 7.699763 -3.1655839 -3.1138986
l 7721 7722
v 6.7777038 -2.8113565 -2.9741657
v 7.7019555 -3.166491 -3.1143021
l 7723 7724
v 6.7972674 -2.8186879 -2.9772718
v 7.7303083 -3.1331738 -3.1520099
l 7725 7726
v 6.7703781 -2.8062744 -2.9746222
v 6.0042776 -2.1635572 -2.9767527
l 7727 7728
v 6.7490606 -2.7870796 -2.9754083
v 7.4482534 -3.4984636 -2.9042586
l 7729 7730
v 6.7703781 -2.8062744 -2.9746222
v 7.5371893 -3.4465067 -2.9287603
l 7731 7732
v 6.7706771 -2.806524 -2.9746044
v 7.5374209 -3.4468107 -2.9283775
l 7733 7734
v 6.7448764 -2.3458819 -2.9698086
v 6.0457022 -3.0572836 -3.0409649
l 7735 7736
v 6.7417817 -2.3490307 -2.9701235
v 6.0425319 -3.0603561 -3.0412987
l 7737 7738
v 6.7545176 -2.3360727 -2.9688272
v 6.055325 -3.0474551 -3.0399949
l 7739 7740
v 6.7569237 -2.3336546 -2.9682214
v 7.5227611 -1.6972633 -2.8760308
l 7741 7742
v 6.7569237 -2.3336546 -2.9682214
v 6.0624337 -3.0315854 -3.1430826
l 7743 7744
v 6.7703781 -2.3224742 -2.9666018
v 6.0045487 -2.9588766 -3.0587828
l 7745 7746
v 6.790844 -2.3120565 -2.967777
v 5.8665838 -2.667177 -2.8276606
l 7747 7748
v 6.7761497 -2.3177025 -2.9655492
v 6.0129421 -2.9486856 -3.1047413
l 7749 7750
v 6.7769728 -2.3173862 -2.9656742
v 5.852795 -2.6726538 -2.8253876
l 7751 7752
v 6.8014317 -2.3083391 -2.9696472
v 5.8683852 -2.6228143 -2.79492
l 7753 7754
v 6.794003 -2.3108428 -2.968256
v 5.8697473 -2.6659662 -2.8281179
l 7755 7756
v 6.7948303 -2.310564 -2.968411
v 5.8617501 -2.6249072 -2.7936265
l 7757 7758
v 6.7121091 -2.3885014 -2.9763916
v 6.1680298 -3.2172455 -3.1073914
l 7759 7760
v 6.7099514 -2.391788 -2.9769111
v 6.252791 -3.2574062 -3.18114
l 7761 7762
v 6.7259498 -2.3681417 -2.9724231
v 6.1011037 -3.1425978 -3.0713422
l 7763 7764
v 6.7129669 -2.3872023 -2.976125
v 6.1698509 -3.2097256 -3.1448864
l 7765 7766
v 6.723772 -2.3708408 -2.9727678
v 6.1806013 -3.1933274 -3.1415319
l 7767 7768
v 6.7264657 -2.3675022 -2.9723415
v 6.10159 -3.1419554 -3.0710973
l 7769 7770
v 6.7394438 -2.3514152 -2.9702871
v 6.114634 -3.125902 -3.0691956
l 7771 7772
v 6.7406082 -2.3502245 -2.970243
v 6.0416641 -3.0649106 -2.9967181
l 7773 7774
v 6.7094769 -2.3926864 -2.977123
v 6.2525759 -3.2584446 -3.1813387
l 7775 7776
v 6.7066631 -2.3980181 -2.9783807
v 6.2495658 -3.2838763 -3.0578617
l 7777 7778
v 6.6983585 -2.414113 -2.9798245
v 6.3322507 -3.3335243 -3.1235184
l 7779 7780
v 6.7013211 -2.408371 -2.9793096
v 6.2442574 -3.2942492 -3.0587605
l 7781 7782
v 6.6953869 -2.4215758 -2.9809909
v 6.3292784 -3.340982 -3.1247157
l 7783 7784
v 6.6889772 -2.4376726 -2.9835069
v 6.4180255 -3.3780689 -3.1890305
l 7785 7786
v 6.6917138 -2.4308 -2.9824328
v 6.3256183 -3.350217 -3.1261217
l 7787 7788
v 6.7121091 -2.7403948 -2.9819002
v 7.2556738 -3.5782542 -2.9316105
l 7789 7790
v 6.7131524 -2.7420032 -2.9818037
v 7.2565939 -3.5799444 -2.9315453
l 7791 7792
v 6.7128229 -2.7414951 -2.9818342
v 7.2562495 -3.5794416 -2.9315023
l 7793 7794
v 6.7297711 -2.7654057 -2.9777853
v 6.1049572 -1.9909211 -3.0766855
l 7795 7796
v 6.7138691 -2.7431083 -2.9817374
v 7.2570398 -3.5655949 -2.8129732
l 7797 7798
v 6.7422051 -2.7801049 -2.9761062
v 7.4414131 -3.4914713 -2.9049306
l 7799 7800
v 6.7406082 -2.7784801 -2.9762688
v 7.4397878 -3.4898728 -2.9050773
l 7801 7802
v 6.7389555 -2.7767899 -2.9763315
v 7.4378548 -3.4915183 -2.9498152
l 7803 7804
v 6.7297711 -2.7654057 -2.9777853
v 7.3545903 -3.5398849 -2.878877
l 7805 7806
v 6.6978402 -2.7136314 -2.9840412
v 6.3317249 -1.7942246 -3.1277448
l 7807 7808
v 6.6868815 -2.6844225 -2.988987
v 6.9578403 -3.6248152 -2.7834561
l 7809 7810
v 6.7095428 -2.7364171 -2.9819665
v 7.2516211 -3.5766284 -2.9679663
l 7811 7812
v 6.6978402 -2.7136314 -2.9840412
v 7.0642275 -3.6329304 -2.8403413
l 7813 7814
v 6.7013755 -2.720588 -2.9833865
v 7.1584536 -3.606457 -2.9039156
l 7815 7816
v 6.6980238 -2.714092 -2.9839692
v 7.1551021 -3.5999616 -2.9045056
l 7817 7818
v 6.6777644 -2.6422901 -2.9929364
v 6.8442097 -3.6214605 -2.8766552
l 7819 7820
v 6.6841903 -2.6746707 -2.9896591
v 6.9487589 -3.6376296 -2.9375669
l 7821 7822
v 6.6790729 -2.6499875 -2.9920223
v 6.8455116 -3.629159 -2.8757413
l 7823 7824
v 6.6817746 -2.6658821 -2.9901347
v 6.9464481 -3.628811 -2.9380203
l 7825 7826
v 6.684866 -2.67713 -2.989526
v 6.9506583 -3.6385357 -2.9184385
l 7827 7828
v 6.6861157 -2.6816506 -2.9891918
v 6.9517439 -3.6431054 -2.9181536
l 7829 7830
v 6.6774235 -2.6402845 -2.9931746
v 6.8438775 -3.619453 -2.8768896
l 7831 7832
v 6.6765599 -2.6275358 -2.9954922
v 6.7430565 -3.6092319 -2.8170237
l 7833 7834
v 6.6763997 -2.6246824 -2.995605
v 6.7324175 -3.6223333 -2.9561758
l 7835 7836
v 6.6757922 -2.6138833 -2.996032
v 6.7319132 -3.6115276 -2.9565844
l 7837 7838
v 6.6756554 -2.589684 -2.9977274
v 6.6811584 -3.5872204 -2.9277932
l 7839 7840
v 6.6756668 -2.5917585 -2.997582
v 6.6813508 -3.5893011 -2.9277499
l 7841 7842
v 6.6757741 -2.6106436 -2.996259
v 6.6813535 -3.6081828 -2.9263696
l 7843 7844
v 6.6757607 -2.6083519 -2.9964197
v 6.6815724 -3.6058857 -2.9264719
l 7845 7846
v 6.6757298 -2.6028209 -2.9968071
v 6.6812922 -3.6003564 -2.9268642
l 7847 7848
v 6.6757116 -2.5996156 -2.9970317
v 6.6813508 -3.5971539 -2.9271357
l 7849 7850
v 6.6757426 -2.6051297 -2.9966452
v 6.6813522 -3.6026732 -2.9268209
l 7851 7852
v 6.6755428 -2.5697834 -2.9991217
v 6.6810094 -3.5673219 -2.929213
l 7853 7854
v 6.6756492 -2.5885878 -2.9978042
v 6.6812899 -3.5861287 -2.9279459
l 7855 7856
v 6.6756358 -2.5862274 -2.9979696
v 6.6812784 -3.5837635 -2.9280413
l 7857 7858
v 6.6755552 -2.5720458 -2.9989631
v 6.6811975 -3.5695826 -2.9290448
l 7859 7860
v 6.6755867 -2.5775599 -2.9985769
v 6.6811985 -3.5750968 -2.9286568
l 7861 7862
v 6.6755729 -2.575165 -2.9987445
v 6.6813327 -3.5727085 -2.9289313
l 7863 7864
v 6.6756554 -2.5498829 -2.9977274
v 6.6696927 -3.5474287 -3.06749
l 7865 7866
v 6.6756196 -2.5561948 -2.9981697
v 6.6812267 -1.5586576 -2.9282541
l 7867 7868
v 6.6755881 -2.5617087 -2.9985559
v 6.6812817 -1.5641692 -2.9286803
l 7869 7870
v 6.6756063 -2.5585713 -2.9983361
v 6.669845 -3.5561092 -3.0682297
l 7871 7872
v 6.6756196 -2.5561948 -2.9981697
v 6.6700154 -3.5537364 -3.0680216
l 7873 7874
v 6.675561 -2.5665114 -2.9988923
v 6.6812063 -1.5689715 -2.929019
l 7875 7876
v 6.6755748 -2.5641026 -2.9987235
v 6.669848 -3.5616398 -3.0686291
l 7877 7878
v 6.6755881 -2.5617087 -2.9985559
v 6.6700247 -3.5592513 -3.0683968
l 7879 7880
v 6.6755433 -2.5696337 -2.9991112
v 6.6723664 -3.5671832 -3.0690032
l 7881 7882
v 6.675561 -2.5665114 -2.9988923
v 6.6812321 -1.5689717 -2.9290177
l 7883 7884
v 6.675561 -2.5665114 -2.9988923
v 6.6699243 -3.5640477 -3.0688173
l 7885 7886
v 6.6759825 -2.5120823 -2.9951475
v 6.6199028 -3.5097266 -3.0346581
l 7887 7888
v 6.675838 -2.5175967 -2.9954655
v 6.6701462 -3.5151357 -3.0653481
l 7889 7890
v 6.6758566 -2.5143218 -2.9952362
v 6.670192 -3.5118623 -3.0650989
l 7891 7892
v 6.675807 -2.5231109 -2.9958518
v 6.6701576 -3.5206499 -3.065737
l 7893 7894
v 6.6758251 -2.5198531 -2.9956236
v 6.6702767 -3.5173941 -3.0654894
l 7895 7896
v 6.6757627 -2.5309155 -2.9963987
v 6.6701548 -3.5284553 -3.0662759
l 7897 7898
v 6.6757755 -2.5286248 -2.9962382
v 6.670169 -3.5261649 -3.0661117
l 7899 7900
v 6.6757941 -2.5253842 -2.996011
v 6.6700696 -3.5229188 -3.0659529
l 7901 7902
v 6.6756687 -2.547509 -2.997561
v 6.6700584 -3.5450452 -3.0674897
l 7903 7904
v 6.6756687 -2.547509 -2.997561
v 6.6813446 -1.5499693 -2.9276872
l 7905 7906
v 6.6756821 -2.5451667 -2.9973969
v 6.6699958 -3.5427073 -3.0672573
l 7907 7908
v 6.6757002 -2.5419779 -2.9971735
v 6.6700319 -3.5395169 -3.0670572
l 7909 7910
v 6.6757131 -2.5396528 -2.9970107
v 6.6701894 -3.537194 -3.0668754
l 7911 7912
v 6.6758251 -2.5198531 -2.9956236
v 6.6701837 -3.5173925 -3.0655047
l 7913 7914
v 6.6757312 -2.5364466 -2.9967861
v 6.6813868 -1.5389068 -2.9269124
l 7915 7916
v 6.6757445 -2.5341387 -2.9966245
v 6.6699736 -3.5316782 -3.0664935
l 7917 7918
v 6.6757131 -2.5396528 -2.9970107
v 6.6813634 -1.542113 -2.9271366
l 7919 7920
v 6.6765342 -2.5039349 -2.9936664
v 6.6100591 -3.485635 -3.1721208
l 7921 7922
v 6.6770773 -2.4959202 -2.9922094
v 6.6105524 -3.4776157 -3.1706703
l 7923 7924
v 23.882755 -0.0023454519 2.1655836
v 24.692542 0.11265489 1.5902393
l 7925 7926
v 23.899271 0 2.1538494
v 23.089485 0.11500034 2.7291937
l 7927 7928
v 7.2276063 2.5697834 -2.0991423
v 6.7072344 1.7204382 -2.1876053
l 7929 7930
v 7.2095637 2.5096166 -2.1044664
v 7.2508901 1.5130066 -2.1756046
l 7931 7932
v 7.210001 2.5201538 -2.1036704
v 7.1686573 1.5238481 -2.1789411
l 7933 7934
v 7.2793269 2.6122708 -2.1002221
v 6.3490502 2.2455207 -2.1091387
l 7935 7936
v 8.178586 2.6781926 -2.927752
v 7.8688412 3.6049639 -2.7152591
l 7937 7938
v 8.1744614 2.6905324 -2.9249225
v 7.7767596 3.5933917 -2.7615872
l 7939 7940
v 8.1759176 2.6861765 -2.9259214
v 7.866093 3.6129114 -2.7133862
l 7941 7942
v 8.1824093 2.6667535 -2.9303751
v 7.8726574 3.5935173 -2.7178601
l 7943 7944
v 8.1826715 2.6658821 -2.9304557
v 7.8956058 3.6197231 -2.8422482
l 7945 7946
v 8.1876364 2.6408696 -2.9338834
v 7.9946747 3.6129899 -2.8006617
l 7947 7948
v 8.1833076 2.6626773 -2.9308949
v 7.9903582 3.6348011 -2.7976816
l 7949 7950
v 8.1877527 2.6402845 -2.9339638
v 7.9944582 3.6123026 -2.8004796
l 7951 7952
v 8.1879883 2.6379042 -2.9343932
v 8.0910603 3.6173869 -2.7577056
l 7953 7954
v 8.1898661 2.6189244 -2.9378178
v 8.0929605 3.5984011 -2.7610846
l 7955 7956
v 8.1905594 2.5917585 -2.939518
v 8.1743289 3.5894242 -2.8731873
l 7957 7958
v 8.1908312 2.575165 -2.9406211
v 8.1745501 3.5728298 -2.8742891
l 7959 7960
v 8.190835 2.5749691 -2.9406343
v 8.1714174 3.5725499 -2.8738861
l 7961 7962
v 8.1909199 2.5697834 -2.940979
v 8.1745903 3.5674477 -2.8746515
l 7963 7964
v 8.1905632 2.5915108 -2.9395344
v 8.1751994 3.5891951 -2.8732782
l 7965 7966
v 8.19065 2.5862274 -2.9398856
v 8.1742624 3.5838915 -2.8735698
l 7967 7968
v 8.1907444 2.580483 -2.9402676
v 8.172889 3.5781533 -2.8744258
l 7969 7970
v 8.190197 2.6138833 -2.9380472
v 8.1247603 3.6107088 -2.8926941
l 7971 7972
v 8.1904907 2.5959792 -2.9392374
v 8.1741096 3.5936355 -2.8728028
l 7973 7974
v 8.1904688 2.5972896 -2.9391503
v 8.174156 3.5949534 -2.8728116
l 7975 7976
v 8.1904736 2.5970247 -2.9391677
v 8.1725134 3.594712 -2.8736131
l 7977 7978
v 8.1903782 2.6028209 -2.9387825
v 8.1740111 3.6004842 -2.8724504
l 7979 7980
v 8.190383 2.6025388 -2.9388013
v 8.1735168 3.6001746 -2.8721798
l 7981 7982
v 8.1902924 2.6080527 -2.9384346
v 8.1743929 3.6057468 -2.8724516
l 7983 7984
v 8.1902018 2.6135666 -2.9380682
v 8.1751762 3.6112657 -2.8719556
l 7985 7986
v 8.1902876 2.6083519 -2.9384148
v 8.1738667 3.6060151 -2.8720925
l 7987 7988
v 8.1904678 2.5422437 -2.9391479
v 8.2074612 3.5398934 -3.0055281
l 7989 7990
v 8.190115 2.520658 -2.9377129
v 8.2064214 3.5183223 -3.004046
l 7991 7992
v 8.190197 2.5257015 -2.9380484
v 8.2066202 3.523367 -3.0043343
l 7993 7994
v 8.1901922 2.5253842 -2.9380271
v 8.2051834 3.5230439 -3.0047377
l 7995 7996
v 8.1902876 2.5312157 -2.9384148
v 8.2066576 3.5288782 -3.0047589
l 7997 7998
v 8.1902828 2.5309155 -2.9383948
v 8.2061312 3.5285718 -3.004958
l 7999 8000
v 8.1903734 2.5364466 -2.9387627
v 8.2071831 3.5340982 -3.0051607
l 8001 8002
v 8.190464 2.5419779 -2.9391303
v 8.2047808 3.5396805 -3.0053455
l 8003 8004
v 8.1903782 2.5367296 -2.9387815
v 8.206694 3.5343955 -3.0050871
l 8005 8006
v 8.190917 2.5696337 -2.940969
v 8.2099792 3.5672235 -3.0076868
l 8007 8008
v 8.1907358 2.5585713 -2.9402335
v 8.174394 1.5609063 -2.8739203
l 8009 8010
v 8.1907358 2.5585713 -2.9402335
v 8.1743706 1.5609071 -2.8739146
l 8011 8012
v 8.1908264 2.5641026 -2.9406013
v 8.2071874 3.561769 -3.0068901
l 8013 8014
v 8.1907396 2.5587854 -2.9402478
v 8.2070229 3.5564496 -3.0065887
l 8015 8016
v 8.1907358 2.5585713 -2.9402335
v 8.2085107 3.556189 -3.0068894
l 8017 8018
v 8.1909142 2.5694528 -2.9409568
v 8.2066869 3.5670788 -3.007991
l 8019 8020
v 8.1900911 2.5201907 -2.9376187
v 8.2400435 3.499258 -3.1349308
l 8021 8022
v 8.1898184 2.5147114 -2.9365125
v 8.2386666 3.4937636 -3.1341752
l 8023 8024
v 8.1897993 2.5143218 -2.9364338
v 8.2377348 3.4934048 -3.1341678
l 8025 8026
v 8.1881952 2.4981055 -2.9335079
v 8.2850833 3.4775853 -3.1102336
l 8027 8028
v 8.1900749 2.5198531 -2.9375505
v 8.2370949 3.4989751 -3.1353111
l 8029 8030
v 8.1682034 2.4256485 -2.9188466
v 8.588173 3.2889194 -3.1988264
l 8031 8032
v 8.1682119 2.4256661 -2.9188523
v 8.5408091 3.3105843 -3.1983002
l 8033 8034
v 8.0867071 2.3244367 -2.8925879
v 8.8662438 2.94621 -2.9682215
l 8035 8036
v 8.0982628 2.3336546 -2.8937092
v 8.8159653 3.0135089 -3.0443787
l 8037 8038
v 8.0907125 2.3276315 -2.8929765
v 8.8702009 2.9494647 -2.9686165
l 8039 8040
v 8.1273928 2.3630431 -2.9011786
v 7.4778996 1.6355183 -2.6801212
l 8041 8042
v 8.1273928 2.3630431 -2.9011786
v 8.776865 3.092788 -3.1148563
l 8043 8044
v 8.1495247 2.391788 -2.9089119
v 8.6441951 3.2297359 -3.1394428
l 8045 8046
v 8.138979 2.377027 -2.9057195
v 8.7115908 3.1783377 -3.0789735
l 8047 8048
v 8.1405573 2.3792357 -2.9061971
v 8.7130616 3.1806078 -3.0795222
l 8049 8050
v 8.1343327 2.3708408 -2.9034617
v 8.7108326 3.1384129 -3.1836061
l 8051 8052
v 8.1335945 2.3700113 -2.903219
v 8.7830497 3.0998093 -3.1167672
l 8053 8054
v 8.1656818 2.4203622 -2.9171088
v 8.5784232 3.2856517 -3.2015709
l 8055 8056
v 8.1627016 2.414113 -2.9150541
v 8.5753673 3.2794235 -3.1995623
l 8057 8058
v 8.1525917 2.3969834 -2.9103413
v 8.6470672 3.2350466 -3.1408714
l 8059 8060
v 8.1539536 2.3992915 -2.9109762
v 8.6485528 3.2372741 -3.1415339
l 8061 8062
v 8.1874714 2.4907939 -2.9321887
v 8.2844382 3.4702673 -3.1089072
l 8063 8064
v 8.1842327 2.4730375 -2.9296305
v 8.3772109 3.445154 -3.0628558
l 8065 8066
v 8.1871872 2.4879205 -2.9316702
v 8.2840619 3.4673948 -3.1084339
l 8067 8068
v 8.1752167 2.4428051 -2.9222028
v 8.4849915 3.3695663 -3.1346957
l 8069 8070
v 8.1682158 2.4256752 -2.9188552
v 8.5659465 3.3285174 -3.082214
l 8071 8072
v 8.173501 2.4376726 -2.921026
v 8.4832943 3.3644264 -3.1335245
l 8073 8074
v 8.1826439 2.4662085 -2.9277489
v 8.4015049 3.4069102 -3.1869403
l 8075 8076
v 8.1817398 2.462323 -2.9266782
v 8.4006198 3.4030103 -3.1859055
l 8077 8078
v 8.1807489 2.4593561 -2.9259977
v 8.4902861 3.3861802 -3.1385625
l 8079 8080
v 8.164073 2.714092 -2.9206164
v 7.6813493 3.5819978 -2.8034954
l 8081 8082
v 8.1653919 2.7111042 -2.9211709
v 7.7672562 3.613027 -2.7537697
l 8083 8084
v 8.1664343 2.7087457 -2.9216087
v 7.7678863 3.6104925 -2.7542404
l 8085 8086
v 8.1682034 2.7047393 -2.9223523
v 7.7699681 3.6066187 -2.754954
l 8087 8088
v 8.135951 2.7573643 -2.9100251
v 7.490379 3.5126389 -2.7969013
l 8089 8090
v 8.1488171 2.7393556 -2.9139202
v 7.5762998 3.5407212 -2.7406081
l 8091 8092
v 8.141242 2.7499585 -2.9116271
v 7.5687197 3.5513143 -2.7382863
l 8093 8094
v 8.1509161 2.7364171 -2.9145558
v 7.5784592 3.5378177 -2.7412062
l 8095 8096
v 8.1547375 2.7299418 -2.916337
v 7.6601789 3.5679575 -2.6858125
l 8097 8098
v 8.1637497 2.7146733 -2.9205379
v 7.6691376 3.5526483 -2.6899806
l 8099 8100
v 8.1093082 2.7858684 -2.9032588
v 7.3915713 3.46569 -2.7526063
l 8101 8102
v 8.1273928 2.7672675 -2.9081643
v 7.4778614 3.494757 -2.6871032
l 8103 8104
v 8.1188917 2.7767899 -2.9052708
v 7.4012055 3.45666 -2.7545953
l 8105 8106
v 8.1260996 2.7687159 -2.9077241
v 7.4766165 3.4962478 -2.686661
l 8107 8108
v 8.1060858 2.7889206 -2.9025824
v 7.3884326 3.4688253 -2.7519052
l 8109 8110
v 8.0912142 2.8016722 -2.9004686
v 7.3117357 3.4235149 -2.8248051
l 8111 8112
v 8.1001434 2.7945504 -2.9013348
v 7.3205914 3.4163062 -2.825715
l 8113 8114
v 8.0801239 2.8105025 -2.8993111
v 7.1629945 3.1655204 -3.0805181
l 8115 8116
v 8.0867071 2.8052678 -2.9000311
v 7.3068468 3.4253827 -2.8147356
l 8117 8118
v 8.0800648 2.8105254 -2.8993227
v 7.1632056 3.1660021 -3.0809972
l 8119 8120
v 8.0729561 2.8132815 -2.9007313
v 7.1560893 3.1687471 -3.0823892
l 8121 8122
v 8.0553293 2.8197901 -2.9044695
v 7.1312393 3.1357104 -3.1195325
l 8123 8124
v 8.0624304 2.8173623 -2.9028168
v 7.138349 3.1333011 -3.1178897
l 8125 8126
v 8.0445223 2.8234828 -2.9069598
v 7.1125361 3.0988601 -3.1426906
l 8127 8128
v 8.0463009 2.8228767 -2.9065707
v 7.1194089 3.1387158 -3.1093438
l 8129 8130
v 8.0851068 2.3231642 -2.8924129
v 8.864826 2.9434586 -2.9776947
l 8131 8132
v 8.086175 2.3240139 -2.8925297
v 8.8663424 2.9437437 -2.9778168
l 8133 8134
v 8.0422287 2.3047225 -2.8976552
v 8.9729966 2.6203553 -2.7131365
l 8135 8136
v 8.0148706 2.297065 -2.9046969
v 8.9494089 2.5310462 -2.6365718
l 8137 8138
v 8.03687 2.3031433 -2.8989546
v 8.971142 2.5784867 -2.6724115
l 8139 8140
v 8.0240355 2.2993598 -2.9020677
v 8.9582761 2.5747622 -2.6754668
l 8141 8142
v 8.0187273 2.2980306 -2.9035904
v 8.953266 2.5320431 -2.635494
l 8143 8144
v 8.0463009 2.3061035 -2.896848
v 8.9742061 2.6218829 -2.6986683
l 8145 8146
v 8.078042 2.3177025 -2.8908648
v 8.8575641 2.9203379 -3.0616747
l 8147 8148
v 8.0533705 2.3085093 -2.8953381
v 8.9812456 2.6243748 -2.6971543
l 8149 8150
v 8.0723248 2.3155012 -2.8918304
v 8.9941613 2.6704352 -2.7361408
l 8151 8152
v 8.0602264 2.3108428 -2.8938737
v 8.9820571 2.665794 -2.7381885
l 8153 8154
v 8.054739 2.3089752 -2.8950458
v 8.9826382 2.6247657 -2.6968553
l 8155 8156
v 8.0063276 2.2949257 -2.9071479
v 8.940859 2.5289497 -2.6390361
l 8157 8158
v 7.9626656 2.287308 -2.922153
v 8.8900942 2.3940166 -2.563699
l 8159 8160
v 7.9312177 2.2845414 -2.9351602
v 8.8473566 2.3483028 -2.5394026
l 8161 8162
v 7.9499588 2.2858458 -2.9270644
v 8.8773807 2.3925682 -2.5685968
l 8163 8164
v 7.9434233 2.2853909 -2.9298875
v 8.8595685 2.3491587 -2.5341457
l 8165 8166
v 7.9686556 2.287998 -2.919807
v 8.8991826 2.4373857 -2.5854378
l 8167 8168
v 7.9669404 2.2877998 -2.9205008
v 8.8887006 2.3942751 -2.5476453
l 8169 8170
v 8.0057154 2.2947729 -2.9073133
v 8.9442213 2.5290339 -2.6536829
l 8171 8172
v 7.9732742 2.2887394 -2.9181473
v 8.9037849 2.4381663 -2.58375
l 8173 8174
v 8.0057154 2.2947729 -2.9073133
v 7.0696117 2.1027237 -3.2019778
l 8175 8176
v 7.9816256 2.2900805 -2.9151461
v 8.9121376 2.4394616 -2.5807322
l 8177 8178
v 7.9628119 2.8411317 -2.9317985
v 7.0268891 2.9481461 -3.2673522
l 8179 8180
v 7.9669404 2.8406599 -2.9303203
v 7.0308724 2.9476406 -3.2654797
l 8181 8182
v 8.0006723 2.8349452 -2.919095
v 7.0622828 3.027083 -3.2063375
l 8183 8184
v 7.9708838 2.8402073 -2.9288452
v 7.0396298 2.9470707 -3.2771928
l 8185 8186
v 7.9895358 2.8372254 -2.9225039
v 7.0534173 2.9868889 -3.2407539
l 8187 8188
v 7.9818811 2.8384492 -2.9251063
v 7.0457653 2.9881028 -3.2433686
l 8189 8190
v 8.0433846 2.8238189 -2.9072475
v 7.1114334 3.0992154 -3.1430948
l 8191 8192
v 8.0080557 2.8334322 -2.9168093
v 8.9425586 2.5994172 -2.6485904
l 8193 8194
v 8.0374012 2.825587 -2.9087617
v 7.1054222 3.1009335 -3.1445571
l 8195 8196
v 8.0080557 2.8334322 -2.9168093
v 7.0736312 3.0253966 -3.2168101
l 8197 8198
v 7.9623199 2.841188 -2.9319749
v 7.0262647 2.9481974 -3.2671609
l 8199 8200
v 7.94346 2.8429534 -2.939023
v 7.0144424 2.9070466 -3.3034656
l 8201 8202
v 7.9520736 2.8423593 -2.9356439
v 7.0230589 2.9064399 -3.300096
l 8203 8204
v 7.9331651 2.8436637 -2.9430616
v 7.0136868 2.8649454 -3.3356261
l 8205 8206
v 7.9238229 2.8438795 -2.9469726
v 6.9986518 2.8651811 -3.3259248
l 8207 8208
v 7.9282928 2.8437765 -2.9451418
v 7.0031182 2.8650948 -3.3240844
l 8209 8210
v 7.9183555 2.8440053 -2.9492121
v 6.9931929 2.8653528 -3.3281824
l 8211 8212
v 7.9141397 2.8441026 -2.9509389
v 7.0032972 2.8139728 -3.3625917
l 8213 8214
v 7.8911428 2.8433418 -2.9613323
v 7.0014342 2.7538092 -3.4089955
l 8215 8216
v 7.901577 2.8436871 -2.9566166
v 6.9907345 2.8135504 -3.368269
l 8217 8218
v 7.8771758 2.8419411 -2.9681022
v 6.9806681 2.7520359 -3.4019121
l 8219 8220
v 7.8905387 2.843281 -2.9616363
v 6.9940239 2.7533864 -3.3954338
l 8221 8222
v 7.8826399 2.2855237 -2.9567382
v 8.7791498 2.1956454 -2.5229274
l 8223 8224
v 7.889225 2.2848635 -2.9535518
v 8.8064606 2.2545664 -2.5563605
l 8225 8226
v 7.9238896 2.2843714 -2.9384038
v 8.8490493 2.305643 -2.559422
l 8227 8228
v 7.9122272 2.2841027 -2.9431808
v 8.8373986 2.3054182 -2.5642304
l 8229 8230
v 7.8905387 2.2848201 -2.9529829
v 8.8013771 2.2547016 -2.5413201
l 8231 8232
v 7.9022264 2.2844336 -2.9477005
v 8.8130718 2.2542936 -2.5360547
l 8233 8234
v 7.8779373 2.2859952 -2.9590137
v 8.7744489 2.1960896 -2.5252119
l 8235 8236
v 7.8667579 2.2871163 -2.9644232
v 8.76327 2.1972165 -2.5306214
l 8237 8238
v 7.8538318 2.2893095 -2.971355
v 8.7254205 2.1414243 -2.5039547
l 8239 8240
v 7.9274464 2.2844532 -2.9369469
v 8.8362171 2.3057005 -2.5201923
l 8241 8242
v 7.818325 2.2976148 -2.9913859
v 6.9908638 2.5573251 -3.4892398
l 8243 8244
v 7.7871614 2.3086505 -3.0110826
v 8.5800243 1.9975506 -2.4870738
l 8245 8246
v 7.8299327 2.2944195 -2.9844751
v 8.6806368 2.0897731 -2.5003034
l 8247 8248
v 7.8236985 2.2959194 -2.9880238
v 8.6743704 2.0912546 -2.5038031
l 8249 8250
v 7.818325 2.2976148 -2.9913859
v 8.6372694 2.0392284 -2.4789734
l 8251 8252
v 7.7841725 2.3097422 -3.0126836
v 8.6247837 2.0059197 -2.5642812
l 8253 8254
v 7.7866192 2.3088579 -3.0113785
v 8.6187405 1.9905002 -2.5572613
l 8255 8256
v 7.8449097 2.2908163 -2.9759505
v 8.7240597 2.1423414 -2.5231255
l 8257 8258
v 7.8341637 2.2934017 -2.9820671
v 8.6848428 2.0887344 -2.4978602
l 8259 8260
v 7.8098273 2.8273144 -3.005533
v 6.948505 2.5626413 -3.4392057
l 8261 8262
v 7.8049774 2.8258243 -3.0079746
v 6.9727854 2.5073238 -3.4618621
l 8263 8264
v 7.8039589 2.8254344 -3.0085301
v 6.9633656 2.5216398 -3.456985
l 8265 8266
v 7.8051224 2.8258686 -3.0079019
v 6.9429365 2.5621078 -3.4404129
l 8267 8268
v 7.818325 2.8299816 -3.0004203
v 6.9908601 2.5702641 -3.4982644
l 8269 8270
v 7.8225102 2.8313022 -2.9978015
v 7.0035804 2.5728965 -3.5102275
l 8271 8272
v 7.8256278 2.8322856 -2.9958508
v 7.0066846 2.573939 -3.5082853
l 8273 8274
v 7.8538318 2.8385699 -2.9801757
v 6.9746267 2.6899752 -3.4328546
l 8275 8276
v 7.8289213 2.8330779 -2.9939761
v 6.978238 2.6284434 -3.4781895
l 8277 8278
v 7.846839 2.8373888 -2.9837775
v 6.9961572 2.6327212 -3.4679797
l 8279 8280
v 7.8529501 2.8384209 -2.9806297
v 6.9738102 2.6899425 -3.4334732
l 8281 8282
v 7.8719668 2.8414187 -2.9706228
v 6.9754638 2.7515214 -3.4044439
l 8283 8284
v 7.8686786 2.841089 -2.972214
v 6.9970893 2.6932021 -3.4396127
l 8285 8286
v 7.7391472 2.8378832 -3.0218186
v 6.7768734 2.8378832 -3.2939018
l 8287 8288
v 7.7415867 2.8365166 -3.0218871
v 7.7030598 3.7148089 -2.5453177
l 8289 8290
v 7.741888 2.818501 -3.031796
v 7.8546647 3.6734332 -2.5254637
l 8291 8292
v 7.7420268 2.8195529 -3.031173
v 7.7543839 3.6924426 -2.543412
l 8293 8294
v 7.742044 2.8207655 -3.0304954
v 7.7544859 3.6936739 -2.5427699
l 8295 8296
v 7.7420373 2.826236 -3.0274627
v 7.7805848 1.9478411 -3.5038413
l 8297 8298
v 7.7421012 2.82478 -3.0282524
v 7.7032636 3.7032865 -2.5521034
l 8299 8300
v 7.7420893 2.8250496 -3.0281062
v 7.7036077 3.7034191 -2.5516755
l 8301 8302
v 7.7420373 2.826236 -3.0274627
v 7.7030382 3.704563 -2.5509958
l 8303 8304
v 7.7420263 2.826483 -3.0273287
v 7.7035652 3.7048522 -2.5508958
l 8305 8306
v 7.7419095 2.8291478 -3.0258834
v 7.7045669 3.707736 -2.5497654
l 8307 8308
v 7.7419639 2.8279161 -3.0265515
v 7.7031975 3.70628 -2.5501335
l 8309 8310
v 7.7419734 2.8276918 -3.0266731
v 7.7046274 3.7062563 -2.5505117
l 8311 8312
v 7.7419009 2.8293498 -3.025774
v 7.7034929 3.7077247 -2.5493474
l 8313 8314
v 7.7418461 2.8306038 -3.0250938
v 7.702137 3.708876 -2.5485844
l 8315 8316
v 7.741838 2.8307831 -3.0249965
v 7.7034481 3.7091577 -2.5485677
l 8317 8318
v 7.7417183 2.8335156 -3.0235145
v 7.7802658 1.9551208 -3.4998931
l 8319 8320
v 7.7417822 2.8320596 -3.0243042
v 7.7017145 3.7108784 -2.5488338
l 8321 8322
v 7.741775 2.8322165 -3.0242193
v 7.703411 3.71056 -2.5477312
l 8323 8324
v 7.7416544 2.8349714 -3.0227249
v 7.7041211 3.7132506 -2.546052
l 8325 8326
v 7.7417126 2.8336499 -3.0234418
v 7.7030488 3.7119828 -2.5469585
l 8327 8328
v 7.7417183 2.8335156 -3.0235145
v 7.7042626 3.7121634 -2.5475153
l 8329 8330
v 7.7417822 2.8320596 -3.0243042
v 7.7802955 1.9536821 -3.5007174
l 8331 8332
v 7.7415905 2.8364275 -3.0219352
v 7.7039758 3.7156708 -2.5470498
l 8333 8334
v 7.7416496 2.835083 -3.0226643
v 7.7801621 1.9567082 -3.4990827
l 8335 8336
v 7.7416496 2.835083 -3.0226643
v 7.7030179 3.7134874 -2.5463102
l 8337 8338
v 7.725472 2.7890952 -3.0527506
v 8.4370169 3.2985593 -2.5688599
l 8339 8340
v 7.7229457 2.7872863 -3.0544682
v 8.4345268 3.2967961 -2.5706789
l 8341 8342
v 7.7258196 2.7889755 -3.0527186
v 6.962453 2.3402902 -3.5174261
l 8343 8344
v 7.7415409 2.8375602 -3.0213208
v 7.6940398 3.64211 -2.4293384
l 8345 8346
v 7.7396102 2.8378832 -3.0216751
v 6.7844501 2.8378832 -3.3177649
l 8347 8348
v 7.7415218 2.8378832 -3.0210831
v 6.7862776 2.8378832 -3.3169014
l 8349 8350
v 7.7268176 2.7900586 -3.0518355
v 8.3652427 3.3722029 -2.5483264
l 8351 8352
v 7.7289352 2.7919896 -3.0501654
v 8.3675184 3.374086 -2.5468014
l 8353 8354
v 7.7261486 2.7895796 -3.0522904
v 8.4377224 3.2990421 -2.5684406
l 8355 8356
v 7.7424264 2.7987356 -3.0426087
v 6.97906 2.3500761 -3.5073413
l 8357 8358
v 7.7303557 2.7916412 -3.0499573
v 6.9669585 2.343016 -3.5146722
l 8359 8360
v 7.7515273 2.8033557 -3.0374722
v 6.9550236 2.3990109 -3.4870132
l 8361 8362
v 7.7415519 2.8159506 -3.0333059
v 7.8542543 3.67097 -2.5271043
l 8363 8364
v 7.7413611 2.814508 -3.0341599
v 7.5314247 1.9859342 -3.5531899
l 8365 8366
v 7.7413611 2.814508 -3.0341599
v 7.8544018 3.6695194 -2.5280203
l 8367 8368
v 7.7303314 2.7932622 -3.0490649
v 8.2910271 3.4398009 -2.5317563
l 8369 8370
v 7.7320538 2.7952483 -3.0474758
v 8.2927883 3.4418602 -2.5303009
l 8371 8372
v 7.739078 2.8069069 -3.0390222
v 8.0425919 3.6011219 -2.5126175
l 8373 8374
v 7.73839 2.8051069 -3.0402153
v 8.0419751 3.5993092 -2.5138327
l 8375 8376
v 7.7334533 2.7968621 -3.046185
v 8.2124426 3.5000123 -2.5206861
l 8377 8378
v 7.7348013 2.798841 -3.0447061
v 8.2137264 3.5019979 -2.5191577
l 8379 8380
v 7.7371516 2.802737 -3.0418804
v 8.1302785 3.5550822 -2.5132708
l 8381 8382
v 7.7361507 2.8008223 -3.0432253
v 8.1294312 3.5531889 -2.5147606
l 8383 8384
v 7.7738276 2.8138516 -3.0247469
v 6.9544838 2.45914 -3.4751417
l 8385 8386
v 7.7551551 2.8052013 -3.0353255
v 6.9667949 2.4041303 -3.5018341
l 8387 8388
v 7.7626314 2.8090045 -3.0309014
v 6.9742629 2.4079568 -3.4974161
l 8389 8390
v 7.7801118 2.8165724 -3.0212924
v 6.9607771 2.461832 -3.471681
l 8391 8392
v 7.7841725 2.8182836 -3.0190861
v 6.9359009 2.5123087 -3.4513067
l 8393 8394
v 7.7835221 2.818049 -3.0194175
v 6.964209 2.4633226 -3.4698564
l 8395 8396
v 7.7351446 2.3334565 -3.0405765
v 8.4985082 1.8848073 -2.5758293
l 8397 8398
v 7.7419281 2.3294697 -3.0364466
v 8.538443 1.925119 -2.5869306
l 8399 8400
v 7.7621346 2.3192005 -3.0247524
v 8.5814731 1.9644816 -2.5743538
l 8401 8402
v 7.7824368 2.310411 -3.013592
v 8.6016905 1.9555173 -2.5631768
l 8403 8404
v 7.7515273 2.3245966 -3.0310292
v 8.5398811 1.9235405 -2.564497
l 8405 8406
v 7.7576475 2.3214831 -3.0274074
v 8.5460244 1.9204247 -2.5609162
l 8407 8408
v 7.7829971 2.3101683 -3.013284
v 8.6021651 1.9561211 -2.5620474
l 8409 8410
v 7.7830253 2.3101561 -3.0132685
v 8.63121 2.004161 -2.5808917
l 8411 8412
v 7.7224479 2.3409188 -3.0483062
v 8.4858182 1.892271 -2.5835688
l 8413 8414
v 7.7330017 2.3347161 -3.0418811
v 8.4963513 1.8860316 -2.5771449
l 8415 8416
v 7.7415409 2.3020065 -3.0213208
v 7.7801009 3.180352 -3.4977893
l 8417 8418
v 7.7415991 2.3033316 -3.0220397
v 7.7819132 3.1812827 -3.4990896
l 8419 8420
v 7.7280059 2.3366091 -3.0443439
v 7.0895809 2.9187927 -3.5478078
l 8421 8422
v 7.7416034 2.3034251 -3.0220904
v 7.7291746 3.1763248 -3.5098317
l 8423 8424
v 7.7408633 2.3136971 -3.027998
v 7.8536779 1.4586982 -2.5217869
l 8425 8426
v 7.7415376 2.3080466 -3.0246727
v 7.7291652 3.1809835 -3.5123489
l 8427 8428
v 7.7298336 2.3349428 -3.0429027
v 7.0913454 2.9170449 -3.5463806
l 8429 8430
v 7.7311778 2.3333929 -3.0416627
v 7.1704546 2.9799451 -3.5589244
l 8431 8432
v 7.7408633 2.3136971 -3.027998
v 7.5309001 3.1422776 -3.5470065
l 8433 8434
v 7.739913 2.3174474 -3.0303471
v 7.5300498 3.1460767 -3.5493182
l 8435 8436
v 7.7329555 2.3313429 -3.0400229
v 7.17225 2.977929 -3.5572616
l 8437 8438
v 7.7329555 2.3313429 -3.0400229
v 8.2119376 1.6281952 -2.5145142
l 8439 8440
v 7.7378922 2.3230982 -3.0340533
v 7.3446738 3.0754368 -3.5626041
l 8441 8442
v 7.7363882 2.3259757 -3.0360749
v 7.3432772 3.0784187 -3.5645568
l 8443 8444
v 7.7396402 2.3185244 -3.0310216
v 7.4361038 3.1127057 -3.5574641
l 8445 8446
v 7.7383747 2.3218355 -3.0332165
v 7.4348425 3.1160582 -3.559599
l 8447 8448
v 7.741539 2.3019691 -3.0212934
v 7.7826117 3.1080199 -3.6117128
l 8449 8450
v 7.7259817 2.2903218 -3.0173216
v 8.6812077 2.2903218 -2.7214445
l 8451 8452
v 7.7401586 2.2917778 -3.0140295
v 7.599986 1.4811396 -2.4455075
l 8453 8454
v 7.7404103 2.2932336 -3.0150502
v 7.8808994 3.1036155 -3.5838595
l 8455 8456
v 7.7414522 2.3005133 -3.0202215
v 7.789343 3.1048297 -3.6124896
l 8457 8458
v 7.7415347 2.3018987 -3.0212417
v 7.7906268 3.1064635 -3.613074
l 8459 8460
v 7.7414498 2.3004735 -3.0201921
v 7.6935657 1.4961282 -2.4279627
l 8461 8462
v 7.741365 2.2990477 -3.0191424
v 7.781333 3.0984085 -3.618663
l 8463 8464
v 7.7413654 2.2990572 -3.0191495
v 7.7893032 3.1034359 -3.6113293
l 8465 8466
v 7.741539 2.3019691 -3.0212934
v 7.6935846 1.4976429 -2.4290437
l 8467 8468
v 7.7409134 2.2961454 -3.0170918
v 7.6009649 1.4854002 -2.4486672
l 8469 8470
v 7.7404299 2.2933464 -3.0151293
v 7.8805874 3.1040725 -3.5835298
l 8471 8472
v 7.7411652 2.2976015 -3.0181129
v 7.8881833 3.106201 -3.587808
l 8473 8474
v 7.7413387 2.298605 -3.0188165
v 7.7889884 3.1030185 -3.6109722
l 8475 8476
v 7.741169 2.2976224 -3.0181277
v 7.8812464 3.1083796 -3.5865036
l 8477 8478
v 7.7205434 2.2903218 -3.019006
v 8.6757729 2.2903218 -2.7231403
l 8479 8480
v 7.6641726 2.2903218 -3.0334454
v 8.6376295 2.2903218 -2.8045745
l 8481 8482
v 7.6735654 2.2903218 -3.0312357
v 8.6469856 2.2903218 -2.8022094
l 8483 8484
v 7.6654778 2.2903218 -3.0331385
v 8.6388922 2.2903218 -2.8040876
l 8485 8486
v 7.6721873 2.2903218 -3.0315597
v 8.645642 2.2903218 -2.80268
l 8487 8488
v 7.6915689 2.2903218 -3.0269921
v 8.655615 2.2903218 -2.7612572
l 8489 8490
v 7.6913738 2.2903218 -3.0270457
v 8.6555641 2.2903218 -2.7618345
l 8491 8492
v 7.6943765 2.2903218 -3.0262182
v 8.6584306 2.2903218 -2.7605122
l 8493 8494
v 7.6913738 2.8378832 -3.0344183
v 6.7136762 2.8378832 -3.244436
l 8495 8496
v 7.7192898 2.8378832 -3.0273945
v 6.7495106 2.8378832 -3.2713788
l 8497 8498
v 7.6913738 2.8378832 -3.0344183
v 8.661146 2.8378832 -2.790406
l 8499 8500
v 7.7205434 2.8378832 -3.0270789
v 6.7508145 2.8378832 -3.2712632
l 8501 8502
v 7.6886368 2.8378832 -3.0350063
v 6.7109308 2.8378832 -3.244985
l 8503 8504
v 7.6641726 2.8378832 -3.0402606
v 8.6418748 2.8378832 -2.8302643
l 8505 8506
v 7.6351094 2.8378832 -3.0449855
v 6.6416252 2.8378832 -3.1589553
l 8507 8508
v 7.6300259 2.8378832 -3.0455687
v 6.6365445 2.8378832 -3.1595632
l 8509 8510
v 7.6390934 2.8378832 -3.0445282
v 6.6456164 2.8378832 -3.1585611
l 8511 8512
v 7.660552 2.8378832 -3.0408766
v 6.6747241 2.8378832 -3.2086365
l 8513 8514
v 7.6402354 2.8378832 -3.0443339
v 6.6544034 2.8378832 -3.2120694
l 8515 8516
v 7.6641726 2.8378832 -3.0402606
v 6.6783423 2.8378832 -3.2080062
l 8517 8518
v 7.6162891 2.2903218 -3.0408421
v 8.6097707 2.2903218 -2.9268495
l 8519 8520
v 7.6390934 2.2903218 -3.0381203
v 8.6222072 2.2903218 -2.8551248
l 8521 8522
v 7.6393342 2.2903218 -3.0380754
v 8.6223559 2.2903218 -2.8545861
l 8523 8524
v 7.6397238 2.2903218 -3.0380027
v 8.6227905 2.2903218 -2.854755
l 8525 8526
v 7.5759177 2.2903218 -3.0417054
v 8.5759169 2.2903218 -3.0430169
l 8527 8528
v 7.5704184 2.2903218 -3.041698
v 6.5704192 2.2903218 -3.0403896
l 8529 8530
v 7.5704184 2.2903218 -3.041698
v 8.5704175 2.2903218 -3.0430419
l 8531 8532
v 7.6056027 2.2903218 -3.0413086
v 8.6046511 2.2903218 -2.9976914
l 8533 8534
v 7.6053524 2.2903218 -3.0413196
v 8.6043941 2.2903218 -2.9975521
l 8535 8536
v 7.5393572 2.2903218 -3.0416572
v 8.5393561 2.2903218 -3.0430974
l 8537 8538
v 7.616055 2.2903218 -3.0408523
v 8.6150977 2.2903218 -2.997106
l 8539 8540
v 7.5350909 2.2903218 -3.0416369
v 8.5350796 2.2903218 -3.0463871
l 8541 8542
v 7.4987135 2.2903218 -3.0414634
v 6.4987249 2.2903218 -3.0366953
l 8543 8544
v 7.4851947 2.2903218 -3.041399
v 8.4851834 2.2903218 -3.0461456
l 8545 8546
v 7.5265193 2.2903218 -3.0415962
v 8.526508 2.2903218 -3.0463525
l 8547 8548
v 7.5183005 2.2903218 -3.0415568
v 6.5183119 2.2903218 -3.0367854
l 8549 8550
v 7.5183005 2.2903218 -3.0415568
v 8.5182891 2.2903218 -3.0463433
l 8551 8552
v 7.4843359 2.2903218 -3.0413949
v 8.4843248 2.2903218 -3.0461145
l 8553 8554
v 7.4411016 2.8378832 -3.0472858
v 6.4411464 2.8378832 -3.0378138
l 8555 8556
v 7.4394655 2.8378832 -3.0472703
v 6.4395112 2.8378832 -3.0377157
l 8557 8558
v 7.4323182 2.8378832 -3.0472021
v 6.4323633 2.8378832 -3.0377078
l 8559 8560
v 7.4358974 2.8378832 -3.0472362
v 6.4359427 2.8378832 -3.0377109
l 8561 8562
v 7.4843359 2.8378832 -3.0476978
v 6.4843818 2.8378832 -3.0381203
l 8563 8564
v 7.4431171 2.8378832 -3.0473051
v 6.443163 2.8378832 -3.0377243
l 8565 8566
v 7.4470925 2.8378832 -3.047343
v 8.4470473 2.8378832 -3.056853
l 8567 8568
v 7.4470925 2.8378832 -3.047343
v 6.447138 2.8378832 -3.0378076
l 8569 8570
v 7.4574461 2.8378832 -3.0474415
v 8.4574006 2.8378832 -3.0569765
l 8571 8572
v 7.49508 2.8378832 -3.047749
v 6.4950914 2.8378832 -3.0429781
l 8573 8574
v 7.5504961 2.8378832 -3.0479748
v 6.550497 2.8378832 -3.0466605
l 8575 8576
v 7.5423331 2.8378832 -3.0479641
v 6.5423341 2.8378832 -3.0466021
l 8577 8578
v 7.5393572 2.8378832 -3.04796
v 6.5393685 2.8378832 -3.0432108
l 8579 8580
v 7.4996357 2.8378832 -3.0477707
v 8.4996244 2.8378832 -3.0525189
l 8581 8582
v 7.4996357 2.8378832 -3.0477707
v 6.499647 2.8378832 -3.0430084
l 8583 8584
v 7.5959139 2.8378832 -3.0480344
v 6.5959147 2.8378832 -3.0467219
l 8585 8586
v 7.5637279 2.8378832 -3.0479922
v 8.563727 2.8378832 -3.0492991
l 8587 8588
v 7.5637279 2.8378832 -3.0479922
v 6.5637287 2.8378832 -3.0466769
l 8589 8590
v 7.6123772 2.8378832 -3.0473156
v 6.6133295 2.8378832 -3.0909474
l 8591 8592
v 7.5977006 2.8378832 -3.0479565
v 6.5986512 2.8378832 -3.0915499
l 8593 8594
v 7.6061101 2.8378832 -3.0475893
v 6.6070619 2.8378832 -3.0912084
l 8595 8596
v 7.6162891 2.8378832 -3.0471449
v 6.6172399 2.8378832 -3.0907407
l 8597 8598
v 7.337338 2.8378832 -3.0454006
v 6.3376137 2.8378832 -3.0219192
l 8599 8600
v 7.3357849 2.8378832 -3.0453641
v 6.3360585 2.8378832 -3.0219746
l 8601 8602
v 7.3283458 2.8378832 -3.0451901
v 6.328884 2.8378832 -3.0123845
l 8603 8604
v 7.2980094 2.8378832 -3.0441957
v 8.2974726 2.8378832 -3.0769557
l 8605 8606
v 7.2980094 2.8378832 -3.0441957
v 6.2985461 2.8378832 -3.0114364
l 8607 8608
v 7.3788443 2.8378832 -3.0463719
v 6.3791181 2.8378832 -3.0229725
l 8609 8610
v 7.3510518 2.8378832 -3.0457215
v 6.3513255 2.8378832 -3.0223274
l 8611 8612
v 7.3510518 2.8378832 -3.0457215
v 8.3507781 2.8378832 -3.069116
l 8613 8614
v 7.3885303 2.8378832 -3.046524
v 6.3886553 2.8378832 -3.0307119
l 8615 8616
v 7.3873091 2.8378832 -3.0465047
v 6.3874321 2.8378832 -3.0308183
l 8617 8618
v 7.4308367 2.2903218 -3.0408852
v 8.430792 2.2903218 -3.050333
l 8619 8620
v 7.426518 2.2903218 -3.0408175
v 8.4263951 2.2903218 -3.0564941
l 8621 8622
v 7.3791375 2.2903218 -3.0400736
v 8.3790116 2.2903218 -3.0559446
l 8623 8624
v 7.4212852 2.2903218 -3.0407352
v 8.4211616 2.2903218 -3.0564523
l 8625 8626
v 7.4165277 2.2903218 -3.0406606
v 6.4166523 2.2903218 -3.0248749
l 8627 8628
v 7.4165277 2.2903218 -3.0406606
v 8.4164047 2.2903218 -3.0563448
l 8629 8630
v 7.4074244 2.2903218 -3.0405178
v 6.4075478 2.2903218 -3.0248117
l 8631 8632
v 7.3788443 2.2903218 -3.0400691
v 8.378725 2.2903218 -3.0555144
l 8633 8634
v 7.3467684 2.2903218 -3.0393176
v 8.3464384 2.2903218 -3.0650066
l 8635 8636
v 7.3419108 2.2903218 -3.0391932
v 6.3422395 2.2903218 -3.0135583
l 8637 8638
v 7.3419108 2.2903218 -3.0391932
v 8.3415828 2.2903218 -3.0648056
l 8639 8640
v 7.2784963 2.2903218 -3.0370452
v 8.2773357 2.2903218 -3.0852097
l 8641 8642
v 7.3281636 2.2903218 -3.0388389
v 6.3288078 2.2903218 -3.0029521
l 8643 8644
v 7.2793269 2.2903218 -3.0370853
v 8.2786828 2.2903218 -3.0729704
l 8645 8646
v 7.2923207 2.2903218 -3.0375519
v 8.2916771 2.2903218 -3.0734255
l 8647 8648
v 7.3281636 2.2903218 -3.0388389
v 8.3275397 2.2903218 -3.0741571
l 8649 8650
v 7.2317739 2.2903218 -3.0347948
v 8.2305817 2.2903218 -3.0836087
l 8651 8652
v 7.2318373 2.2903218 -3.0347979
v 8.2306796 2.2903218 -3.0829019
l 8653 8654
v 7.2389865 2.8378832 -3.0418096
v 6.2399548 2.8378832 -2.9978123
l 8655 8656
v 7.2317739 2.8378832 -3.0414922
v 8.2308076 2.8378832 -3.0854414
l 8657 8658
v 7.2793269 2.8378832 -3.0435834
v 6.2802921 2.8378832 -2.9996572
l 8659 8660
v 7.2874985 2.8378832 -3.0438511
v 6.2880354 2.8378832 -3.0110866
l 8661 8662
v 7.281702 2.8378832 -3.0436611
v 6.2822371 2.8378832 -3.0109543
l 8663 8664
v 7.2317739 2.8378832 -3.0414922
v 6.2334019 2.8378832 -2.9844534
l 8665 8666
v 7.1975589 2.8378832 -3.0395374
v 6.1991877 2.8378832 -2.9824853
l 8667 8668
v 7.2063971 2.8378832 -3.0400424
v 6.2080253 2.8378832 -2.9830003
l 8669 8670
v 7.1856723 2.8378832 -3.0388582
v 6.1882876 2.8378832 -2.9665819
l 8671 8672
v 7.1633563 2.8378832 -3.037241
v 6.1659719 2.8378832 -2.9649614
l 8673 8674
v 7.1737852 2.8378832 -3.0379968
v 6.1764009 2.8378832 -2.9657159
l 8675 8676
v 7.1917763 2.8378832 -3.039207
v 6.193405 2.8378832 -2.9821561
l 8677 8678
v 7.1480627 2.7872863 -3.0642011
v 6.3833939 3.3257124 -2.7101123
l 8679 8680
v 7.1446619 2.789681 -3.0626264
v 7.9093259 2.2512426 -3.416707
l 8681 8682
v 7.1441255 2.7900586 -3.0623779
v 7.9088249 2.2517102 -3.4165187
l 8683 8684
v 7.1458173 2.788584 -3.0633185
v 6.3262013 3.2623178 -2.7411291
l 8685 8686
v 7.1480627 2.7872863 -3.0642011
v 6.3284235 3.2609852 -2.7420197
l 8687 8688
v 7.1410089 2.7928529 -3.0606019
v 7.8268606 2.1786862 -3.450995
l 8689 8690
v 7.1411777 2.7927017 -3.060698
v 7.8265726 2.1781524 -3.4512911
l 8691 8692
v 7.145844 2.8378832 -3.0359719
v 6.1484607 2.8378832 -2.9636763
l 8693 8694
v 7.1830373 2.2903218 -3.0316999
v 8.1798966 2.2903218 -3.110893
l 8695 8696
v 7.225235 2.2903218 -3.0343854
v 8.2232823 2.2903218 -3.0968485
l 8697 8698
v 7.1856723 2.2903218 -3.0319092
v 8.1837191 2.2903218 -3.0943804
l 8699 8700
v 7.2301302 2.2903218 -3.0346918
v 8.2281726 2.2903218 -3.0972323
l 8701 8702
v 7.2122383 2.4843342 -2.1077368
v 7.5189257 1.5522289 -2.3004089
l 8703 8704
v 7.1359248 2.2903218 -3.0278616
v 8.1310802 2.2903218 -3.1261763
l 8705 8706
v 7.1295986 2.2932336 -3.0294342
v 7.081159 3.0927499 -3.6281222
l 8707 8708
v 7.1294556 2.2955942 -3.0312018
v 7.1779238 1.4960795 -2.4325141
l 8709 8710
v 7.1297746 2.2903218 -3.0272541
v 8.1249317 2.2903218 -3.1255508
l 8711 8712
v 7.1296868 2.2917778 -3.0283444
v 7.0812345 3.0913722 -3.6269271
l 8713 8714
v 7.1371894 2.2903218 -3.0279865
v 8.1323488 2.2903218 -3.1262601
l 8715 8716
v 7.0969338 2.3143916 -3.0386806
v 7.9734242 2.6878135 -3.3425239
l 8717 8718
v 7.0564613 2.2999041 -3.0261741
v 7.9869872 2.5667816 -3.276969
l 8719 8720
v 7.0869951 2.3101561 -3.0352333
v 7.9634053 2.683649 -3.3392206
l 8721 8722
v 7.0650969 2.3023808 -3.0285015
v 7.9702399 2.6237783 -3.3067455
l 8723 8724
v 7.0732832 2.3052876 -3.031018
v 7.9784298 2.6266656 -3.3092729
l 8725 8726
v 7.1082358 2.3192005 -3.0423841
v 7.9579636 2.7439938 -3.3546554
l 8727 8728
v 7.0977688 2.3147473 -3.03897
v 7.9791084 2.6897111 -3.3264463
l 8729 8730
v 7.1291718 2.3019691 -3.0347126
v 7.1687109 1.4265937 -2.5528883
l 8731 8732
v 7.1291924 2.3015151 -3.0344627
v 7.1679373 1.4262123 -2.5524421
l 8733 8734
v 7.1293197 2.2986491 -3.0328841
v 7.090297 3.1738931 -3.5149891
l 8735 8736
v 7.1293015 2.2990572 -3.0331089
v 7.1681562 1.4238054 -2.5510047
l 8737 8738
v 7.1292558 2.3000822 -3.0336735
v 7.1683454 1.4248414 -2.5515683
l 8739 8740
v 7.1293836 2.2972162 -3.032095
v 7.0903532 3.1724875 -3.5141496
l 8741 8742
v 7.1293664 2.2976015 -3.0323071
v 7.1683638 1.4223267 -2.5502561
l 8743 8744
v 7.1293197 2.2986491 -3.0328841
v 7.1683622 1.423379 -2.5508282
l 8745 8746
v 7.1294312 2.2961454 -3.0315053
v 7.1685894 1.4208448 -2.5495142
l 8747 8748
v 7.1294475 2.295783 -3.0313058
v 7.1670282 1.4203729 -2.5493881
l 8749 8750
v 7.1294556 2.2955942 -3.0312018
v 7.0905983 3.1709119 -3.5131863
l 8751 8752
v 7.1293836 2.2972162 -3.032095
v 7.1683641 1.4219091 -2.5501011
l 8753 8754
v 7.1168456 2.3235047 -3.0455482
v 7.9665486 2.7483562 -3.3578078
l 8755 8756
v 7.1294556 2.2955942 -3.0312018
v 7.0905001 3.1708809 -3.5132348
l 8757 8758
v 7.128777 2.3294697 -3.049933
v 7.9441582 2.8014003 -3.3852462
l 8759 8760
v 7.1410089 2.3348863 -3.0540407
v 6.5442377 1.6572645 -2.6242816
l 8761 8762
v 7.1291285 2.3029482 -3.0352519
v 7.1679158 1.4276753 -2.5531804
l 8763 8764
v 7.1202517 2.3252077 -3.0467999
v 7.9699791 2.7500002 -3.3590732
l 8765 8766
v 7.1389728 2.3325744 -3.0525744
v 6.5422393 1.6548856 -2.6228686
l 8767 8768
v 7.1291075 2.3034251 -3.0355146
v 7.1676161 1.4282289 -2.5532815
l 8769 8770
v 7.1291547 2.3067248 -3.0373492
v 7.116652 1.4327997 -2.5514494
l 8771 8772
v 7.1378884 2.3313429 -3.0517936
v 6.6306291 1.5979646 -2.5991964
l 8773 8774
v 7.1362047 2.3289087 -3.0502913
v 6.6289193 1.5954881 -2.5977918
l 8775 8776
v 7.1291828 2.3086522 -3.0384209
v 7.1164266 1.4347445 -2.5524963
l 8777 8778
v 7.1295733 2.3115711 -3.0400755
v 7.0139623 1.4474525 -2.550246
l 8779 8780
v 7.1351495 2.327383 -3.04935
v 6.7212034 1.5477287 -2.5794694
l 8781 8782
v 7.1338544 2.3249438 -3.0478799
v 6.7200467 1.5451763 -2.5780652
l 8783 8784
v 7.129858 2.3136971 -3.0412805
v 7.014149 1.4495617 -2.5515036
l 8785 8786
v 7.1305137 2.3162436 -3.0427523
v 6.9129385 1.4711818 -2.5543554
l 8787 8788
v 7.132875 2.3230982 -3.046768
v 6.8158985 1.5061738 -2.5649376
l 8789 8790
v 7.1311007 2.3185244 -3.0440705
v 6.9136071 1.4734623 -2.5556377
l 8791 8792
v 7.1319489 2.3207116 -3.0453603
v 6.8150899 1.5037176 -2.5635708
l 8793 8794
v 7.1410584 2.3349428 -3.0540757
v 6.5432042 1.6537339 -2.6315538
l 8795 8796
v 7.1446319 2.3381467 -3.0561118
v 7.9093198 2.8765399 -3.4102094
l 8797 8798
v 7.1446319 2.3381467 -3.0561118
v 6.4592497 1.723569 -2.6655409
l 8799 8800
v 7.1421371 2.3359096 -3.0546901
v 6.456608 1.7214489 -2.6641931
l 8801 8802
v 7.0667424 2.8250608 -3.0354097
v 6.1615922 3.1464504 -2.7571799
l 8803 8804
v 7.0645924 2.8258243 -3.0347488
v 6.1340646 3.0926819 -2.7839401
l 8805 8806
v 7.0977688 2.8132427 -3.0453923
v 6.2213508 3.1867198 -2.7414083
l 8807 8808
v 7.075316 2.8220165 -3.0380454
v 6.1701804 3.1434201 -2.7597842
l 8809 8810
v 7.0864902 2.818049 -3.0414803
v 6.1813405 3.1394323 -2.7632416
l 8811 8812
v 7.1300254 2.7977204 -3.0569115
v 6.3146926 3.2696735 -2.7215122
l 8813 8814
v 7.1282716 2.7987356 -3.05619
v 6.2785389 3.2235312 -2.743935
l 8815 8816
v 7.0990911 2.8126802 -3.0458233
v 6.2176832 3.1875885 -2.7584837
l 8817 8818
v 7.1225452 2.8015983 -3.0540857
v 6.2728166 3.2263942 -2.7418202
l 8819 8820
v 7.1077304 2.8090045 -3.0486414
v 6.2263977 3.1839771 -2.7611552
l 8821 8822
v 7.140553 2.7932622 -3.0603337
v 7.8221309 2.1811968 -3.4613667
l 8823 8824
v 7.1410089 2.7913632 -3.0614283
v 6.3256323 3.2633004 -2.7261129
l 8825 8826
v 7.1410089 2.8378832 -3.0356214
v 6.1450549 2.8378832 -2.9457566
l 8827 8828
v 7.1380725 2.7960789 -3.0585475
v 7.7348379 2.118437 -3.4882828
l 8829 8830
v 7.1353631 2.7997828 -3.0562487
v 7.6425905 2.0663626 -3.5088138
l 8831 8832
v 7.1346436 2.8008223 -3.0556071
v 7.6421794 2.0676027 -3.5081515
l 8833 8834
v 7.137383 2.7968621 -3.0580509
v 7.734036 2.1191286 -3.4877979
l 8835 8836
v 7.140594 2.8378832 -3.035584
v 6.1446328 2.8378832 -2.9457989
l 8837 8838
v 7.1290774 2.8354669 -3.035886
v 7.0894891 1.9603116 -3.5181059
l 8839 8840
v 7.1291199 2.8364275 -3.035357
v 7.0904502 1.9611468 -3.5174239
l 8841 8842
v 7.1289902 2.8335156 -3.0369606
v 7.1679827 3.7088411 -2.5550012
l 8843 8844
v 7.1290135 2.8340337 -3.0366755
v 7.0895345 1.9586456 -3.5184814
l 8845 8846
v 7.129055 2.8349714 -3.036159
v 7.0903313 1.9596807 -3.5182032
l 8847 8848
v 7.1289258 2.8320596 -3.0377626
v 7.1676219 3.7073074 -2.5556383
l 8849 8850
v 7.1288223 2.8297348 -3.0390429
v 7.1675619 3.7050161 -2.5569829
l 8851 8852
v 7.128861 2.8306038 -3.0385644
v 7.0899576 1.9552795 -3.5205332
l 8853 8854
v 7.1288857 2.8311677 -3.0382538
v 7.0903985 1.9559528 -3.5204546
l 8855 8856
v 7.1288857 2.8311677 -3.0382538
v 7.1678141 3.7064341 -2.5561818
l 8857 8858
v 7.1289258 2.8320596 -3.0377626
v 7.0896182 1.9567631 -3.519749
l 8859 8860
v 7.1286945 2.8268688 -3.0406215
v 7.1677249 3.7021401 -2.5585669
l 8861 8862
v 7.1287313 2.8276918 -3.040168
v 7.0896877 1.9525082 -3.522381
l 8863 8864
v 7.1287584 2.8283017 -3.0398324
v 7.0897457 1.9529118 -3.5216732
l 8865 8866
v 7.1286016 2.82478 -3.0417717
v 7.1675865 3.7000785 -2.5597627
l 8867 8868
v 7.1286664 2.826236 -3.0409698
v 7.167663 3.7015379 -2.5589679
l 8869 8870
v 7.1286769 2.8195529 -3.0446782
v 7.116081 3.6934546 -2.5587388
l 8871 8872
v 7.1286016 2.82478 -3.0417717
v 7.1675437 3.7000635 -2.5597319
l 8873 8874
v 7.1298599 2.8125365 -3.0486772
v 7.347302 1.9674614 -3.5371105
l 8875 8876
v 7.1293526 2.814508 -3.0475378
v 7.3468313 1.9694273 -3.5359451
l 8877 8878
v 7.1323695 2.8051069 -3.053025
v 6.8153661 3.6220593 -2.5712599
l 8879 8880
v 7.1330733 2.803781 -3.0538239
v 7.5468709 2.0240623 -3.5237286
l 8881 8882
v 7.1323695 2.8051069 -3.053025
v 7.5462673 2.0254032 -3.5228662
l 8883 8884
v 7.0155048 2.8379383 -3.021651
v 6.0669766 2.9880822 -2.7428123
l 8885 8886
v 7.0160022 2.8378601 -3.0217829
v 6.0603663 2.9881231 -2.7684432
l 8887 8888
v 7.0154099 2.8379533 -3.0216231
v 6.0667631 2.9873963 -2.7428114
l 8889 8890
v 7.0023065 2.8400176 -3.017772
v 6.0536658 2.9894878 -2.7389537
l 8891 8892
v 6.9772925 2.8427978 -3.011296
v 6.0102 2.9336342 -2.7736393
l 8893 8894
v 6.9955063 2.841089 -3.0157733
v 6.0284208 2.9318174 -2.7780465
l 8895 8896
v 7.0190115 2.8373888 -3.0224462
v 6.0536784 2.9885901 -2.8096782
l 8897 8898
v 7.0559387 2.828306 -3.0324163
v 6.1307896 3.0941309 -2.7614251
l 8899 8900
v 7.0190115 2.8373888 -3.0224462
v 7.9662287 2.6279225 -3.2651467
l 8901 8902
v 7.0513277 2.8296309 -3.0310657
v 6.126185 3.0954477 -2.7600448
l 8903 8904
v 7.0559387 2.2997544 -3.0260332
v 7.9865142 2.5663609 -3.2769319
l 8905 8906
v 7.0542507 2.2992692 -3.0255387
v 7.9793727 2.5651764 -3.2965419
l 8907 8908
v 6.9999433 2.2877076 -3.0084214
v 7.9485921 2.4371751 -3.2872132
l 8909 8910
v 6.9764524 2.2852645 -3.0024667
v 7.9435394 2.375999 -3.2401848
l 8911 8912
v 6.9961896 2.2871163 -3.0073183
v 7.9448418 2.4365483 -3.2861174
l 8913 8914
v 7.0055013 2.2885833 -3.0100548
v 7.9541453 2.4380312 -3.2888736
l 8915 8916
v 7.0492983 2.2978384 -3.0237343
v 7.9560677 2.5598028 -3.3541036
l 8917 8918
v 7.0155048 2.2901592 -3.012995
v 7.9711788 2.4403724 -3.2662208
l 8919 8920
v 7.0196853 2.2908163 -3.0141027
v 7.9530465 2.4981411 -3.3071099
l 8921 8922
v 7.0246978 2.2919297 -3.0156763
v 7.9580502 2.499278 -3.3086949
l 8923 8924
v 7.0426569 2.2959194 -3.0213144
v 7.949405 2.5579246 -3.3517098
l 8925 8926
v 6.9291558 2.2845089 -2.9917312
v 7.9039999 2.2631832 -3.2135966
l 8927 8928
v 6.9276776 2.2845414 -2.991395
v 7.9025566 2.2631569 -3.2131013
l 8929 8930
v 6.9613037 2.2845247 -2.9987652
v 5.9874111 2.2541923 -2.7737914
l 8931 8932
v 6.9387684 2.2842987 -2.9939189
v 7.9207859 2.2628813 -3.1814897
l 8933 8934
v 6.97507 2.2851346 -3.0020816
v 7.934472 2.3753164 -3.2693176
l 8935 8936
v 6.972188 2.2848635 -3.0012791
v 7.931606 2.3751065 -3.2684367
l 8937 8938
v 6.9613037 2.2845247 -2.9987652
v 7.9352054 2.3148391 -3.2237021
l 8939 8940
v 6.9024382 2.2864313 -2.9866605
v 7.8839347 2.1791716 -3.1452791
l 8941 8942
v 6.9077964 2.2858458 -2.9875264
v 7.8873654 2.2215231 -3.1780707
l 8943 8944
v 6.9296622 2.8437221 -3.0004101
v 5.954826 2.8223441 -2.7785153
l 8945 8946
v 6.9269986 2.8436637 -2.9998038
v 5.9474364 2.7793953 -2.809206
l 8947 8948
v 6.9071169 2.8423593 -2.9959354
v 5.925622 2.7351271 -2.8372878
l 8949 8950
v 6.910388 2.8425739 -2.9965718
v 5.9308176 2.7783163 -2.8060125
l 8951 8952
v 6.9387684 2.8439214 -3.0024824
v 5.9639211 2.8225717 -2.7806334
l 8953 8954
v 6.9306145 2.8437428 -3.0006268
v 5.9557687 2.8225081 -2.7787603
l 8955 8956
v 6.970048 2.8433871 -3.0093756
v 5.9961518 2.873723 -2.7844179
l 8957 8958
v 6.947073 2.8441026 -3.0040686
v 5.9650551 2.822676 -2.8165007
l 8959 8960
v 6.9520531 2.8439476 -3.005219
v 5.9781574 2.8742537 -2.7802551
l 8961 8962
v 6.9764524 2.8428767 -3.0110896
v 6.0170296 2.9331116 -2.743946
l 8963 8964
v 6.9715066 2.8433418 -3.0097125
v 5.9976014 2.8735873 -2.7847814
l 8965 8966
v 6.8674479 2.837106 -2.988776
v 5.9017939 2.6455518 -2.8132214
l 8967 8968
v 6.8927341 2.8407841 -2.9932137
v 5.9182401 2.7339818 -2.7958439
l 8969 8970
v 6.8904586 2.8405347 -2.9927528
v 5.9159595 2.7337008 -2.7954253
l 8971 8972
v 6.868052 2.8372254 -2.9888582
v 5.8956767 2.644976 -2.8564709
l 8973 8974
v 6.8874726 2.8402073 -2.9921482
v 5.9126269 2.6905324 -2.8270021
l 8975 8976
v 6.8708572 2.8376563 -2.9893334
v 5.8960141 2.6879417 -2.8242082
l 8977 8978
v 6.9024382 2.8418481 -2.9951792
v 5.9279514 2.734995 -2.7978014
l 8979 8980
v 6.8585982 2.8353505 -2.9871671
v 5.8929488 2.6437928 -2.8115915
l 8981 8982
v 6.848928 2.8334322 -2.9854088
v 5.887122 2.5996885 -2.8429549
l 8983 8984
v 6.8515396 2.8339503 -2.9858837
v 5.8858957 2.6423906 -2.81028
l 8985 8986
v 6.850493 2.2945962 -2.9772196
v 7.8161555 2.1031244 -3.1528168
l 8987 8988
v 6.8337836 2.2986174 -2.9747148
v 7.7955892 2.0648704 -3.1171663
l 8989 8990
v 6.8496027 2.2947729 -2.9770577
v 7.8152353 2.1031463 -3.1526508
l 8991 8992
v 6.8514357 2.2944093 -2.977391
v 7.8170845 2.1028468 -3.1529648
l 8993 8994
v 6.8674479 2.2912328 -2.9803023
v 7.8398555 2.0990674 -3.1125744
l 8995 8996
v 6.9024382 2.2864313 -2.9866605
v 5.927946 2.3932791 -2.7893067
l 8997 8998
v 6.8851461 2.2884591 -2.9832578
v 7.8599848 2.1388053 -3.148465
l 8999 9000
v 6.794003 2.3108428 -2.968256
v 7.7270833 1.9964996 -3.1430405
l 9001 9002
v 6.7948303 2.310564 -2.968411
v 7.7278768 1.9960888 -3.1431381
l 9003 9004
v 6.790844 2.3120565 -2.967777
v 7.7150997 1.9569331 -3.1079151
l 9005 9006
v 6.8130417 2.3044822 -2.9711878
v 7.7617767 2.0299072 -3.1277457
l 9007 9008
v 6.8014317 2.3083391 -2.9696472
v 7.7423547 1.9926656 -3.092179
l 9009 9010
v 6.8122115 2.3047225 -2.971051
v 7.7609514 2.030073 -3.1274487
l 9011 9012
v 6.8316193 2.2991455 -2.9742835
v 7.7854097 2.066424 -3.1643481
l 9013 9014
v 6.8307409 2.2993598 -2.9741085
v 7.7845303 2.0666083 -3.1641414
l 9015 9016
v 6.8201256 2.3024321 -2.9723568
v 7.7688601 2.0278522 -3.1289095
l 9017 9018
v 6.790844 2.3120565 -2.967777
v 5.8665884 2.6671853 -2.827651
l 9019 9020
v 6.7703781 2.3224742 -2.9666018
v 7.5335858 1.6914912 -2.8274098
l 9021 9022
v 6.7706771 2.806524 -2.9746044
v 6.0038659 2.1662918 -3.0204663
l 9023 9024
v 6.7714996 2.8072109 -2.9745548
v 6.0047558 2.1669243 -3.0207817
l 9025 9026
v 6.7972674 2.8186879 -2.9772718
v 5.8641782 2.5042952 -2.8026243
l 9027 9028
v 6.7956357 2.8181381 -2.9769664
v 5.8625814 2.5036407 -2.8023207
l 9029 9030
v 6.7754807 2.8105025 -2.9738288
v 6.0122913 2.1794932 -3.1130019
l 9031 9032
v 6.793334 2.8173623 -2.9765356
v 5.8690822 2.4622279 -2.8363992
l 9033 9034
v 6.7777038 2.8113565 -2.9741657
v 5.8534215 2.4562751 -2.8340959
l 9035 9036
v 6.8014317 2.8200915 -2.9780517
v 5.8683908 2.5056056 -2.8033135
l 9037 9038
v 6.8115392 2.8234828 -2.9793677
v 5.8706214 2.5077868 -2.8568535
l 9039 9040
v 6.8139215 2.824172 -2.9797609
v 5.8651686 2.549668 -2.8231863
l 9041 9042
v 6.8337836 2.8297517 -2.9831657
v 5.8800267 2.5968972 -2.7930959
l 9043 9044
v 6.8325825 2.8294585 -2.9829264
v 5.8787758 2.5967521 -2.792925
l 9045 9046
v 6.7406082 2.7784801 -2.9762688
v 6.0417089 2.0637517 -3.002785
l 9047 9048
v 6.7389555 2.7767899 -2.9763315
v 6.1141363 2.0023106 -3.0752398
l 9049 9050
v 6.7490606 2.7870796 -2.9754083
v 6.0498526 2.0757131 -3.0465839
l 9051 9052
v 6.7422051 2.7801049 -2.9761062
v 6.0430256 2.0687121 -3.0472976
l 9053 9054
v 6.7564034 2.7945504 -2.9746611
v 7.522504 3.4372676 -2.9725307
l 9055 9056
v 6.7564034 2.7945504 -2.9746611
v 6.0572107 2.0831664 -3.0458109
l 9057 9058
v 6.7297711 2.7654057 -2.9777853
v 6.1049452 1.9909294 -3.0766747
l 9059 9060
v 6.7232838 2.7573643 -2.9788122
v 6.180113 1.9348777 -3.1475764
l 9061 9062
v 6.7267718 2.761688 -2.97826
v 6.1019682 1.9871963 -3.0771695
l 9063 9064
v 6.7138691 2.7431083 -2.9817374
v 6.1704276 1.9051671 -3.0319958
l 9065 9066
v 6.7131524 2.7420032 -2.9818037
v 6.1697258 1.9040567 -3.0321355
l 9067 9068
v 6.7128229 2.7414951 -2.9818342
v 6.1692582 1.9036357 -3.0321239
l 9069 9070
v 6.7448764 2.3458819 -2.9698086
v 7.444069 1.6344996 -2.8986409
l 9071 9072
v 6.7406082 2.3502245 -2.970243
v 7.439858 1.6388991 -2.8990678
l 9073 9074
v 6.7417817 2.3490307 -2.9701235
v 7.4409559 1.6376291 -2.8989672
l 9075 9076
v 6.7394438 2.3514152 -2.9702871
v 7.4383879 1.6367291 -2.9438119
l 9077 9078
v 6.7264657 2.3675022 -2.9723415
v 7.3512755 1.5930154 -2.873433
l 9079 9080
v 6.7259498 2.3681417 -2.9724231
v 7.3508255 1.5936885 -2.8736673
l 9081 9082
v 6.7657847 2.3262913 -2.9671547
v 5.9999474 2.9626827 -3.0593454
l 9083 9084
v 6.7545176 2.3360727 -2.9688272
v 7.4490075 1.638142 -2.7939661
l 9085 9086
v 6.7657847 2.3262913 -2.9671547
v 7.5316141 1.6898889 -2.8749738
l 9087 9088
v 6.7066631 2.3980181 -2.9783807
v 7.1635642 1.5322599 -2.774165
l 9089 9090
v 6.7099514 2.391788 -2.9769111
v 7.2540307 1.563044 -2.8459112
l 9091 9092
v 6.7094769 2.3926864 -2.977123
v 7.1666373 1.5270681 -2.7728941
l 9093 9094
v 6.723772 2.3708408 -2.9727678
v 7.3486181 1.5963846 -2.8738487
l 9095 9096
v 6.7121091 2.3885014 -2.9763916
v 7.2552251 1.5659781 -2.8076301
l 9097 9098
v 6.7129669 2.3872023 -2.976125
v 7.2561377 1.5647157 -2.8073609
l 9099 9100
v 6.7013211 2.408371 -2.9793096
v 7.1584185 1.5225128 -2.8998286
l 9101 9102
v 6.6953869 2.4215758 -2.9809909
v 7.0614948 1.5021645 -2.8372971
l 9103 9104
v 6.6983585 2.414113 -2.9798245
v 7.1554223 1.5282348 -2.9003736
l 9105 9106
v 6.6953869 2.4215758 -2.9809909
v 6.3292839 3.3409866 -3.1247003
l 9107 9108
v 6.684866 2.4519417 -2.9866254
v 6.9558177 1.5115454 -2.7811018
l 9109 9110
v 6.6861157 2.6816506 -2.9891918
v 6.4203234 1.7202449 -3.0602793
l 9111 9112
v 6.6868815 2.6844225 -2.988987
v 6.4212534 1.7229677 -3.0600251
l 9113 9114
v 6.684866 2.67713 -2.989526
v 6.4202973 1.7141711 -3.0416182
l 9115 9116
v 6.6790729 2.6499875 -2.9920223
v 6.5126275 1.6708171 -3.1083035
l 9117 9118
v 6.6817746 2.6658821 -2.9901347
v 6.5153359 1.6867106 -3.1064156
l 9119 9120
v 6.6841903 2.6746707 -2.9896591
v 6.4195168 1.7117418 -3.0417735
l 9121 9122
v 6.6978402 2.7136314 -2.9840412
v 6.3317234 1.7942251 -3.1277441
l 9123 9124
v 6.688642 2.6905324 -2.9876516
v 6.4176833 1.7501397 -3.1931825
l 9125 9126
v 6.6916876 2.6981807 -2.9864562
v 6.3255753 1.7787729 -3.1301611
l 9127 9128
v 6.6980238 2.714092 -2.9839692
v 7.155102 3.5999612 -2.9045004
l 9129 9130
v 6.7121091 2.7403948 -2.9819002
v 6.1700308 1.9001835 -2.9959004
l 9131 9132
v 6.6980238 2.714092 -2.9839692
v 6.3316365 1.794793 -3.1276692
l 9133 9134
v 6.6777644 2.6422901 -2.9929364
v 6.5113104 1.6631217 -3.1092214
l 9135 9136
v 6.6774235 2.6402845 -2.9931746
v 6.6109269 1.6585885 -3.1716431
l 9137 9138
v 6.6756554 2.589684 -2.9977274
v 6.6700146 1.592143 -3.0675856
l 9139 9140
v 6.6756492 2.5885878 -2.9978042
v 6.6700065 1.5910517 -3.0677325
l 9141 9142
v 6.6755552 2.5720458 -2.9989631
v 6.6700887 1.5745074 -3.0688718
l 9143 9144
v 6.6755867 2.5775599 -2.9985769
v 6.6698269 1.5800165 -3.06839
l 9145 9146
v 6.6756043 2.5806961 -2.9983571
v 6.6699925 1.5831593 -3.0682772
l 9147 9148
v 6.6755729 2.575165 -2.9987445
v 6.6699306 1.5776283 -3.0686628
l 9149 9150
v 6.6765599 2.6275358 -2.9954922
v 6.6205421 1.6298849 -3.0349214
l 9151 9152
v 6.6757922 2.6138833 -2.996032
v 6.6702128 1.6163441 -3.0659214
l 9153 9154
v 6.6757741 2.6106436 -2.996259
v 6.6699624 1.6131099 -3.0662067
l 9155 9156
v 6.6763997 2.6246824 -2.995605
v 6.6202788 1.627038 -3.0350526
l 9157 9158
v 6.6756668 2.5917585 -2.997582
v 6.6701638 1.5942221 -3.0675161
l 9159 9160
v 6.6756668 2.5917585 -2.997582
v 6.6813427 3.5892982 -2.9277082
l 9161 9162
v 6.6757298 2.6028209 -2.9968071
v 6.6700906 1.6052825 -3.066703
l 9163 9164
v 6.6757116 2.5996156 -2.9970317
v 6.6699857 1.6020735 -3.0668678
l 9165 9166
v 6.675561 2.5665114 -2.9988923
v 6.6700368 3.5640485 -3.0688158
l 9167 9168
v 6.6755881 2.5617087 -2.9985559
v 6.6699428 3.5592486 -3.0684293
l 9169 9170
v 6.6755748 2.5641026 -2.9987235
v 6.6811382 1.56656 -2.9288826
l 9171 9172
v 6.675561 2.5665114 -2.9988923
v 6.6812877 1.5689742 -2.9289867
l 9173 9174
v 6.6756372 2.5530403 -2.9979486
v 6.6700473 3.5505804 -3.0678225
l 9175 9176
v 6.6756063 2.5585713 -2.9983361
v 6.6812104 1.5610297 -2.9284841
l 9177 9178
v 6.6756196 2.5561948 -2.9981697
v 6.6811988 1.5586557 -2.9282793
l 9179 9180
v 6.6756063 2.5585713 -2.9983361
v 6.6699151 3.5561104 -3.0682174
l 9181 9182
v 6.6756506 2.5506806 -2.9977832
v 6.6816132 1.5531348 -2.9280206
l 9183 9184
v 6.6756372 2.5530403 -2.9979486
v 6.6812816 1.5555057 -2.9279993
l 9185 9186
v 6.6770773 2.4959202 -2.9922094
v 6.6105775 3.477618 -3.170667
l 9187 9188
v 6.6758566 2.5143218 -2.9952362
v 6.7319362 1.5166776 -2.9557255
l 9189 9190
v 6.6756554 2.5498829 -2.9977274
v 6.6812657 1.5523467 -2.9277987
l 9191 9192
v 6.6757002 2.5419779 -2.9971735
v 6.6700243 3.5395176 -3.0670473
l 9193 9194
v 6.6756687 2.547509 -2.997561
v 6.681355 1.5499684 -2.9277006
l 9195 9196
v 6.6756821 2.5451667 -2.9973969
v 6.6813503 1.5476277 -2.9275133
l 9197 9198
v 6.6757445 2.5341387 -2.9966245
v 6.6700512 3.5316784 -3.0664971
l 9199 9200
v 6.6757002 2.5419779 -2.9971735
v 6.6812239 1.5444367 -2.9273088
l 9201 9202
v 6.675838 2.5175967 -2.9954655
v 6.6815025 1.5200562 -2.9256028
l 9203 9204
v 6.6757941 2.5253842 -2.996011
v 6.6814435 1.5278451 -2.9261257
l 9205 9206
v 6.6757445 2.5341387 -2.9966245
v 6.6813524 1.5365988 -2.9267472
l 9207 9208
v 6.6819701 2.462323 -2.9877152
v 6.9466358 1.4993905 -2.9356268
l 9209 9210
v 6.6770773 2.4959202 -2.9922094
v 6.7435517 1.5142237 -2.8137351
l 9211 9212
v 6.677619 2.4879205 -2.9907551
v 6.8440611 1.5087496 -2.8744736
l 9213 9214
v 6.6791854 2.4787054 -2.9896607
v 6.8456272 1.4995344 -2.8733795
l 9215 9216
v 7.4314675 2.2903218 -3.0408912
v 8.4314222 2.2903218 -3.0504171
l 9217 9218
v 7.4452085 2.2903218 -3.0410221
v 6.4452539 2.2903218 -3.0314972
l 9219 9220
v 7.4691286 2.2903218 -3.04125
v 8.4690831 2.2903218 -3.0507925
l 9221 9222
v 7.4691286 2.2903218 -3.04125
v 6.469174 2.2903218 -3.031724
l 9223 9224
v 7.4308367 2.8378832 -3.047188
v 6.4309591 2.8378832 -3.0315414
l 9225 9226
v 7.4138279 2.8378832 -3.046921
v 8.4137045 2.8378832 -3.0626308
l 9227 9228
v 7.4286275 2.8378832 -3.0471535
v 6.4287506 2.8378832 -3.0314606
l 9229 9230
v 7.3925776 2.8378832 -3.0465875
v 6.3927004 2.8378832 -3.0309202
l 9231 9232
v 7.3988051 2.8378832 -3.0466852
v 6.3989283 2.8378832 -3.0309904
l 9233 9234
v 7.4055576 2.8378832 -3.0467913
v 6.405681 2.8378832 -3.0310811
l 9235 9236
v 7.7241192 2.3409188 -3.0689905
v 7.6435803 2.3409188 -2.072239
l 9237 9238
v 7.7203436 2.3409188 -3.1157155
v 7.8008856 2.3409188 -2.1189643
l 9239 9240
v 8.1086702 2.3435133 -2.8958941
v 8.8263698 3.0233668 -3.0465806
l 9241 9242
v 7.9282928 2.2844729 -2.9365587
v 8.8302634 2.3055738 -2.5052773
l 9243 9244
v 8.0063276 2.8337872 -2.9173641
v 7.0679323 3.0259367 -3.2045796
l 9245 9246
v 8.1297426 2.7646277 -2.9089372
v 7.4801967 3.4943124 -2.6952777
l 9247 9248
v 7.7203436 2.3409188 -3.1157155
v 7.4810036 2.3409188 -4.0866513
l 9249 9250
v 7.709415 2.3409188 -3.1600499
v 7.3198945 2.3409188 -4.0810677
l 9251 9252
v 7.6396608 2.3409188 -3.272754
v 8.2907982 2.3409188 -2.513794
l 9253 9254
v 7.6919279 2.3409188 -3.2013979
v 7.1644324 2.3409188 -4.0509557
l 9255 9256
v 7.7203436 2.7872863 -3.1157155
v 7.8008856 2.7872863 -2.1189643
l 9257 9258
v 7.7229457 2.7872863 -3.0544682
v 7.8034896 2.7872863 -4.0512192
l 9259 9260
v 7.709415 2.7872863 -3.1600499
v 7.3198945 2.7872863 -4.0810677
l 9261 9262
v 7.709415 2.7872863 -3.1600499
v 7.948755 2.7872863 -2.1891141
l 9263 9264
v 7.6396608 2.3409188 -3.272754
v 6.8807005 2.3409188 -3.9238909
l 9265 9266
v 7.6060715 2.3409188 -3.3015714
v 6.7565161 2.3409188 -3.8290708
l 9267 9268
v 7.2033167 2.3409188 -3.2391644
v 7.8544478 2.3409188 -3.9981296
l 9269 9270
v 7.1798668 2.3409188 -3.2013979
v 7.7073701 2.3409188 -4.0509509
l 9271 9272
v 7.2657237 2.3409188 -3.3015714
v 6.5067588 2.3409188 -2.6504398
l 9273 9274
v 7.2657237 2.3409188 -3.3015714
v 8.1152791 2.3409188 -3.8290708
l 9275 9276
v 7.4826226 2.3409188 -3.3534367
v 8.4535584 2.3409188 -3.1140967
l 9277 9278
v 7.568305 2.3409188 -3.325021
v 6.6472872 2.3409188 -3.7145415
l 9279 9280
v 7.526957 2.7872863 -3.3425081
v 8.4479749 2.7872863 -2.9529876
l 9281 9282
v 7.4826226 2.7872863 -3.3534367
v 8.4535584 2.7872863 -3.1140967
l 9283 9284
v 7.4358974 2.7872863 -3.3572121
v 6.4391457 2.7872863 -3.2766755
l 9285 9286
v 7.4358974 2.7872863 -3.3572121
v 8.432649 2.7872863 -3.2766755
l 9287 9288
v 7.4358974 2.3409188 -3.3572121
v 6.4391457 2.3409188 -3.2766755
l 9289 9290
v 7.4826226 2.3409188 -3.3534367
v 6.485871 2.3409188 -3.4339733
l 9291 9292
v 7.3448381 2.3409188 -3.3425081
v 8.3157734 2.3409188 -3.5818505
l 9293 9294
v 7.3034902 2.3409188 -3.325021
v 8.224508 2.3409188 -3.7145415
l 9295 9296
v 7.3034902 2.7872863 -3.325021
v 8.224508 2.7872863 -3.7145415
l 9297 9298
v 7.3891721 2.7872863 -3.3534367
v 6.4182369 2.7872863 -3.1140943
l 9299 9300
v 7.3034902 2.7872863 -3.325021
v 6.4539348 2.7872863 -2.7975216
l 9301 9302
v 7.2657237 2.7872863 -3.3015714
v 6.5067588 2.7872863 -2.6504398
l 9303 9304
v 7.1623797 2.3409188 -3.1600499
v 6.9230397 2.3409188 -2.1891141
l 9305 9306
v 7.1623797 2.3409188 -3.1600499
v 7.5519002 2.3409188 -4.0810677
l 9307 9308
v 7.1485691 2.3409188 -3.057935
v 7.0680464 2.3409188 -4.0546878
l 9309 9310
v 7.147676 2.3409188 -3.0689905
v 7.2282079 2.3409188 -4.0657425
l 9311 9312
v 6.9276776 2.2845414 -2.991395
v 5.9481178 2.3488056 -2.8007836
l 9313 9314
v 7.1798668 2.7872863 -3.2013979
v 7.7073701 2.7872863 -4.0509509
l 9315 9316
v 7.2321339 2.7872863 -3.272754
v 6.5810027 2.7872863 -2.5137887
l 9317 9318
v 7.1798668 2.7872863 -3.2013979
v 6.7903463 2.7872863 -2.2803801
l 9319 9320
v 7.1623797 2.7872863 -3.1600499
v 6.9230397 2.7872863 -2.1891141
l 9321 9322
v 6.8139215 2.824172 -2.9797609
v 7.7626561 3.0987431 -3.1363284
l 9323 9324
v 7.1480627 2.7872863 -3.0642011
v 7.0675799 2.7872863 -4.0609571
l 9325 9326
v 7.1514511 2.7872863 -3.1157155
v 7.0709192 2.7872863 -2.1189635
l 9327 9328
v 7.6060715 2.7872863 -3.3015714
v 6.7565161 2.7872863 -3.8290708
l 9329 9330
v 7.6060715 2.7872863 -3.3015714
v 8.3650318 2.7872863 -2.6504345
l 9331 9332
v 7.6684785 2.7872863 -3.2391644
v 8.195974 2.7872863 -2.3896066
l 9333 9334
v 7.6396608 2.7872863 -3.272754
v 8.2907982 2.7872863 -2.513794
l 9335 9336
v 8.1682158 -2.4256752 -2.9188552
v 7.7555165 -1.5603581 -2.6344158
l 9337 9338
v 8.1656818 -2.4203622 -2.9171088
v 8.5784473 -3.2856451 -3.201556
l 9339 9340
v 8.1904736 -2.5970247 -2.9391677
v 8.2067339 -1.5993609 -3.0055191
l 9341 9342
v 8.1273928 -2.7672675 -2.9081643
v 8.7769387 -2.0375828 -3.1218237
l 9343 9344
v 7.7203436 -2.3409188 -3.1157155
v 7.8008856 -2.3409188 -2.1189643
l 9345 9346
v 7.7224479 -2.3409188 -3.0483062
v 7.8029867 -2.3409188 -4.0450577
l 9347 9348
v 7.709415 -2.3409188 -3.1600499
v 7.3198945 -2.3409188 -4.0810677
l 9349 9350
v 7.709415 -2.3409188 -3.1600499
v 7.948755 -2.3409188 -2.1891141
l 9351 9352
v 7.7203436 -2.7872863 -3.1157155
v 7.4810036 -2.7872863 -4.0866513
l 9353 9354
v 7.709415 -2.7872863 -3.1600499
v 7.3198945 -2.7872863 -4.0810677
l 9355 9356
v 7.6396608 -2.7872863 -3.272754
v 8.2907982 -2.7872863 -2.513794
l 9357 9358
v 7.6919279 -2.7872863 -3.2013979
v 7.1644324 -2.7872863 -4.0509557
l 9359 9360
v 7.6684785 -2.3409188 -3.2391644
v 8.195974 -2.3409188 -2.3896066
l 9361 9362
v 7.6396608 -2.3409188 -3.272754
v 8.2907982 -2.3409188 -2.513794
l 9363 9364
v 7.6060715 -2.3409188 -3.3015714
v 6.7565161 -2.3409188 -3.8290708
l 9365 9366
v 7.6060715 -2.3409188 -3.3015714
v 8.3650318 -2.3409188 -2.6504345
l 9367 9368
v 7.6396608 -2.7872863 -3.272754
v 6.8807005 -2.7872863 -3.9238909
l 9369 9370
v 7.6060715 -2.7872863 -3.3015714
v 6.7565161 -2.7872863 -3.8290708
l 9371 9372
v 7.4826226 -2.7872863 -3.3534367
v 8.4535584 -2.7872863 -3.1140967
l 9373 9374
v 7.568305 -2.7872863 -3.325021
v 6.6472872 -2.7872863 -3.7145415
l 9375 9376
v 7.526957 -2.3409188 -3.3425081
v 8.4479749 -2.3409188 -2.9529876
l 9377 9378
v 7.4826226 -2.3409188 -3.3534367
v 8.4535584 -2.3409188 -3.1140967
l 9379 9380
v 7.1359248 -2.2903218 -3.0278616
v 8.1310802 -2.2903218 -3.1261763
l 9381 9382
v 7.4358974 -2.3409188 -3.3572121
v 6.4391457 -2.3409188 -3.2766755
l 9383 9384
v 7.4358974 -2.3409188 -3.3572121
v 8.432649 -2.3409188 -3.2766755
l 9385 9386
v 7.4826226 -2.7872863 -3.3534367
v 6.485871 -2.7872863 -3.4339733
l 9387 9388
v 7.4358974 -2.7872863 -3.3572121
v 6.4391457 -2.7872863 -3.2766755
l 9389 9390
v 7.3448381 -2.7872863 -3.3425081
v 8.3157734 -2.7872863 -3.5818505
l 9391 9392
v 7.3034902 -2.7872863 -3.325021
v 8.224508 -2.7872863 -3.7145415
l 9393 9394
v 7.3034902 -2.3409188 -3.325021
v 8.224508 -2.3409188 -3.7145415
l 9395 9396
v 7.3891721 -2.3409188 -3.3534367
v 6.4182369 -2.3409188 -3.1140943
l 9397 9398
v 7.1295104 -2.2946897 -3.0305245
v 7.1776638 -1.494999 -2.4320463
l 9399 9400
v 7.1295304 -2.2943571 -3.0302756
v 7.1780548 -1.4948924 -2.4315255
l 9401 9402
v 7.1295986 -2.2932336 -3.0294342
v 7.1776382 -1.4936266 -2.4308351
l 9403 9404
v 7.1294556 -2.2955942 -3.0312018
v 7.1779238 -1.4960795 -2.4325141
l 9405 9406
v 7.3034902 -2.3409188 -3.325021
v 6.4539348 -2.3409188 -2.7975216
l 9407 9408
v 7.2657237 -2.3409188 -3.3015714
v 6.5067588 -2.3409188 -2.6504398
l 9409 9410
v 7.2657237 -2.7872863 -3.3015714
v 6.5067588 -2.7872863 -2.6504398
l 9411 9412
v 7.2657237 -2.7872863 -3.3015714
v 8.1152791 -2.7872863 -3.8290708
l 9413 9414
v 7.2033167 -2.7872863 -3.2391644
v 7.8544478 -2.7872863 -3.9981296
l 9415 9416
v 7.1798668 -2.7872863 -3.2013979
v 7.7073701 -2.7872863 -4.0509509
l 9417 9418
v 7.1798668 -2.3409188 -3.2013979
v 7.7073701 -2.3409188 -4.0509509
l 9419 9420
v 7.2321339 -2.3409188 -3.272754
v 6.5810027 -2.3409188 -2.5137887
l 9421 9422
v 7.1798668 -2.3409188 -3.2013979
v 6.7903463 -2.3409188 -2.2803801
l 9423 9424
v 7.1623797 -2.3409188 -3.1600499
v 6.9230397 -2.3409188 -2.1891141
l 9425 9426
v 7.1623797 -2.7872863 -3.1600499
v 6.9230397 -2.7872863 -2.1891141
l 9427 9428
v 7.1623797 -2.7872863 -3.1600499
v 7.5519002 -2.7872863 -4.0810677
l 9429 9430
v 7.1480627 -2.7872863 -3.0642011
v 7.0675799 -2.7872863 -4.0609571
l 9431 9432
v 7.147676 -2.7872863 -3.0689905
v 7.2282079 -2.7872863 -4.0657425
l 9433 9434
v 6.8300691 -2.8288453 -2.9824257
v 5.8813345 -2.5542742 -2.8258581
l 9435 9436
v 6.6770773 -2.4959202 -2.9922094
v 6.7435517 -1.5142237 -2.8137351
l 9437 9438
v 6.677619 -2.4879205 -2.9907551
v 6.8440611 -1.5087496 -2.8744736
l 9439 9440
v 6.6791854 -2.4787054 -2.9896607
v 6.8456272 -1.4995344 -2.8733795
l 9441 9442
v 6.909049 -2.2857635 -2.9877701
v 7.8886088 -2.2214992 -3.1783814
l 9443 9444
v 7.1485691 -2.3409188 -3.057935
v 7.0680464 -2.3409188 -4.0546878
l 9445 9446
v 7.1514511 -2.3409188 -3.1157155
v 7.0709192 -2.3409188 -2.1189635
l 9447 9448
v 7.7203436 -2.7872863 -3.1157155
v 7.8008856 -2.7872863 -2.1189643
l 9449 9450
v 7.7241192 -2.7872863 -3.0689905
v 7.6435753 -2.7872863 -2.0722394
l 9451 9452
v 2.8631768 0 -2.6963432
v 2.1176101 0.63707073 -2.500713
l 9453 9454
v 2.8567936 -0.0054542907 -2.6946683
v 3.6023604 0.63161644 -2.8902984
l 9455 9456
v 6.6841984 -2.4542725 -2.9870846
v 6.4181978 -3.4153014 -3.0623651
l 9457 9458
v 6.684866 -2.4519417 -2.9866254
v 6.414331 -3.3964953 -3.1727149
l 9459 9460
v 7.129703 -2.2915072 -3.0281417
v 8.1110729 -2.1045295 -2.9839545
l 9461 9462
v 7.1296167 -2.292932 -3.0292084
v 7.1780515 -1.4933575 -2.4305979
l 9463 9464
v 3.0459411 0.0045800693 -1.1477741
v 3.0199741 -0.99508201 -1.1465772
l 9465 9466
v 3.0458221 1.0175922e-16 -1.1477686
v 3.0458221 1.0175922e-16 -1.1477686
l 9467 9468
v 3.5314224 1.0036514e-16 -1.1705358
v 2.7302053 0.59749859 -1.1381843
l 9469 9470
v 3.5262115 0.0038859523 -1.1703254
v 4.3274286 -0.59361264 -1.2026769
l 9471 9472
v 3.5314224 1.0036514e-16 -1.1705358
v 3.5314224 1.0036514e-16 -1.1705358
l 9473 9474
v 3.5262115 -0.0038859523 -1.1703254
v 4.3274286 0.59361264 -1.2026769
l 9475 9476
v 20.683043 9.3873646e-19 2.5413785
v 19.683784 -1.2105059e-17 2.5798836
l 9477 9478
v 20.687248 -0.017620308 2.5401871
v 20.455585 0.95295977 2.6058118
l 9479 9480
v 20.683043 9.3873646e-19 2.5413785
v 20.683043 9.3873646e-19 2.5413785
l 9481 9482
v 2.9799409 9.2513044e-17 -1.2987702
v 3.3798326 1.486363e-16 -0.3822078
l 9483 9484
v 2.3909619 0 -2.6487243
v 2.7908539 9.7772473e-17 -1.732162
l 9485 9486
v 2.3909619 0 -2.6487243
v 2.3909619 0 -2.6487243
l 9487 9488
v 2.3744199 0 -2.649169
v 3.3740589 0 -2.6222985
l 9489 9490
v 2.3909619 0 -2.6487243
v 1.391323 0 -2.6755948
l 9491 9492
