v 3.0458221 1.0175922e-16 -1.1477686
v 3.0459411 -0.0045800693 -1.1477741
l 1 2
v 3.0459411 0.0045800693 -1.1477741
v 3.0458221 1.0175922e-16 -1.1477686
l 3 4
v 3.0458221 1.0175922e-16 -1.1477686
v 3.0458221 1.0175922e-16 -1.1477686
l 5 6
v 3.0458221 1.0175922e-16 -1.1477686
v 3.0458221 1.0175922e-16 -1.1477686
l 7 8
v 2.9799409 9.2513044e-17 -1.2987702
v 3.0458221 1.0175922e-16 -1.1477686
l 9 10
v 3.5262115 0.0038859523 -1.1703254
v 3.521986 0.0068746293 -1.1701548
l 11 12
v 3.5314224 1.0036514e-16 -1.1705358
v 3.5262115 0.0038859523 -1.1703254
l 13 14
v 3.5262115 0.0038859523 -1.1703254
v 3.5314224 1.0036514e-16 -1.1705358
l 15 16
v 3.4400759 8.7545011e-17 -1.3799044
v 3.5314224 1.0036514e-16 -1.1705358
l 17 18
v 3.5314224 1.0036514e-16 -1.1705358
v 3.5262115 0.0038859523 -1.1703254
l 19 20
v 3.5262115 0.0038859523 -1.1703254
v 3.5314224 1.0036514e-16 -1.1705358
l 21 22
v 3.5314224 1.0036514e-16 -1.1705358
v 3.5314224 1.0036514e-16 -1.1705358
l 23 24
v 3.5314224 1.0036514e-16 -1.1705358
v 3.5314224 1.0036514e-16 -1.1705358
l 25 26
v 3.5262115 -0.0038859523 -1.1703254
v 3.5314224 1.0036514e-16 -1.1705358
l 27 28
v 10.192677 0.96266973 -0.66577727
v 10.192677 1.0022357 -0.66231573
l 29 30
v 10.192677 0.96266973 -0.66577727
v 10.191046 0.96445423 -0.66522259
l 31 32
v 10.192677 -1.0022357 -0.66231573
v 10.192677 -0.97184181 -0.66497487
l 33 34
v 10.191426 -0.9732604 -0.66454506
v 10.192677 -0.97184181 -0.66497487
l 35 36
v 20.80686 -0.084893748 2.5317965
v 20.821533 -0.089504063 2.5304189
l 37 38
v 20.818333 -0.088498786 2.5307193
v 20.80686 -0.084893748 2.5317965
l 39 40
v 20.80686 -0.084893748 2.5317965
v 20.78389 -0.077910013 2.5330477
l 41 42
v 20.864275 -0.10041995 2.5268509
v 20.860525 -0.099462323 2.527164
l 43 44
v 20.893751 -0.10660678 2.5246277
v 20.864275 -0.10041995 2.5268509
l 45 46
v 20.821533 -0.089504063 2.5304189
v 20.864275 -0.10041995 2.5268509
l 47 48
v 20.860525 -0.099462323 2.527164
v 20.821533 -0.089504063 2.5304189
l 49 50
v 20.80686 -0.084893748 2.5317965
v 20.821533 -0.089504063 2.5304189
l 51 52
v 20.821533 -0.089504063 2.5304189
v 20.818333 -0.088498786 2.5307193
l 53 54
v 20.821533 -0.089504063 2.5304189
v 20.864275 -0.10041995 2.5268509
l 55 56
v 20.683043 9.3873646e-19 2.5413785
v 20.687248 0.017620308 2.5401871
l 57 58
v 20.683043 9.3873646e-19 2.5413785
v 20.611128 0 2.5441496
l 59 60
v 20.687248 -0.017620308 2.5401871
v 20.683043 9.3873646e-19 2.5413785
l 61 62
v 20.683043 9.3873646e-19 2.5413785
v 20.683043 9.3873646e-19 2.5413785
l 63 64
v 20.683043 9.3873646e-19 2.5413785
v 20.683043 9.3873646e-19 2.5413785
l 65 66
v 20.723854 0.051920298 2.536773
v 20.702188 0.036705554 2.5384965
l 67 68
v 20.723854 0.051920298 2.536773
v 20.735788 0.057844162 2.5359669
l 69 70
v 20.722099 0.050687995 2.5369124
v 20.723854 0.051920298 2.536773
l 71 72
v 20.723854 0.051920298 2.536773
v 20.702188 0.036705554 2.5384965
l 73 74
v 20.701017 0.035296377 2.538624
v 20.702188 0.036705554 2.5384965
l 75 76
v 20.702188 0.036705554 2.5384965
v 20.722099 0.050687995 2.5369124
l 77 78
v 20.702188 0.036705554 2.5384965
v 20.687616 0.019165859 2.5400827
l 79 80
v 20.687616 0.019165859 2.5400827
v 20.701017 0.035296377 2.538624
l 81 82
v 20.702188 0.036705554 2.5384965
v 20.687616 0.019165859 2.5400827
l 83 84
v 20.687248 0.017620308 2.5401871
v 20.687616 0.019165859 2.5400827
l 85 86
v 20.893751 0.10660678 2.5246277
v 20.908863 0.10976759 2.5235515
l 87 88
v 20.864275 0.10041995 2.5268509
v 20.893751 0.10660678 2.5246277
l 89 90
v 20.913269 0.11068891 2.5232377
v 20.893751 0.10660678 2.5246277
l 91 92
v 20.908863 0.10976759 2.5235515
v 20.913269 0.11068891 2.5232377
l 93 94
v 20.913269 0.11068891 2.5232377
v 20.893751 0.10660678 2.5246277
l 95 96
v 20.968969 0.12029915 2.5196123
v 20.913269 0.11068891 2.5232377
l 97 98
v 21.462719 -0.15878941 2.4985359
v 21.448652 -0.15830585 2.4990258
l 99 100
v 21.360802 -0.15528578 2.5020857
v 21.462719 -0.15878941 2.4985359
l 101 102
v 21.555716 -0.16054051 2.4955368
v 21.462719 -0.15878941 2.4985359
l 103 104
v 21.448652 -0.15830585 2.4990258
v 21.360802 -0.15528578 2.5020857
l 105 106
v 21.360802 -0.15528578 2.5020857
v 21.462719 -0.15878941 2.4985359
l 107 108
v 21.360802 -0.15528578 2.5020857
v 21.348814 -0.15466821 2.5025373
l 109 110
v 21.266705 0.15043771 2.505631
v 21.180557 0.14438218 2.5091448
l 111 112
v 21.180557 0.14438218 2.5091448
v 21.256538 0.14972316 2.5060456
l 113 114
v 21.171963 0.14359905 2.5095251
v 21.180557 0.14438218 2.5091448
l 115 116
v 21.360802 0.15528578 2.5020857
v 21.266705 0.15043771 2.505631
l 117 118
v 21.348814 0.15466821 2.5025373
v 21.360802 0.15528578 2.5020857
l 119 120
v 21.360802 0.15528578 2.5020857
v 21.448652 0.15830585 2.4990258
l 121 122
v 21.870001 0.70248783 1.7934426
v 21.879362 0.70314276 1.8061647
l 123 124
v 21.879362 0.70314276 1.8061647
v 21.875576 0.70287794 1.8010201
l 125 126
v 21.889261 0.70371014 1.8196193
v 21.879362 0.70314276 1.8061647
l 127 128
v 21.870001 0.70248783 1.7934426
v 21.879362 0.70314276 1.8061647
l 129 130
v 21.875576 0.70287794 1.8010201
v 21.870001 0.70248783 1.7934426
l 131 132
v 21.870001 0.70248783 1.7934426
v 21.870001 0.93344498 1.7934426
l 133 134
v 21.870001 0.70248783 1.7934426
v 21.875608 0.70152986 1.7858207
l 135 136
v 21.891897 0.69874752 1.7636836
v 21.89167 0.93344498 1.7639921
l 137 138
v 21.891897 0.69874752 1.7636836
v 21.905096 0.69757658 1.7579776
l 139 140
v 21.875608 0.70152986 1.7858207
v 21.891897 0.69874752 1.7636836
l 141 142
v 22.123869 -0.6772992 1.7086123
v 22.263519 -0.66744238 1.697896
l 143 144
v 22.263519 -0.66744238 1.697896
v 22.163752 -0.67448419 1.7055519
l 145 146
v 22.315336 -0.66432792 1.6964844
v 22.263519 -0.66744238 1.697896
l 147 148
v 22.123869 -0.6772992 1.7086123
v 22.263519 -0.66744238 1.697896
l 149 150
v 22.163752 -0.67448419 1.7055519
v 22.123869 -0.6772992 1.7086123
l 151 152
v 22.123869 -0.6772992 1.7086123
v 22.047419 -0.68375438 1.7194841
l 153 154
v 21.89167 -0.93344498 1.7639921
v 21.891897 -0.69874752 1.7636836
l 155 156
v 21.905096 -0.69757658 1.7579776
v 21.891897 -0.69874752 1.7636836
l 157 158
v 21.891897 -0.69874752 1.7636836
v 21.875608 -0.70152986 1.7858207
l 159 160
v 21.870001 -0.93344498 1.7934426
v 21.870001 -0.70248783 1.7934426
l 161 162
v 21.870001 -0.70248783 1.7934426
v 21.875576 -0.70287794 1.8010201
l 163 164
v 21.875608 -0.70152986 1.7858207
v 21.870001 -0.70248783 1.7934426
l 165 166
v 21.891893 -0.70340538 1.8231956
v 21.89167 -0.93344498 1.8228931
l 167 168
v 21.889261 -0.70371014 1.8196193
v 21.891893 -0.70340538 1.8231956
l 169 170
v 21.891893 -0.70340538 1.8231956
v 21.904816 -0.70250487 1.828782
l 171 172
v 22.221304 -0.68442607 1.8857093
v 22.123732 -0.68952835 1.8782271
l 173 174
v 22.161594 -0.68754834 1.8811307
v 22.221304 -0.68442607 1.8857093
l 175 176
v 22.221304 -0.68442607 1.8857093
v 22.263262 -0.68224466 1.8889269
l 177 178
v 22.221304 -0.68442607 1.8857093
v 22.123732 -0.68952835 1.8782271
l 179 180
v 22.123732 -0.68952835 1.8782271
v 22.161594 -0.68754834 1.8811307
l 181 182
v 22.046183 -0.69381648 1.867204
v 22.123732 -0.68952835 1.8782271
l 183 184
v 22.041336 -0.15466161 2.4794793
v 21.937019 -0.15785667 2.4826572
l 185 186
v 21.907589 -0.15844463 2.4836061
v 21.937019 -0.15785667 2.4826572
l 187 188
v 21.937019 -0.15785667 2.4826572
v 22.068029 -0.15384397 2.4786661
l 189 190
v 22.068029 -0.15384397 2.4786661
v 22.041336 -0.15466161 2.4794793
l 191 192
v 21.937019 -0.15785667 2.4826572
v 22.068029 -0.15384397 2.4786661
l 193 194
v 22.172338 -0.14965549 2.4756541
v 22.068029 -0.15384397 2.4786661
l 195 196
v 21.937019 0.15785667 2.4826572
v 22.041336 0.15466161 2.4794793
l 197 198
v 22.068029 0.15384397 2.4786661
v 21.937019 0.15785667 2.4826572
l 199 200
v 21.913004 0.15833646 2.4834316
v 21.937019 0.15785667 2.4826572
l 201 202
v 22.041336 0.15466161 2.4794793
v 22.068029 0.15384397 2.4786661
l 203 204
v 22.068029 0.15384397 2.4786661
v 21.937019 0.15785667 2.4826572
l 205 206
v 22.068029 0.15384397 2.4786661
v 22.172338 0.14965549 2.4756541
l 207 208
v 22.123732 0.68952835 1.8782271
v 22.221304 0.68442607 1.8857093
l 209 210
v 22.221304 0.68442607 1.8857093
v 22.161594 0.68754834 1.8811307
l 211 212
v 22.263262 0.68224466 1.8889269
v 22.221304 0.68442607 1.8857093
l 213 214
v 22.123732 0.68952835 1.8782271
v 22.221304 0.68442607 1.8857093
l 215 216
v 22.161594 0.68754834 1.8811307
v 22.123732 0.68952835 1.8782271
l 217 218
v 22.123732 0.68952835 1.8782271
v 22.046183 0.69381648 1.867204
l 219 220
v 21.891893 0.70340538 1.8231956
v 21.89167 0.93344498 1.8228931
l 221 222
v 21.891893 0.70340538 1.8231956
v 21.889261 0.70371014 1.8196193
l 223 224
v 21.904816 0.70250487 1.828782
v 21.891893 0.70340538 1.8231956
l 225 226
v 22.696068 -0.65314811 1.8892196
v 22.839243 -0.64323777 1.883423
l 227 228
v 22.710896 -0.65212172 1.8886193
v 22.839243 -0.64323777 1.883423
l 229 230
v 22.839243 -0.64323777 1.883423
v 22.863964 -0.64014959 1.8824298
l 231 232
v 22.696068 -0.65314811 1.8892196
v 22.839243 -0.64323777 1.883423
l 233 234
v 22.696068 -0.65314811 1.8892196
v 22.710896 -0.65212172 1.8886193
l 235 236
v 22.642183 -0.65694886 1.8914009
v 22.696068 -0.65314811 1.8892196
l 237 238
v 22.642183 -0.65694886 1.8914009
v 22.437819 -0.67166531 1.8936824
l 239 240
v 22.642183 -0.65694886 1.8914009
v 22.696068 -0.65314811 1.8892196
l 241 242
v 22.497763 -0.66734856 1.8930131
v 22.642183 -0.65694886 1.8914009
l 243 244
v 22.642183 -0.65694886 1.8914009
v 22.437819 -0.67166531 1.8936824
l 245 246
v 22.437819 -0.67166531 1.8936824
v 22.497763 -0.66734856 1.8930131
l 247 248
v 22.358606 -0.67752266 1.8915205
v 22.437819 -0.67166531 1.8936824
l 249 250
v 22.46809 -0.13448039 2.4629071
v 22.599262 -0.12620047 2.4569123
l 251 252
v 22.599262 -0.12620047 2.4569123
v 22.727335 -0.11734748 2.4511876
l 253 254
v 22.632961 -0.12387108 2.455406
v 22.599262 -0.12620047 2.4569123
l 255 256
v 22.599262 -0.12620047 2.4569123
v 22.501009 -0.13240241 2.4614024
l 257 258
v 22.46809 -0.13448039 2.4629071
v 22.599262 -0.12620047 2.4569123
l 259 260
v 22.501009 -0.13240241 2.4614024
v 22.46809 -0.13448039 2.4629071
l 261 262
v 22.46809 -0.13448039 2.4629071
v 22.366947 -0.14018184 2.4676437
l 263 264
v 22.599262 -0.12620047 2.4569123
v 22.727335 -0.11734748 2.4511876
l 265 266
v 22.727335 -0.11734748 2.4511876
v 22.632961 -0.12387108 2.455406
l 267 268
v 22.761381 -0.11481517 2.4496958
v 22.727335 -0.11734748 2.4511876
l 269 270
v 22.46809 0.13448039 2.4629071
v 22.335201 0.14197136 2.4691305
l 271 272
v 22.335201 0.14197136 2.4691305
v 22.366947 0.14018184 2.4676437
l 273 274
v 22.332325 0.14211161 2.4692688
v 22.335201 0.14197136 2.4691305
l 275 276
v 22.46809 0.13448039 2.4629071
v 22.335201 0.14197136 2.4691305
l 277 278
v 22.366947 0.14018184 2.4676437
v 22.46809 0.13448039 2.4629071
l 279 280
v 22.599262 0.12620047 2.4569123
v 22.46809 0.13448039 2.4629071
l 281 282
v 22.46809 0.13448039 2.4629071
v 22.501009 0.13240241 2.4614024
l 283 284
v 22.599262 0.12620047 2.4569123
v 22.46809 0.13448039 2.4629071
l 285 286
v 22.501009 0.13240241 2.4614024
v 22.599262 0.12620047 2.4569123
l 287 288
v 22.599262 0.12620047 2.4569123
v 22.632961 0.12387108 2.455406
l 289 290
v 22.839243 0.64323777 1.883423
v 22.696068 0.65314811 1.8892196
l 291 292
v 22.696068 0.65314811 1.8892196
v 22.642183 0.65694886 1.8914009
l 293 294
v 22.710896 0.65212172 1.8886193
v 22.696068 0.65314811 1.8892196
l 295 296
v 22.437819 0.67166531 1.8936824
v 22.642183 0.65694886 1.8914009
l 297 298
v 22.696068 0.65314811 1.8892196
v 22.642183 0.65694886 1.8914009
l 299 300
v 22.642183 0.65694886 1.8914009
v 22.497763 0.66734856 1.8930131
l 301 302
v 22.437819 0.67166531 1.8936824
v 22.642183 0.65694886 1.8914009
l 303 304
v 22.497763 0.66734856 1.8930131
v 22.437819 0.67166531 1.8936824
l 305 306
v 22.437819 0.67166531 1.8936824
v 22.358606 0.67752266 1.8915205
l 307 308
v 22.839243 0.64323777 1.883423
v 22.696068 0.65314811 1.8892196
l 309 310
v 22.839243 0.64323777 1.883423
v 22.710896 0.65212172 1.8886193
l 311 312
v 22.863964 0.64014959 1.8824298
v 22.839243 0.64323777 1.883423
l 313 314
v 22.849323 -0.1082072 2.442256
v 22.963903 -0.098976873 2.4291682
l 315 316
v 22.881008 -0.10565478 2.4386368
v 22.849323 -0.1082072 2.442256
l 317 318
v 22.849323 -0.1082072 2.442256
v 22.798962 -0.11201981 2.4480491
l 319 320
v 22.849323 -0.1082072 2.442256
v 22.963903 -0.098976873 2.4291682
l 321 322
v 22.963903 -0.098976873 2.4291682
v 22.881008 -0.10565478 2.4386368
l 323 324
v 22.9937 -0.096446566 2.4257863
v 22.963903 -0.098976873 2.4291682
l 325 326
v 23.329773 0.065891162 2.3770905
v 23.278822 0.070881292 2.3874815
l 327 328
v 23.275028 0.071249977 2.3881531
v 23.278822 0.070881292 2.3874815
l 329 330
v 23.278822 0.070881292 2.3874815
v 23.289948 0.06979163 2.3852124
l 331 332
v 23.329773 0.065891162 2.3770905
v 23.278822 0.070881292 2.3874815
l 333 334
v 23.329773 0.065891162 2.3770905
v 23.346035 0.064295016 2.3736477
l 335 336
v 23.289948 0.06979163 2.3852124
v 23.329773 0.065891162 2.3770905
l 337 338
v 23.535654 0.46778044 1.7552407
v 23.566856 0.4559831 1.7581843
l 339 340
v 23.534504 0.46818838 1.7551321
v 23.535654 0.46778044 1.7552407
l 341 342
v 23.535654 0.46778044 1.7552407
v 23.543346 0.46487182 1.7559664
l 343 344
v 23.566856 -0.4559831 1.7581843
v 23.535654 -0.46778044 1.7552407
l 345 346
v 23.535654 -0.46778044 1.7552407
v 23.534504 -0.46818838 1.7551321
l 347 348
v 23.543346 -0.46487182 1.7559664
v 23.535654 -0.46778044 1.7552407
l 349 350
v 23.535654 0.46778044 1.7552407
v 23.566856 0.4559831 1.7581843
l 351 352
v 23.543346 0.46487182 1.7559664
v 23.566856 0.4559831 1.7581843
l 353 354
v 23.566856 0.4559831 1.7581843
v 23.600725 0.44306147 1.7613783
l 355 356
v 23.566856 -0.4559831 1.7581843
v 23.535654 -0.46778044 1.7552407
l 357 358
v 23.600725 -0.44306147 1.7613783
v 23.566856 -0.4559831 1.7581843
l 359 360
v 23.566856 -0.4559831 1.7581843
v 23.543346 -0.46487182 1.7559664
l 361 362
v 23.666138 -0.42463863 1.8189687
v 23.660362 -0.4270488 1.8195481
l 363 364
v 23.616833 -0.445227 1.8239151
v 23.660362 -0.4270488 1.8195481
l 365 366
v 23.660362 -0.4270488 1.8195481
v 23.666065 -0.42466876 1.8189759
l 367 368
v 23.666138 -0.42463863 1.8189687
v 23.660362 -0.4270488 1.8195481
l 369 370
v 23.666065 -0.42466876 1.8189759
v 23.666138 -0.42463863 1.8189687
l 371 372
v 23.666138 -0.42463863 1.8189687
v 23.6831 -0.41695008 1.8172728
l 373 374
v 23.667698 -0.029436905 2.2747629
v 23.673782 -0.028718892 2.2724366
l 375 376
v 23.667698 -0.029436905 2.2747629
v 23.633635 -0.033389475 2.2877884
l 377 378
v 23.673611 -0.02873911 2.2725022
v 23.667698 -0.029436905 2.2747629
l 379 380
v 23.667698 -0.029436905 2.2747629
v 23.673782 -0.028718892 2.2724366
l 381 382
v 23.673782 -0.028718892 2.2724366
v 23.673611 -0.02873911 2.2725022
l 383 384
v 23.708391 -0.024579272 2.2574761
v 23.673782 -0.028718892 2.2724366
l 385 386
v 23.711567 -0.024199506 2.2561052
v 23.740206 -0.020723155 2.2437425
l 387 388
v 23.711567 -0.024199506 2.2561052
v 23.708391 -0.024579272 2.2574761
l 389 390
v 23.715868 -0.023677368 2.2542484
v 23.711567 -0.024199506 2.2561052
l 391 392
v 23.711567 -0.024199506 2.2561052
v 23.740206 -0.020723155 2.2437425
l 393 394
v 23.740206 -0.020723155 2.2437425
v 23.715868 -0.023677368 2.2542484
l 395 396
v 23.750393 -0.019465342 2.2386971
v 23.740206 -0.020723155 2.2437425
l 397 398
v 23.740206 0.020723155 2.2437425
v 23.711567 0.024199506 2.2561052
l 399 400
v 23.715868 0.023677368 2.2542484
v 23.740206 0.020723155 2.2437425
l 401 402
v 23.740206 0.020723155 2.2437425
v 23.750393 0.019465342 2.2386971
l 403 404
v 23.740206 0.020723155 2.2437425
v 23.711567 0.024199506 2.2561052
l 405 406
v 23.708391 0.024579272 2.2574761
v 23.711567 0.024199506 2.2561052
l 407 408
v 23.711567 0.024199506 2.2561052
v 23.715868 0.023677368 2.2542484
l 409 410
v 23.840237 -0.0080146147 2.1913903
v 23.863039 -0.005005802 2.1781437
l 411 412
v 23.863039 -0.005005802 2.1781437
v 23.840887 -0.0079286741 2.1910119
l 413 414
v 23.863266 -0.004975494 2.1780112
v 23.863039 -0.005005802 2.1781437
l 415 416
v 23.840237 -0.0080146147 2.1913903
v 23.863039 -0.005005802 2.1781437
l 417 418
v 23.840887 -0.0079286741 2.1910119
v 23.840237 -0.0080146147 2.1913903
l 419 420
v 23.840237 -0.0080146147 2.1913903
v 23.815563 -0.011241457 2.2057254
l 421 422
v 23.840237 0.0080146147 2.1913903
v 23.814318 0.011404365 2.2064493
l 423 424
v 23.80719 0.012327245 2.2105918
v 23.814318 0.011404365 2.2064493
l 425 426
v 23.814318 0.011404365 2.2064493
v 23.815563 0.011241457 2.2057254
l 427 428
v 23.840237 0.0080146147 2.1913903
v 23.814318 0.011404365 2.2064493
l 429 430
v 23.815563 0.011241457 2.2057254
v 23.840237 0.0080146147 2.1913903
l 431 432
v 23.840237 0.0080146147 2.1913903
v 23.840887 0.0079286741 2.1910119
l 433 434
v 23.910627 0.28547397 1.7934426
v 23.853264 0.93344498 1.7934426
l 435 436
v 23.908539 0.28688535 1.7932152
v 23.910627 0.28547397 1.7934426
l 437 438
v 23.910627 0.28547397 1.7934426
v 23.90451 0.29002437 1.7941041
l 439 440
v 23.910627 -0.28547397 1.7934426
v 23.853264 -0.93344498 1.7934426
l 441 442
v 23.910627 -0.28547397 1.7934426
v 23.908539 -0.28688535 1.7932152
l 443 444
v 23.90451 -0.29002437 1.7941041
v 23.910627 -0.28547397 1.7934426
l 445 446
v 2.7683523 -0.054913152 -2.6734276
v 2.7549884 -0.060825296 -2.6712828
l 447 448
v 2.7549884 -0.060825296 -2.6712828
v 2.7576907 -0.059629809 -2.6717165
l 449 450
v 2.747874 -0.063943699 -2.6702943
v 2.7549884 -0.060825296 -2.6712828
l 451 452
v 2.7683523 -0.054913152 -2.6734276
v 2.7549884 -0.060825296 -2.6712828
l 453 454
v 2.7576907 -0.059629809 -2.6717165
v 2.7683523 -0.054913152 -2.6734276
l 455 456
v 2.7683523 -0.054913152 -2.6734276
v 2.7702818 -0.05391239 -2.6737044
l 457 458
v 2.747874 -0.063943699 -2.6702943
v 2.7300169 -0.07228639 -2.6679282
l 459 460
v 2.7367525 -0.06913957 -2.6688206
v 2.747874 -0.063943699 -2.6702943
l 461 462
v 2.747874 -0.063943699 -2.6702943
v 2.7549884 -0.060825296 -2.6712828
l 463 464
v 2.747874 -0.063943699 -2.6702943
v 2.7300169 -0.07228639 -2.6679282
l 465 466
v 2.7300169 -0.07228639 -2.6679282
v 2.7367525 -0.06913957 -2.6688206
l 467 468
v 2.7246332 -0.074774086 -2.6673491
v 2.7300169 -0.07228639 -2.6679282
l 469 470
v 2.3910358 0.0060471343 -2.6491668
v 2.3909619 0 -2.6487243
l 471 472
v 2.3909619 0 -2.6487243
v 2.3910358 -0.0060471343 -2.6491668
l 473 474
v 2.3909619 0 -2.6487243
v 2.4855571 2.3128261e-17 -2.4319098
l 475 476
v 2.3909619 0 -2.6487243
v 2.3909619 0 -2.6487243
l 477 478
v 2.3909619 0 -2.6487243
v 2.3909619 0 -2.6487243
l 479 480
v 2.3744199 0 -2.649169
v 2.3909619 0 -2.6487243
l 481 482
v 2.3909619 0 -2.6487243
v 2.3744199 0 -2.649169
l 483 484
v 2.7300169 0.07228639 -2.6679282
v 2.747874 0.063943699 -2.6702943
l 485 486
v 2.7367525 0.06913957 -2.6688206
v 2.7300169 0.07228639 -2.6679282
l 487 488
v 2.7300169 0.07228639 -2.6679282
v 2.7246332 0.074774086 -2.6673491
l 489 490
v 2.7300169 0.07228639 -2.6679282
v 2.747874 0.063943699 -2.6702943
l 491 492
v 2.747874 0.063943699 -2.6702943
v 2.7367525 0.06913957 -2.6688206
l 493 494
v 2.7549884 0.060825296 -2.6712828
v 2.747874 0.063943699 -2.6702943
l 495 496
v 3.0548329 0.0060868445 -3.3060338
v 3.0548718 0 -3.3064663
l 497 498
v 3.0548434 -0.0044140178 -3.3061526
v 3.0548718 0 -3.3064663
l 499 500
v 3.0548718 0 -3.3064663
v 3.0548434 0.0044140178 -3.3061526
l 501 502
v 3.054805 -0.010468468 -3.3057225
v 3.0547664 -0.016522918 -3.3052921
l 503 504
v 3.0547664 -0.016522918 -3.3052921
v 3.0547941 -0.012173689 -3.3056011
l 505 506
v 3.0547552 -0.018260533 -3.3051686
v 3.0547664 -0.016522918 -3.3052921
l 507 508
v 3.054805 -0.010468468 -3.3057225
v 3.0547664 -0.016522918 -3.3052921
l 509 510
v 3.0547941 -0.012173689 -3.3056011
v 3.054805 -0.010468468 -3.3057225
l 511 512
v 3.054805 -0.010468468 -3.3057225
v 3.0548329 -0.0060868445 -3.3060338
l 513 514
v 3.0548329 0.0060868445 -3.3060338
v 3.0548718 0 -3.3064663
l 515 516
v 3.0548434 0.0044140178 -3.3061526
v 3.0548329 0.0060868445 -3.3060338
l 517 518
v 3.0548329 0.0060868445 -3.3060338
v 3.054805 0.010468468 -3.3057225
l 519 520
v 3.0547664 0.016522918 -3.3052921
v 3.054805 0.010468468 -3.3057225
l 521 522
v 3.054805 0.010468468 -3.3057225
v 3.0547941 0.012173689 -3.3056011
l 523 524
v 3.0548329 0.0060868445 -3.3060338
v 3.054805 0.010468468 -3.3057225
l 525 526
v 3.0547664 0.016522918 -3.3052921
v 3.054805 0.010468468 -3.3057225
l 527 528
v 3.0547941 0.012173689 -3.3056011
v 3.0547664 0.016522918 -3.3052921
l 529 530
v 3.0547664 0.016522918 -3.3052921
v 3.0547552 0.018260533 -3.3051686
l 531 532
v 3.0544498 0.048694756 -3.3017654
v 3.0545678 0.042607911 -3.3030806
l 533 534
v 3.0546041 0.040734258 -3.3034854
v 3.0545678 0.042607911 -3.3030806
l 535 536
v 3.0545678 0.042607911 -3.3030806
v 3.0544879 0.046723675 -3.3021913
l 537 538
v 3.0544498 0.048694756 -3.3017654
v 3.0545678 0.042607911 -3.3030806
l 539 540
v 3.0543318 0.054781601 -3.3004503
v 3.0544498 0.048694756 -3.3017654
l 541 542
v 3.0544879 0.046723675 -3.3021913
v 3.0544498 0.048694756 -3.3017654
l 543 544
v 3.0544498 0.048694756 -3.3017654
v 3.0543718 0.052713089 -3.3008971
l 545 546
v 3.0543318 0.054781601 -3.3004503
v 3.0544498 0.048694756 -3.3017654
l 547 548
v 3.0543718 0.052713089 -3.3008971
v 3.0543318 0.054781601 -3.3004503
l 549 550
v 3.0543318 0.054781601 -3.3004503
v 3.053283 0.070106395 -3.2974298
l 551 552
v 3.0160978 0.17863144 -3.2576625
v 3.0115416 0.18562882 -3.2544725
l 553 554
v 3.0200713 0.17252898 -3.2604444
v 3.0115416 0.18562882 -3.2544725
l 555 556
v 3.0115416 0.18562882 -3.2544725
v 3.008621 0.18955399 -3.2528505
l 557 558
v 3.0200713 0.17252898 -3.2604444
v 3.0160978 0.17863144 -3.2576625
l 559 560
v 3.0200713 0.17252898 -3.2604444
v 3.0115416 0.18562882 -3.2544725
l 561 562
v 3.0213869 0.17050879 -3.2613654
v 3.0200713 0.17252898 -3.2604444
l 563 564
v 3.0545678 -0.042607911 -3.3030806
v 3.0544498 -0.048694756 -3.3017654
l 565 566
v 3.0545678 -0.042607911 -3.3030806
v 3.0546041 -0.040734258 -3.3034854
l 567 568
v 3.0544879 -0.046723675 -3.3021913
v 3.0545678 -0.042607911 -3.3030806
l 569 570
v 3.0545678 -0.042607911 -3.3030806
v 3.0544498 -0.048694756 -3.3017654
l 571 572
v 3.0544498 -0.048694756 -3.3017654
v 3.0543318 -0.054781601 -3.3004503
l 573 574
v 3.0544498 -0.048694756 -3.3017654
v 3.0544879 -0.046723675 -3.3021913
l 575 576
v 3.0543718 -0.052713089 -3.3008971
v 3.0544498 -0.048694756 -3.3017654
l 577 578
v 3.0544498 -0.048694756 -3.3017654
v 3.0543318 -0.054781601 -3.3004503
l 579 580
v 3.0543318 -0.054781601 -3.3004503
v 3.0543718 -0.052713089 -3.3008971
l 581 582
v 3.053283 -0.070106395 -3.2974298
v 3.0543318 -0.054781601 -3.3004503
l 583 584
v 3.0447578 -0.11610239 -3.2846661
v 3.0480862 -0.10431417 -3.2878196
l 585 586
v 3.0452385 -0.11439964 -3.2851214
v 3.0480862 -0.10431417 -3.2878196
l 587 588
v 3.0480862 -0.10431417 -3.2878196
v 3.0482545 -0.10371755 -3.2879791
l 589 590
v 3.0447578 -0.11610239 -3.2846661
v 3.0480862 -0.10431417 -3.2878196
l 591 592
v 3.0447578 -0.11610239 -3.2846661
v 3.0452385 -0.11439964 -3.2851214
l 593 594
v 3.0415289 -0.12698647 -3.2800202
v 3.0447578 -0.11610239 -3.2846661
l 595 596
v 3.050257 -0.092658095 -3.2913899
v 3.0526197 -0.079608105 -3.2954144
l 597 598
v 3.0526197 -0.079608105 -3.2954144
v 3.0526969 -0.078666411 -3.2957425
l 599 600
v 3.0526197 -0.079608105 -3.2954144
v 3.0482545 -0.10371755 -3.2879791
l 601 602
v 3.0482545 -0.10371755 -3.2879791
v 3.050257 -0.092658095 -3.2913899
l 603 604
v 3.0526197 -0.079608105 -3.2954144
v 3.0482545 -0.10371755 -3.2879791
l 605 606
v 3.0480862 -0.10431417 -3.2878196
v 3.0482545 -0.10371755 -3.2879791
l 607 608
v 2.9638731 -0.23295125 -3.2313046
v 2.9603438 -0.23567301 -3.2297802
l 609 610
v 2.9603438 -0.23567301 -3.2297802
v 2.9620423 -0.23436317 -3.2305138
l 611 612
v 2.9520583 -0.2420339 -3.2260814
v 2.9603438 -0.23567301 -3.2297802
l 613 614
v 2.9638731 -0.23295125 -3.2313046
v 2.9603438 -0.23567301 -3.2297802
l 615 616
v 2.9620423 -0.23436317 -3.2305138
v 2.9638731 -0.23295125 -3.2313046
l 617 618
v 2.9638731 -0.23295125 -3.2313046
v 2.9692881 -0.22877522 -3.2336438
l 619 620
v 3.0006161 -0.19838801 -3.2481635
v 2.9925604 -0.20714426 -3.2435803
l 621 622
v 2.9925604 -0.20714426 -3.2435803
v 2.9938517 -0.20574073 -3.2443149
l 623 624
v 2.9906738 -0.20918721 -3.2424855
v 2.9925604 -0.20714426 -3.2435803
l 625 626
v 3.0006161 -0.19838801 -3.2481635
v 2.9925604 -0.20714426 -3.2435803
l 627 628
v 2.9938517 -0.20574073 -3.2443149
v 3.0006161 -0.19838801 -3.2481635
l 629 630
v 3.0006161 -0.19838801 -3.2481635
v 3.0078592 -0.19051522 -3.252284
l 631 632
v 2.8631768 0 -2.6963432
v 2.9431834 1.3357151e-17 -2.5148513
l 633 634
v 2.8631768 0 -2.6963432
v 2.8567936 0.0054542907 -2.6946683
l 635 636
v 2.8567936 -0.0054542907 -2.6946683
v 2.8631768 0 -2.6963432
l 637 638
v 2.9089203 0.26757118 -3.2164712
v 2.9088292 0.26760638 -3.2164748
l 639 640
v 2.9074228 0.26814932 -3.2165298
v 2.9089203 0.26757118 -3.2164712
l 641 642
v 2.9191451 0.2627928 -3.2171724
v 2.9089203 0.26757118 -3.2164712
l 643 644
v 2.9088292 0.26760638 -3.2164748
v 2.9074228 0.26814932 -3.2165298
l 645 646
v 2.9074228 0.26814932 -3.2165298
v 2.9089203 0.26757118 -3.2164712
l 647 648
v 2.9074228 0.26814932 -3.2165298
v 2.8977547 0.27171084 -3.2171347
l 649 650
v 2.8943186 -0.27276051 -3.2175684
v 2.8853011 -0.27539766 -3.2188456
l 651 652
v 2.8853011 -0.27539766 -3.2188456
v 2.8864741 -0.27505457 -3.2186794
l 653 654
v 2.8853011 -0.27539766 -3.2188456
v 2.8735919 -0.27792609 -3.2216909
l 655 656
v 2.8943186 -0.27276051 -3.2175684
v 2.8853011 -0.27539766 -3.2188456
l 657 658
v 2.8864741 -0.27505457 -3.2186794
v 2.8943186 -0.27276051 -3.2175684
l 659 660
v 2.8943186 -0.27276051 -3.2175684
v 2.8971522 -0.27193183 -3.2171671
l 661 662
v 2.7967677 0.25648445 -3.2832913
v 2.8058035 0.26437595 -3.2719204
l 663 664
v 2.8058035 0.26437595 -3.2719204
v 2.8014331 0.26055902 -3.2774203
l 665 666
v 2.808084 0.26636758 -3.2690506
v 2.8058035 0.26437595 -3.2719204
l 667 668
v 2.7967677 0.25648445 -3.2832913
v 2.8058035 0.26437595 -3.2719204
l 669 670
v 2.8014331 0.26055902 -3.2774203
v 2.7967677 0.25648445 -3.2832913
l 671 672
v 2.7967677 0.25648445 -3.2832913
v 2.79002 0.2474521 -3.2949221
l 673 674
v 2.7595997 0.19371921 -3.3562648
v 2.7604682 0.19371921 -3.3465862
l 675 676
v 2.7604682 0.19371921 -3.3465862
v 2.7552769 0.19371921 -3.348089
l 677 678
v 2.7604232 0.1928357 -3.3470893
v 2.7604682 0.19371921 -3.3465862
l 679 680
v 2.760401 0.19240263 -3.3473361
v 2.7603338 0.19108605 -3.3480859
l 681 682
v 2.7603338 0.19108605 -3.3480859
v 2.7602665 0.18976949 -3.3488357
l 683 684
v 2.7603338 0.19108605 -3.3480859
v 2.760354 0.19148277 -3.3478599
l 685 686
v 2.7602849 0.19012982 -3.3486304
v 2.7603338 0.19108605 -3.3480859
l 687 688
v 2.760401 0.19240263 -3.3473361
v 2.7603338 0.19108605 -3.3480859
l 689 690
v 2.760354 0.19148277 -3.3478599
v 2.760401 0.19240263 -3.3473361
l 691 692
v 2.760401 0.19240263 -3.3473361
v 2.7604232 0.1928357 -3.3470893
l 693 694
v 2.7596979 0.17976871 -3.3545482
v 2.7596998 0.1797871 -3.3545375
l 695 696
v 2.7597284 0.18006723 -3.3543737
v 2.7596979 0.17976871 -3.3545482
l 697 698
v 2.7596672 0.17948723 -3.3547132
v 2.7596979 0.17976871 -3.3545482
l 699 700
v 2.7596998 0.1797871 -3.3545375
v 2.7597284 0.18006723 -3.3543737
l 701 702
v 2.7597284 0.18006723 -3.3543737
v 2.7596979 0.17976871 -3.3545482
l 703 704
v 2.7597566 0.18036631 -3.3541996
v 2.7597284 0.18006723 -3.3543737
l 705 706
v 2.7603338 0.19108605 -3.3480859
v 2.7602665 0.18976949 -3.3488357
l 707 708
v 2.7602665 0.18976949 -3.3488357
v 2.7601466 0.18742393 -3.3501716
l 709 710
v 2.7602665 0.18976949 -3.3488357
v 2.7602849 0.19012982 -3.3486304
l 711 712
v 2.7602158 0.18877688 -3.349401
v 2.7602665 0.18976949 -3.3488357
l 713 714
v 2.7602665 0.18976949 -3.3488357
v 2.7601466 0.18742393 -3.3501716
l 715 716
v 2.7601466 0.18742393 -3.3501716
v 2.7600775 0.18607099 -3.3509421
l 717 718
v 2.7602158 0.18877688 -3.349401
v 2.7601466 0.18742393 -3.3501716
l 719 720
v 2.7601466 0.18742393 -3.3501716
v 2.7601991 0.18845291 -3.3495855
l 721 722
v 2.7601318 0.18713634 -3.3503354
v 2.7601466 0.18742393 -3.3501716
l 723 724
v 2.7601466 0.18742393 -3.3501716
v 2.7600646 0.18581977 -3.3510852
l 725 726
v 2.7601466 0.18742393 -3.3501716
v 2.7600775 0.18607099 -3.3509421
l 727 728
v 2.7600646 0.18581977 -3.3510852
v 2.7600775 0.18607099 -3.3509421
l 729 730
v 2.7600775 0.18607099 -3.3509421
v 2.7601318 0.18713634 -3.3503354
l 731 732
v 2.7600646 0.18581977 -3.3510852
v 2.7599971 0.1845032 -3.351835
l 733 734
v 2.7599971 0.1845032 -3.351835
v 2.7600083 0.18471806 -3.3517127
l 735 736
v 2.759939 0.18336511 -3.3524833
v 2.7599971 0.1845032 -3.351835
l 737 738
v 2.7600646 0.18581977 -3.3510852
v 2.7599971 0.1845032 -3.351835
l 739 740
v 2.7600083 0.18471806 -3.3517127
v 2.7600646 0.18581977 -3.3510852
l 741 742
v 2.7600646 0.18581977 -3.3510852
v 2.7600775 0.18607099 -3.3509421
l 743 744
v 2.7600646 0.18581977 -3.3510852
v 2.759939 0.18336511 -3.3524833
l 745 746
v 2.7601466 0.18742393 -3.3501716
v 2.7600646 0.18581977 -3.3510852
l 747 748
v 2.7600646 0.18581977 -3.3510852
v 2.7599299 0.18318662 -3.3525848
l 749 750
v 2.7598059 0.18096617 -3.3538525
v 2.7598078 0.18099232 -3.3538375
l 751 752
v 2.7597842 0.18069017 -3.354012
v 2.7598059 0.18096617 -3.3538525
l 753 754
v 2.7598271 0.18126692 -3.3536797
v 2.7598059 0.18096617 -3.3538525
l 755 756
v 2.7598078 0.18099232 -3.3538375
v 2.7598271 0.18126692 -3.3536797
l 757 758
v 2.7598271 0.18126692 -3.3536797
v 2.7598059 0.18096617 -3.3538525
l 759 760
v 2.759846 0.18156822 -3.353507
v 2.7598271 0.18126692 -3.3536797
l 761 762
v 2.7598271 0.18126692 -3.3536797
v 2.7598288 0.18129501 -3.3536637
l 763 764
v 2.7600646 0.18581977 -3.3510852
v 2.759939 0.18336511 -3.3524833
l 765 766
v 2.759939 0.18336511 -3.3524833
v 2.7599971 0.1845032 -3.351835
l 767 768
v 2.7599299 0.18318662 -3.3525848
v 2.759939 0.18336511 -3.3524833
l 769 770
v 2.7599299 0.18318662 -3.3525848
v 2.7598627 0.18187004 -3.3533349
l 771 772
v 2.7598627 0.18187004 -3.3533349
v 2.7598698 0.18201216 -3.3532538
l 773 774
v 2.7598476 0.18159825 -3.3534899
v 2.7598627 0.18187004 -3.3533349
l 775 776
v 2.7599299 0.18318662 -3.3525848
v 2.7598627 0.18187004 -3.3533349
l 777 778
v 2.7598698 0.18201216 -3.3532538
v 2.7599299 0.18318662 -3.3525848
l 779 780
v 2.7600646 0.18581977 -3.3510852
v 2.7599299 0.18318662 -3.3525848
l 781 782
v 2.7599299 0.18318662 -3.3525848
v 2.759939 0.18336511 -3.3524833
l 783 784
v 2.7596302 -0.17917345 -3.354898
v 2.7596653 -0.17947079 -3.354723
l 785 786
v 2.7596653 -0.17947079 -3.354723
v 2.7596319 -0.17918795 -3.3548894
l 787 788
v 2.7596672 -0.17948723 -3.3547132
v 2.7596653 -0.17947079 -3.354723
l 789 790
v 2.7596302 -0.17917345 -3.354898
v 2.7596653 -0.17947079 -3.354723
l 791 792
v 2.7596319 -0.17918795 -3.3548894
v 2.7596302 -0.17917345 -3.354898
l 793 794
v 2.7596302 -0.17917345 -3.354898
v 2.7621922 -0.1914096 -3.3473682
l 795 796
v 2.7595091 -0.17917345 -3.3562481
v 2.7596302 -0.17917345 -3.354898
l 797 798
v 2.7596672 -0.17948723 -3.3547132
v 2.7596998 -0.1797871 -3.3545375
l 799 800
v 2.7596998 -0.1797871 -3.3545375
v 2.7596979 -0.17976871 -3.3545482
l 801 802
v 2.7597284 -0.18006723 -3.3543737
v 2.7596998 -0.1797871 -3.3545375
l 803 804
v 2.7596672 -0.17948723 -3.3547132
v 2.7596998 -0.1797871 -3.3545375
l 805 806
v 2.7596979 -0.17976871 -3.3545482
v 2.7596672 -0.17948723 -3.3547132
l 807 808
v 2.7596672 -0.17948723 -3.3547132
v 2.7596653 -0.17947079 -3.354723
l 809 810
v 2.760401 -0.19240263 -3.3473361
v 2.7604682 -0.19371921 -3.3465862
l 811 812
v 2.7604682 -0.19371921 -3.3465862
v 2.7604232 -0.1928357 -3.3470893
l 813 814
v 2.7595997 -0.19371921 -3.3562648
v 2.7604682 -0.19371921 -3.3465862
l 815 816
v 2.7552769 -0.19371921 -3.348089
v 2.7604682 -0.19371921 -3.3465862
l 817 818
v 2.760401 -0.19240263 -3.3473361
v 2.7604682 -0.19371921 -3.3465862
l 819 820
v 2.7604232 -0.1928357 -3.3470893
v 2.760401 -0.19240263 -3.3473361
l 821 822
v 2.7603338 -0.19108605 -3.3480859
v 2.760401 -0.19240263 -3.3473361
l 823 824
v 2.760401 -0.19240263 -3.3473361
v 2.760354 -0.19148277 -3.3478599
l 825 826
v 2.7603338 -0.19108605 -3.3480859
v 2.760401 -0.19240263 -3.3473361
l 827 828
v 2.7602158 -0.18877688 -3.349401
v 2.7603338 -0.19108605 -3.3480859
l 829 830
v 2.7601466 -0.18742393 -3.3501716
v 2.7603338 -0.19108605 -3.3480859
l 831 832
v 2.760354 -0.19148277 -3.3478599
v 2.7603338 -0.19108605 -3.3480859
l 833 834
v 2.7602665 -0.18976949 -3.3488357
v 2.7603338 -0.19108605 -3.3480859
l 835 836
v 2.7603338 -0.19108605 -3.3480859
v 2.7602849 -0.19012982 -3.3486304
l 837 838
v 2.7602665 -0.18976949 -3.3488357
v 2.7602158 -0.18877688 -3.349401
l 839 840
v 2.7602665 -0.18976949 -3.3488357
v 2.7603338 -0.19108605 -3.3480859
l 841 842
v 2.7602849 -0.19012982 -3.3486304
v 2.7602665 -0.18976949 -3.3488357
l 843 844
v 2.7602158 -0.18877688 -3.349401
v 2.7603338 -0.19108605 -3.3480859
l 845 846
v 2.7602665 -0.18976949 -3.3488357
v 2.7602158 -0.18877688 -3.349401
l 847 848
v 2.7601466 -0.18742393 -3.3501716
v 2.7602158 -0.18877688 -3.349401
l 849 850
v 2.7602158 -0.18877688 -3.349401
v 2.7601991 -0.18845291 -3.3495855
l 851 852
v 2.7601466 -0.18742393 -3.3501716
v 2.7603338 -0.19108605 -3.3480859
l 853 854
v 2.7600775 -0.18607099 -3.3509421
v 2.7601466 -0.18742393 -3.3501716
l 855 856
v 2.7601466 -0.18742393 -3.3501716
v 2.7602158 -0.18877688 -3.349401
l 857 858
v 2.7601991 -0.18845291 -3.3495855
v 2.7601466 -0.18742393 -3.3501716
l 859 860
v 2.7601466 -0.18742393 -3.3501716
v 2.7601318 -0.18713634 -3.3503354
l 861 862
v 2.7600646 -0.18581977 -3.3510852
v 2.7601466 -0.18742393 -3.3501716
l 863 864
v 2.7600775 -0.18607099 -3.3509421
v 2.7601466 -0.18742393 -3.3501716
l 865 866
v 2.7600775 -0.18607099 -3.3509421
v 2.7600646 -0.18581977 -3.3510852
l 867 868
v 2.7601318 -0.18713634 -3.3503354
v 2.7600775 -0.18607099 -3.3509421
l 869 870
v 2.7600775 -0.18607099 -3.3509421
v 2.7600646 -0.18581977 -3.3510852
l 871 872
v 2.7600646 -0.18581977 -3.3510852
v 2.7601466 -0.18742393 -3.3501716
l 873 874
v 2.7600646 -0.18581977 -3.3510852
v 2.7600083 -0.18471806 -3.3517127
l 875 876
v 2.7598698 -0.18201216 -3.3532538
v 2.759939 -0.18336511 -3.3524833
l 877 878
v 2.759939 -0.18336511 -3.3524833
v 2.7599299 -0.18318662 -3.3525848
l 879 880
v 2.7599971 -0.1845032 -3.351835
v 2.759939 -0.18336511 -3.3524833
l 881 882
v 2.759846 -0.18156822 -3.353507
v 2.7598627 -0.18187004 -3.3533349
l 883 884
v 2.7598476 -0.18159825 -3.3534899
v 2.759846 -0.18156822 -3.353507
l 885 886
v 2.7598271 -0.18126692 -3.3536797
v 2.759846 -0.18156822 -3.353507
l 887 888
v 2.759846 -0.18156822 -3.353507
v 2.7598288 -0.18129501 -3.3536637
l 889 890
v 2.759846 -0.18156822 -3.353507
v 2.7598627 -0.18187004 -3.3533349
l 891 892
v 2.7598627 -0.18187004 -3.3533349
v 2.7598476 -0.18159825 -3.3534899
l 893 894
v 2.7598698 -0.18201216 -3.3532538
v 2.7598627 -0.18187004 -3.3533349
l 895 896
v 2.7598698 -0.18201216 -3.3532538
v 2.759939 -0.18336511 -3.3524833
l 897 898
v 2.7599299 -0.18318662 -3.3525848
v 2.7598698 -0.18201216 -3.3532538
l 899 900
v 2.7598698 -0.18201216 -3.3532538
v 2.7598627 -0.18187004 -3.3533349
l 901 902
v 2.6323986 -0.19371921 -3.3704557
v 2.6295722 -0.19371921 -3.3705709
l 903 904
v 2.6295722 -0.19371921 -3.3705709
v 2.6314542 -0.19371921 -3.3704941
l 905 906
v 2.6295722 -0.19371921 -3.3705709
v 2.6225362 -0.19371921 -3.3705623
l 907 908
v 2.6295722 -0.19371921 -3.3705709
v 2.6174223 -0.19371921 -3.3705561
l 909 910
v 2.6035006 -0.19371921 -3.3705389
v 2.6295722 -0.19371921 -3.3705709
l 911 912
v 2.6323986 -0.19371921 -3.3704557
v 2.6295722 -0.19371921 -3.3705709
l 913 914
v 2.6314542 -0.19371921 -3.3704941
v 2.6323986 -0.19371921 -3.3704557
l 915 916
v 2.6323986 -0.19371921 -3.3704557
v 2.6368868 -0.19371921 -3.3702724
l 917 918
v 2.6549935 -0.19371921 -3.3689349
v 2.6459937 -0.19371921 -3.3699007
l 919 920
v 2.6459937 -0.19371921 -3.3699007
v 2.6484039 -0.19371921 -3.369642
l 921 922
v 2.641959 -0.19371921 -3.3700655
v 2.6459937 -0.19371921 -3.3699007
l 923 924
v 2.6549935 -0.19371921 -3.3689349
v 2.6459937 -0.19371921 -3.3699007
l 925 926
v 2.6484039 -0.19371921 -3.369642
v 2.6549935 -0.19371921 -3.3689349
l 927 928
v 2.6549935 -0.19371921 -3.3689349
v 2.6577623 -0.19371921 -3.3686378
l 929 930
v 2.6459937 0.19371921 -3.3699007
v 2.6549935 0.19371921 -3.3689349
l 931 932
v 2.6484039 0.19371921 -3.369642
v 2.6459937 0.19371921 -3.3699007
l 933 934
v 2.6459937 0.19371921 -3.3699007
v 2.641959 0.19371921 -3.3700655
l 935 936
v 2.6459937 0.19371921 -3.3699007
v 2.6549935 0.19371921 -3.3689349
l 937 938
v 2.6549935 0.19371921 -3.3689349
v 2.6484039 0.19371921 -3.369642
l 939 940
v 2.6577623 0.19371921 -3.3686378
v 2.6549935 0.19371921 -3.3689349
l 941 942
v 2.6295722 0.19371921 -3.3705709
v 2.6323986 0.19371921 -3.3704557
l 943 944
v 2.6314542 0.19371921 -3.3704941
v 2.6295722 0.19371921 -3.3705709
l 945 946
v 2.6295722 0.19371921 -3.3705709
v 2.6368868 0.19371921 -3.3702724
l 947 948
v 2.6295722 0.19371921 -3.3705709
v 2.6246722 0.19371921 -3.3705649
l 949 950
v 2.5713849 0.19371921 -3.3704588
v 2.5812666 0.19371921 -3.3705029
l 951 952
v 2.573314 0.19371921 -3.3704674
v 2.5812666 0.19371921 -3.3705029
l 953 954
v 2.5822134 0.19371921 -3.3705072
v 2.5812666 0.19371921 -3.3705029
l 955 956
v 2.5713849 0.19371921 -3.3704588
v 2.5812666 0.19371921 -3.3705029
l 957 958
v 2.573314 0.19371921 -3.3704674
v 2.5713849 0.19371921 -3.3704588
l 959 960
v 2.5569489 0.19371921 -3.3703945
v 2.5713849 0.19371921 -3.3704588
l 961 962
v 2.6101718 0.19371921 -3.3705473
v 2.6174223 0.19371921 -3.3705561
l 963 964
v 2.6145399 0.19371921 -3.3705525
v 2.6101718 0.19371921 -3.3705473
l 965 966
v 2.6035006 0.19371921 -3.3705389
v 2.6101718 0.19371921 -3.3705473
l 967 968
v 2.6101718 0.19371921 -3.3705473
v 2.6174223 0.19371921 -3.3705561
l 969 970
v 2.6174223 0.19371921 -3.3705561
v 2.6145399 0.19371921 -3.3705525
l 971 972
v 2.6225362 0.19371921 -3.3705623
v 2.6174223 0.19371921 -3.3705561
l 973 974
v 2.521482 0.19371921 -3.3701556
v 2.5331848 0.19371921 -3.3702598
l 975 976
v 2.5331848 0.19371921 -3.3702598
v 2.5315802 0.19371921 -3.3702455
l 977 978
v 2.5351279 0.19371921 -3.3702772
v 2.5331848 0.19371921 -3.3702598
l 979 980
v 2.5124691 0.19371921 -3.3700752
v 2.5331848 0.19371921 -3.3702598
l 981 982
v 2.4599974 0.17917345 -3.3774662
v 2.4599319 0.17947079 -3.3773003
l 983 984
v 2.4599319 0.17947079 -3.3773003
v 2.4598684 0.17976871 -3.3771341
l 985 986
v 2.4599319 0.17947079 -3.3773003
v 2.4599848 0.17923078 -3.377434
l 987 988
v 2.4599192 0.17953019 -3.3772671
v 2.4599319 0.17947079 -3.3773003
l 989 990
v 2.4599974 0.17917345 -3.3774662
v 2.4599319 0.17947079 -3.3773003
l 991 992
v 2.4599848 0.17923078 -3.377434
v 2.4599974 0.17917345 -3.3774662
l 993 994
v 2.4599974 0.17917345 -3.3774662
v 2.4567556 0.18953042 -3.3716729
l 995 996
v 2.4599974 0.17917345 -3.3774662
v 2.4613788 0.17917345 -3.3824925
l 997 998
v 2.4599319 0.17947079 -3.3773003
v 2.4598684 0.17976871 -3.3771341
l 999 1000
v 2.4598684 0.17976871 -3.3771341
v 2.4599192 0.17953019 -3.3772671
l 1001 1002
v 2.459856 0.17983019 -3.3770998
v 2.4598684 0.17976871 -3.3771341
l 1003 1004
v 2.4579859 0.19168927 -3.3704934
v 2.4576752 0.19371921 -3.3693628
l 1005 1006
v 2.4576752 0.19371921 -3.3693628
v 2.4612925 0.19371921 -3.3825247
l 1007 1008
v 2.4578767 0.19240263 -3.370096
v 2.4576752 0.19371921 -3.3693628
l 1009 1010
v 2.4576752 0.19371921 -3.3693628
v 2.4577787 0.19304366 -3.3697391
l 1011 1012
v 2.4656277 0.19371921 -3.3694794
v 2.4576752 0.19371921 -3.3693628
l 1013 1014
v 2.4579859 0.19168927 -3.3704934
v 2.4576752 0.19371921 -3.3693628
l 1015 1016
v 2.4588153 0.18627168 -3.3735111
v 2.4579859 0.19168927 -3.3704934
l 1017 1018
v 2.4578767 0.19240263 -3.370096
v 2.4579859 0.19168927 -3.3704934
l 1019 1020
v 2.4579859 0.19168927 -3.3704934
v 2.4580784 0.19108605 -3.3708293
l 1021 1022
v 2.4584813 0.18845291 -3.3722961
v 2.4579859 0.19168927 -3.3704934
l 1023 1024
v 2.4581933 0.19033487 -3.3712478
v 2.4582798 0.18976949 -3.3715627
l 1025 1026
v 2.4580784 0.19108605 -3.3708293
v 2.4581933 0.19033487 -3.3712478
l 1027 1028
v 2.4584007 0.18898048 -3.3720021
v 2.4581933 0.19033487 -3.3712478
l 1029 1030
v 2.4582798 0.18976949 -3.3715627
v 2.4584007 0.18898048 -3.3720021
l 1031 1032
v 2.4584007 0.18898048 -3.3720021
v 2.4581933 0.19033487 -3.3712478
l 1033 1034
v 2.4584007 0.18898048 -3.3720021
v 2.4584813 0.18845291 -3.3722961
l 1035 1036
v 2.458683 0.18713634 -3.3730295
v 2.4584813 0.18845291 -3.3722961
l 1037 1038
v 2.4584813 0.18845291 -3.3722961
v 2.4586079 0.18762608 -3.3727565
l 1039 1040
v 2.4588153 0.18627168 -3.3735111
v 2.4584813 0.18845291 -3.3722961
l 1041 1042
v 2.4584007 0.18898048 -3.3720021
v 2.4584813 0.18845291 -3.3722961
l 1043 1044
v 2.4584813 0.18845291 -3.3722961
v 2.4579859 0.19168927 -3.3704934
l 1045 1046
v 2.458683 0.18713634 -3.3730295
v 2.4584813 0.18845291 -3.3722961
l 1047 1048
v 2.4586079 0.18762608 -3.3727565
v 2.458683 0.18713634 -3.3730295
l 1049 1050
v 2.458683 0.18713634 -3.3730295
v 2.4588153 0.18627168 -3.3735111
l 1051 1052
v 2.4588153 0.18627168 -3.3735111
v 2.4584813 0.18845291 -3.3722961
l 1053 1054
v 2.4588153 0.18627168 -3.3735111
v 2.4579859 0.19168927 -3.3704934
l 1055 1056
v 2.458683 0.18713634 -3.3730295
v 2.4588153 0.18627168 -3.3735111
l 1057 1058
v 2.4590225 0.18491729 -3.3742654
v 2.4588153 0.18627168 -3.3735111
l 1059 1060
v 2.4588153 0.18627168 -3.3735111
v 2.4588845 0.18581977 -3.3737626
l 1061 1062
v 2.4594374 0.18220849 -3.3757741
v 2.4588153 0.18627168 -3.3735111
l 1063 1064
v 2.4590859 0.1845032 -3.374496
v 2.4592299 0.18356289 -3.3750198
l 1065 1066
v 2.4592876 0.18318662 -3.3752294
v 2.4590859 0.1845032 -3.374496
l 1067 1068
v 2.4594374 0.18220849 -3.3757741
v 2.4590859 0.1845032 -3.374496
l 1069 1070
v 2.4590225 0.18491729 -3.3742654
v 2.4590859 0.1845032 -3.374496
l 1071 1072
v 2.4592299 0.18356289 -3.3750198
v 2.4592876 0.18318662 -3.3752294
l 1073 1074
v 2.4592876 0.18318662 -3.3752294
v 2.4590859 0.1845032 -3.374496
l 1075 1076
v 2.4592876 0.18318662 -3.3752294
v 2.4594374 0.18220849 -3.3757741
l 1077 1078
v 2.4595861 0.18126692 -3.3762987
v 2.4595363 0.18156822 -3.3761308
l 1079 1080
v 2.4595363 0.18156822 -3.3761308
v 2.4595742 0.1813388 -3.3762586
l 1081 1082
v 2.4595249 0.18164217 -3.3760896
v 2.4595363 0.18156822 -3.3761308
l 1083 1084
v 2.4597487 0.18036631 -3.3768008
v 2.4596922 0.18066595 -3.3766336
l 1085 1086
v 2.4597487 0.18036631 -3.3768008
v 2.459795 0.18013078 -3.3769321
l 1087 1088
v 2.4597363 0.18043195 -3.3767641
v 2.4597487 0.18036631 -3.3768008
l 1089 1090
v 2.4597487 0.18036631 -3.3768008
v 2.4596922 0.18066595 -3.3766336
l 1091 1092
v 2.4596922 0.18066595 -3.3766336
v 2.4597363 0.18043195 -3.3767641
l 1093 1094
v 2.4596798 0.18073368 -3.376596
v 2.4596922 0.18066595 -3.3766336
l 1095 1096
v 2.4595861 0.18126692 -3.3762987
v 2.4595363 0.18156822 -3.3761308
l 1097 1098
v 2.4595742 0.1813388 -3.3762586
v 2.4595861 0.18126692 -3.3762987
l 1099 1100
v 2.4595861 0.18126692 -3.3762987
v 2.459626 0.18103597 -3.3764274
l 1101 1102
v 2.3218062 0.27792609 -3.2978776
v 2.334044 0.27947441 -3.297138
l 1103 1104
v 2.3360946 0.27956107 -3.2971866
v 2.334044 0.27947441 -3.297138
l 1105 1106
v 2.334044 0.27947441 -3.297138
v 2.326755 0.2785522 -3.2975783
l 1107 1108
v 2.3218062 0.27792609 -3.2978776
v 2.334044 0.27947441 -3.297138
l 1109 1110
v 2.326755 0.2785522 -3.2975783
v 2.3218062 0.27792609 -3.2978776
l 1111 1112
v 2.3218062 0.27792609 -3.2978776
v 2.3152225 0.27653843 -3.29883
l 1113 1114
v 2.4801853 -0.19371921 -3.3696933
v 2.4698224 -0.19371921 -3.3695412
l 1115 1116
v 2.4698224 -0.19371921 -3.3695412
v 2.4755728 -0.19371921 -3.3696256
l 1117 1118
v 2.4656277 -0.19371921 -3.3694794
v 2.4698224 -0.19371921 -3.3695412
l 1119 1120
v 2.4598684 -0.17976871 -3.3771341
v 2.4599319 -0.17947079 -3.3773003
l 1121 1122
v 2.4599319 -0.17947079 -3.3773003
v 2.4599192 -0.17953019 -3.3772671
l 1123 1124
v 2.4599848 -0.17923078 -3.377434
v 2.4599319 -0.17947079 -3.3773003
l 1125 1126
v 2.4598684 -0.17976871 -3.3771341
v 2.4599319 -0.17947079 -3.3773003
l 1127 1128
v 2.4599192 -0.17953019 -3.3772671
v 2.4598684 -0.17976871 -3.3771341
l 1129 1130
v 2.4598684 -0.17976871 -3.3771341
v 2.459856 -0.17983019 -3.3770998
l 1131 1132
v 2.4612925 -0.19371921 -3.3825247
v 2.4576752 -0.19371921 -3.3693628
l 1133 1134
v 2.4576752 -0.19371921 -3.3693628
v 2.4656277 -0.19371921 -3.3694794
l 1135 1136
v 2.4577787 -0.19304366 -3.3697391
v 2.4576752 -0.19371921 -3.3693628
l 1137 1138
v 2.4579859 -0.19168927 -3.3704934
v 2.4578767 -0.19240263 -3.370096
l 1139 1140
v 2.4578767 -0.19240263 -3.370096
v 2.4577787 -0.19304366 -3.3697391
l 1141 1142
v 2.4578767 -0.19240263 -3.370096
v 2.4581933 -0.19033487 -3.3712478
l 1143 1144
v 2.4579859 -0.19168927 -3.3704934
v 2.4581933 -0.19033487 -3.3712478
l 1145 1146
v 2.4582798 -0.18976949 -3.3715627
v 2.4581933 -0.19033487 -3.3712478
l 1147 1148
v 2.4581933 -0.19033487 -3.3712478
v 2.4584813 -0.18845291 -3.3722961
l 1149 1150
v 2.4581933 -0.19033487 -3.3712478
v 2.4580784 -0.19108605 -3.3708293
l 1151 1152
v 2.4578767 -0.19240263 -3.370096
v 2.4581933 -0.19033487 -3.3712478
l 1153 1154
v 2.4581933 -0.19033487 -3.3712478
v 2.4584007 -0.18898048 -3.3720021
l 1155 1156
v 2.4581933 -0.19033487 -3.3712478
v 2.4586079 -0.18762608 -3.3727565
l 1157 1158
v 2.4579859 -0.19168927 -3.3704934
v 2.4581933 -0.19033487 -3.3712478
l 1159 1160
v 2.4579859 -0.19168927 -3.3704934
v 2.4578767 -0.19240263 -3.370096
l 1161 1162
v 2.4580784 -0.19108605 -3.3708293
v 2.4579859 -0.19168927 -3.3704934
l 1163 1164
v 2.4584007 -0.18898048 -3.3720021
v 2.4582798 -0.18976949 -3.3715627
l 1165 1166
v 2.4581933 -0.19033487 -3.3712478
v 2.4584007 -0.18898048 -3.3720021
l 1167 1168
v 2.4584813 -0.18845291 -3.3722961
v 2.4584007 -0.18898048 -3.3720021
l 1169 1170
v 2.4581933 -0.19033487 -3.3712478
v 2.4584813 -0.18845291 -3.3722961
l 1171 1172
v 2.4586079 -0.18762608 -3.3727565
v 2.4584813 -0.18845291 -3.3722961
l 1173 1174
v 2.4584813 -0.18845291 -3.3722961
v 2.4584007 -0.18898048 -3.3720021
l 1175 1176
v 2.4586079 -0.18762608 -3.3727565
v 2.4584813 -0.18845291 -3.3722961
l 1177 1178
v 2.4581933 -0.19033487 -3.3712478
v 2.4586079 -0.18762608 -3.3727565
l 1179 1180
v 2.4586079 -0.18762608 -3.3727565
v 2.4588153 -0.18627168 -3.3735111
l 1181 1182
v 2.4801853 -0.19371921 -3.3696933
v 2.4698224 -0.19371921 -3.3695412
l 1183 1184
v 2.4755728 -0.19371921 -3.3696256
v 2.4801853 -0.19371921 -3.3696933
l 1185 1186
v 2.4951868 -0.19371921 -3.3699133
v 2.4801853 -0.19371921 -3.3696933
l 1187 1188
v 2.5331848 -0.19371921 -3.3702598
v 2.5124691 -0.19371921 -3.3700752
l 1189 1190
v 2.5315802 -0.19371921 -3.3702455
v 2.5331848 -0.19371921 -3.3702598
l 1191 1192
v 2.5396464 -0.19371921 -3.3703172
v 2.5331848 -0.19371921 -3.3702598
l 1193 1194
v 2.5331848 -0.19371921 -3.3702598
v 2.5124691 -0.19371921 -3.3700752
l 1195 1196
v 2.5315802 -0.19371921 -3.3702455
v 2.5124691 -0.19371921 -3.3700752
l 1197 1198
v 2.512382 -0.19371921 -3.3700743
v 2.5124691 -0.19371921 -3.3700752
l 1199 1200
v 2.4361701 -0.23032929 -3.3446829
v 2.4244118 -0.24438171 -3.3337953
l 1201 1202
v 2.4317861 -0.23556887 -3.3406234
v 2.4361701 -0.23032929 -3.3446829
l 1203 1204
v 2.4393909 -0.22498637 -3.3487926
v 2.4361701 -0.23032929 -3.3446829
l 1205 1206
v 2.4361701 -0.23032929 -3.3446829
v 2.4244118 -0.24438171 -3.3337953
l 1207 1208
v 2.4244118 -0.24438171 -3.3337953
v 2.4317861 -0.23556887 -3.3406234
l 1209 1210
v 2.4227417 -0.24585235 -3.3326454
v 2.4244118 -0.24438171 -3.3337953
l 1211 1212
v 2.4091947 -0.2581031 -3.3219116
v 2.3976498 -0.26636758 -3.3132093
l 1213 1214
v 2.4090617 -0.25819835 -3.3218112
v 2.4091947 -0.2581031 -3.3219116
l 1215 1216
v 2.4091947 -0.2581031 -3.3219116
v 2.4114559 -0.25648445 -3.3236158
l 1217 1218
v 2.4091947 -0.2581031 -3.3219116
v 2.3976498 -0.26636758 -3.3132093
l 1219 1220
v 2.3976498 -0.26636758 -3.3132093
v 2.4090617 -0.25819835 -3.3218112
l 1221 1222
v 2.3976498 -0.26636758 -3.3132093
v 2.3820519 -0.27376118 -3.3052247
l 1223 1224
v 2.3744199 -0.27582404 -3.3028724
v 2.364918 -0.2783953 -3.299818
l 1225 1226
v 2.3717692 -0.27654135 -3.3020203
v 2.3744199 -0.27582404 -3.3028724
l 1227 1228
v 2.3744199 -0.27582404 -3.3028724
v 2.3820519 -0.27376118 -3.3052247
l 1229 1230
v 2.2932701 -0.27007601 -3.3037417
v 2.2981031 -0.27193183 -3.3022909
l 1231 1232
v 2.2981031 -0.27193183 -3.3022909
v 2.2989395 -0.27217978 -3.3021128
l 1233 1234
v 2.2981031 -0.27193183 -3.3022909
v 2.286747 -0.26757118 -3.3056998
l 1235 1236
v 2.286747 -0.26757118 -3.3056998
v 2.2932701 -0.27007601 -3.3037417
l 1237 1238
v 2.2981031 -0.27193183 -3.3022909
v 2.286747 -0.26757118 -3.3056998
l 1239 1240
v 2.2837372 -0.26614195 -3.3068769
v 2.286747 -0.26757118 -3.3056998
l 1241 1242
v 2.2545512 -0.24907552 -3.3213258
v 2.2457473 -0.2420339 -3.3258269
l 1243 1244
v 2.2545512 -0.24907552 -3.3213258
v 2.2551506 -0.24954714 -3.3209167
l 1245 1246
v 2.2541511 -0.2487554 -3.3215303
v 2.2545512 -0.24907552 -3.3213258
l 1247 1248
v 2.2545512 -0.24907552 -3.3213258
v 2.2457473 -0.2420339 -3.3258269
l 1249 1250
v 2.2457473 -0.2420339 -3.3258269
v 2.2541511 -0.2487554 -3.3215303
l 1251 1252
v 2.2451549 -0.24152495 -3.3261564
v 2.2457473 -0.2420339 -3.3258269
l 1253 1254
v 2.18975 0.17050879 -3.3670919
v 2.18435 0.15820871 -3.3732409
l 1255 1256
v 2.194381 0.17867959 -3.3631375
v 2.18975 0.17050879 -3.3670919
l 1257 1258
v 2.18975 0.17050879 -3.3670919
v 2.1880088 0.16654263 -3.3690746
l 1259 1260
v 2.1757481 -0.13575496 -3.3809319
v 2.1727934 -0.12698647 -3.3839312
l 1261 1262
v 2.1727934 -0.12698647 -3.3839312
v 2.1752529 -0.13428529 -3.3814344
l 1263 1264
v 2.168709 -0.10895372 -3.3903325
v 2.1727934 -0.12698647 -3.3839312
l 1265 1266
v 2.1757481 -0.13575496 -3.3809319
v 2.1727934 -0.12698647 -3.3839312
l 1267 1268
v 2.1752529 -0.13428529 -3.3814344
v 2.1757481 -0.13575496 -3.3809319
l 1269 1270
v 2.1757481 -0.13575496 -3.3809319
v 2.1803098 -0.14929137 -3.3763015
l 1271 1272
v 2.1636569 0.024347378 -3.4043548
v 2.1634948 0.048694756 -3.4025483
l 1273 1274
v 2.1634948 0.048694756 -3.4025483
v 2.1634729 0.051990408 -3.4023037
l 1275 1276
v 2.1635354 0.042607911 -3.4029999
v 2.1634948 0.048694756 -3.4025483
l 1277 1278
v 2.1636546 0.02471536 -3.4043274
v 2.1636138 0.030836402 -3.4038734
l 1279 1280
v 2.1636164 0.030434223 -3.4039032
v 2.1636546 0.02471536 -3.4043274
l 1281 1282
v 2.1636546 0.02471536 -3.4043274
v 2.1636569 0.024347378 -3.4043548
l 1283 1284
v 2.1636569 0.024347378 -3.4043548
v 2.1636138 0.030836402 -3.4038734
l 1285 1286
v 2.1636569 0.024347378 -3.4043548
v 2.1634948 0.048694756 -3.4025483
l 1287 1288
v 2.1637361 0.012473281 -3.4052358
v 2.1636569 0.024347378 -3.4043548
l 1289 1290
v 2.1636546 0.02471536 -3.4043274
v 2.1636569 0.024347378 -3.4043548
l 1291 1292
v 2.1636569 0.024347378 -3.4043548
v 2.1635354 0.042607911 -3.4029999
l 1293 1294
v 2.1636569 0.024347378 -3.4043548
v 2.1636953 0.018594321 -3.4047816
l 1295 1296
v 2.1637361 0.012473281 -3.4052358
v 2.1636569 0.024347378 -3.4043548
l 1297 1298
v 2.1637361 0.012473281 -3.4052358
v 2.1636953 0.018594321 -3.4047816
l 1299 1300
v 2.1636977 0.018260533 -3.4048064
v 2.1637361 0.012473281 -3.4052358
l 1301 1302
v 2.1637769 0.0063522402 -3.40569
v 2.1637361 0.012473281 -3.4052358
l 1303 1304
v 2.1637361 0.012473281 -3.4052358
v 2.1637383 0.012173689 -3.4052582
l 1305 1306
v 2.1637769 -0.0063522402 -3.40569
v 2.1638176 -0.00023119984 -3.4061441
l 1307 1308
v 2.1638193 0 -3.4061613
v 2.1638176 -0.00023119984 -3.4061441
l 1309 1310
v 2.1638176 -0.00023119984 -3.4061441
v 2.1637788 -0.0060868445 -3.4057097
l 1311 1312
v 2.1637361 -0.012473281 -3.4052358
v 2.1638176 -0.00023119984 -3.4061441
l 1313 1314
v 2.1637769 -0.0063522402 -3.40569
v 2.1638176 -0.00023119984 -3.4061441
l 1315 1316
v 2.1637361 -0.012473281 -3.4052358
v 2.1637769 -0.0063522402 -3.40569
l 1317 1318
v 2.1637788 -0.0060868445 -3.4057097
v 2.1637769 -0.0063522402 -3.40569
l 1319 1320
v 2.1637769 -0.0063522402 -3.40569
v 2.1637383 -0.012173689 -3.4052582
l 1321 1322
v 2.1637361 -0.012473281 -3.4052358
v 2.1637769 -0.0063522402 -3.40569
l 1323 1324
v 2.1636569 -0.024347378 -3.4043548
v 2.1637361 -0.012473281 -3.4052358
l 1325 1326
v 2.1637383 -0.012173689 -3.4052582
v 2.1637361 -0.012473281 -3.4052358
l 1327 1328
v 2.1636953 -0.018594321 -3.4047816
v 2.1637361 -0.012473281 -3.4052358
l 1329 1330
v 2.1637361 -0.012473281 -3.4052358
v 2.1636977 -0.018260533 -3.4048064
l 1331 1332
v 2.1637361 -0.012473281 -3.4052358
v 2.1638176 -0.00023119984 -3.4061441
l 1333 1334
v 2.1636164 -0.030434223 -3.4039032
v 2.1636569 -0.024347378 -3.4043548
l 1335 1336
v 2.1636569 -0.024347378 -3.4043548
v 2.1637361 -0.012473281 -3.4052358
l 1337 1338
v 2.1636569 -0.024347378 -3.4043548
v 2.1636546 -0.02471536 -3.4043274
l 1339 1340
v 2.1636953 -0.018594321 -3.4047816
v 2.1636569 -0.024347378 -3.4043548
l 1341 1342
v 2.1636164 -0.030434223 -3.4039032
v 2.1636569 -0.024347378 -3.4043548
l 1343 1344
v 2.1636546 -0.02471536 -3.4043274
v 2.1636164 -0.030434223 -3.4039032
l 1345 1346
v 2.1635759 -0.036521066 -3.4034514
v 2.1636164 -0.030434223 -3.4039032
l 1347 1348
v 2.1636164 -0.030434223 -3.4039032
v 2.1636138 -0.030836402 -3.4038734
l 1349 1350
v 2.1727934 0.12698647 -3.3839312
v 2.1757481 0.13575496 -3.3809319
l 1351 1352
v 2.1757481 0.13575496 -3.3809319
v 2.1752529 0.13428529 -3.3814344
l 1353 1354
v 2.1803098 0.14929137 -3.3763015
v 2.1757481 0.13575496 -3.3809319
l 1355 1356
v 2.1727934 0.12698647 -3.3839312
v 2.1757481 0.13575496 -3.3809319
l 1357 1358
v 2.1752529 0.13428529 -3.3814344
v 2.1727934 0.12698647 -3.3839312
l 1359 1360
v 2.1727934 0.12698647 -3.3839312
v 2.168709 0.10895372 -3.3903325
l 1361 1362
v 2.18975 0.17050879 -3.3670919
v 2.18435 0.15820871 -3.3732409
l 1363 1364
v 2.1880088 0.16654263 -3.3690746
v 2.18435 0.15820871 -3.3732409
l 1365 1366
v 2.18435 0.15820871 -3.3732409
v 2.1840107 0.15743609 -3.3736272
l 1367 1368
v 2.3744199 -0.27582404 -3.3028724
v 2.364918 -0.2783953 -3.299818
l 1369 1370
v 2.364918 -0.2783953 -3.299818
v 2.3717692 -0.27654135 -3.3020203
l 1371 1372
v 2.353157 -0.2794196 -3.2981958
v 2.364918 -0.2783953 -3.299818
l 1373 1374
v 7.2122383 -2.3024359 -0.78283119
v 7.210001 -2.2874584 -0.78398925
l 1375 1376
v 7.2113686 -2.2966139 -0.78328133
v 7.2122383 -2.3024359 -0.78283119
l 1377 1378
v 7.2122383 -2.3024359 -0.78283119
v 7.2161932 -2.3147259 -0.78188378
l 1379 1380
v 7.2122383 -2.3024359 -0.78283119
v 7.210001 -2.2874584 -0.78398925
l 1381 1382
v 7.210001 -2.2874584 -0.78398925
v 7.2113686 -2.2966139 -0.78328133
l 1383 1384
v 7.2098327 -2.283401 -0.78430361
v 7.210001 -2.2874584 -0.78398925
l 1385 1386
v 7.2859864 -2.172323 -0.79295683
v 7.3068032 -2.1641433 -0.79330981
l 1387 1388
v 7.2911239 -2.1703043 -0.79304391
v 7.2859864 -2.172323 -0.79295683
l 1389 1390
v 7.2859864 -2.172323 -0.79295683
v 7.2626362 -2.1814442 -0.79225355
l 1391 1392
v 7.3621678 -2.1600158 -0.79287565
v 7.3427486 -2.1614635 -0.79302794
l 1393 1394
v 7.3691368 -2.16099 -0.79270464
v 7.3621678 -2.1600158 -0.79287565
l 1395 1396
v 7.3068032 -2.1641433 -0.79330981
v 7.3621678 -2.1600158 -0.79287565
l 1397 1398
v 7.3427486 -2.1614635 -0.79302794
v 7.3068032 -2.1641433 -0.79330981
l 1399 1400
v 7.2859864 -2.172323 -0.79295683
v 7.3068032 -2.1641433 -0.79330981
l 1401 1402
v 7.3068032 -2.1641433 -0.79330981
v 7.3621678 -2.1600158 -0.79287565
l 1403 1404
v 7.3068032 -2.1641433 -0.79330981
v 7.2911239 -2.1703043 -0.79304391
l 1405 1406
v 7.2509561 -2.3622882 -0.77816927
v 7.2626362 -2.3724091 -0.77737719
l 1407 1408
v 7.2626362 -2.3724091 -0.77737719
v 7.28616 -2.3815954 -0.77665424
l 1409 1410
v 7.2626362 -2.3724091 -0.77737719
v 7.2338786 -2.3474901 -0.77932733
l 1411 1412
v 7.2338786 -2.3474901 -0.77932733
v 7.2509561 -2.3622882 -0.77816927
l 1413 1414
v 7.2626362 -2.3724091 -0.77737719
v 7.2338786 -2.3474901 -0.77932733
l 1415 1416
v 7.2278366 -2.337584 -0.78010094
v 7.2338786 -2.3474901 -0.77932733
l 1417 1418
v 7.6767969 -2.2750583 -0.77421981
v 7.6767969 -2.3160357 -1.0066141
l 1419 1420
v 7.6709261 -2.278507 -0.77421254
v 7.6767969 -2.2750583 -0.77421981
l 1421 1422
v 7.6767969 -2.2750583 -0.77421981
v 7.6709099 -2.2716925 -0.77475244
l 1423 1424
v 7.3068032 2.1641433 -0.79330981
v 7.2859864 2.172323 -0.79295683
l 1425 1426
v 7.2859864 2.172323 -0.79295683
v 7.2911239 2.1703043 -0.79304391
l 1427 1428
v 7.2626362 2.1814442 -0.79225355
v 7.2859864 2.172323 -0.79295683
l 1429 1430
v 7.3068032 2.1641433 -0.79330981
v 7.2859864 2.172323 -0.79295683
l 1431 1432
v 7.2911239 2.1703043 -0.79304391
v 7.3068032 2.1641433 -0.79330981
l 1433 1434
v 7.3068032 2.1641433 -0.79330981
v 7.3427486 2.1614635 -0.79302794
l 1435 1436
v 7.210001 2.2874584 -0.78398925
v 7.2122383 2.3024359 -0.78283119
l 1437 1438
v 7.2122383 2.3024359 -0.78283119
v 7.2113686 2.2966139 -0.78328133
l 1439 1440
v 7.2161932 2.3147259 -0.78188378
v 7.2122383 2.3024359 -0.78283119
l 1441 1442
v 7.210001 2.2874584 -0.78398925
v 7.2122383 2.3024359 -0.78283119
l 1443 1444
v 7.2113686 2.2966139 -0.78328133
v 7.210001 2.2874584 -0.78398925
l 1445 1446
v 7.210001 2.2874584 -0.78398925
v 7.2098327 2.283401 -0.78430361
l 1447 1448
v 7.5756202 2.2227073 -0.78229064
v 7.5321097 2.2038715 -0.78537571
l 1449 1450
v 7.5321097 2.2038715 -0.78537571
v 7.5472965 2.2104459 -0.7842989
l 1451 1452
v 7.5320115 2.2038288 -0.78538185
v 7.5321097 2.2038715 -0.78537571
l 1453 1454
v 7.5756202 2.2227073 -0.78229064
v 7.5321097 2.2038715 -0.78537571
l 1455 1456
v 7.5472965 2.2104459 -0.7842989
v 7.5756202 2.2227073 -0.78229064
l 1457 1458
v 7.5756202 2.2227073 -0.78229064
v 7.5876956 2.2284889 -0.78139079
l 1459 1460
v 7.6641212 2.2678618 -0.77536273
v 7.6545124 2.2624931 -0.77615756
l 1461 1462
v 7.6591692 2.265095 -0.77577233
v 7.6641212 2.2678618 -0.77536273
l 1463 1464
v 7.6641212 2.2678618 -0.77536273
v 7.6676855 2.2698493 -0.7750442
l 1465 1466
v 7.6358209 2.252414 -0.77767485
v 7.6099997 2.2391663 -0.7797175
l 1467 1468
v 7.6099997 2.2391663 -0.7797175
v 7.619091 2.2438304 -0.77899832
l 1469 1470
v 7.6039009 2.236248 -0.78018326
v 7.6099997 2.2391663 -0.7797175
l 1471 1472
v 7.6767969 2.3160357 -1.0066141
v 7.6767969 2.2750583 -0.77421981
l 1473 1474
v 7.6767969 2.2750583 -0.77421981
v 7.6709261 2.278507 -0.77421254
l 1475 1476
v 7.6709099 2.2716925 -0.77475244
v 7.6767969 2.2750583 -0.77421981
l 1477 1478
v 7.6767969 2.5063465 -2.0859199
v 7.6767969 2.5100248 -2.1067805
l 1479 1480
v 7.6767969 2.5100248 -2.1067805
v 7.6762705 2.510313 -2.1066601
l 1481 1482
v 7.6762719 2.5097029 -2.1067052
v 7.6767969 2.5100248 -2.1067805
l 1483 1484
v 7.6641726 2.5023367 -2.1049685
v 7.6545124 2.4966183 -2.1039476
l 1485 1486
v 7.6536989 2.4961526 -2.1038606
v 7.6545124 2.4966183 -2.1039476
l 1487 1488
v 7.6545124 2.4966183 -2.1039476
v 7.6620317 2.5010695 -2.1047423
l 1489 1490
v 7.6641726 2.5023367 -2.1049685
v 7.6545124 2.4966183 -2.1039476
l 1491 1492
v 7.6641726 2.5023367 -2.1049685
v 7.6670089 2.504035 -2.1053779
l 1493 1494
v 7.6620317 2.5010695 -2.1047423
v 7.6641726 2.5023367 -2.1049685
l 1495 1496
v 7.2122383 2.4843342 -2.1077368
v 7.212554 2.4833744 -2.1079352
l 1497 1498
v 7.21066 2.494653 -2.105511
v 7.2122383 2.4843342 -2.1077368
l 1499 1500
v 7.2122383 2.4843342 -2.1077368
v 7.2166038 2.4710665 -2.1104794
l 1501 1502
v 7.212554 2.4833744 -2.1079352
v 7.2166038 2.4710665 -2.1104794
l 1503 1504
v 7.2166038 2.4710665 -2.1104794
v 7.2187595 2.4645147 -2.1118336
l 1505 1506
v 7.2122383 2.4843342 -2.1077368
v 7.2166038 2.4710665 -2.1104794
l 1507 1508
v 7.210001 2.5201538 -2.1036704
v 7.2095861 2.5101614 -2.1044252
l 1509 1510
v 7.2101231 2.5209713 -2.1036041
v 7.210001 2.5201538 -2.1036704
l 1511 1512
v 7.210001 2.5201538 -2.1036704
v 7.2095637 2.5096166 -2.1044664
l 1513 1514
v 7.2095861 2.5101614 -2.1044252
v 7.2095637 2.5096166 -2.1044664
l 1515 1516
v 7.2095637 2.5096166 -2.1044664
v 7.2095861 2.5090747 -2.1045051
l 1517 1518
v 7.2095637 2.5096166 -2.1044664
v 7.210001 2.4990718 -2.1052191
l 1519 1520
v 7.210001 2.5201538 -2.1036704
v 7.2095637 2.5096166 -2.1044664
l 1521 1522
v 7.2095861 2.5090747 -2.1045051
v 7.210001 2.4990718 -2.1052191
l 1523 1524
v 7.210001 2.4990718 -2.1052191
v 7.2101092 2.4983461 -2.105267
l 1525 1526
v 7.2095637 2.5096166 -2.1044664
v 7.210001 2.4990718 -2.1052191
l 1527 1528
v 7.2276063 2.5697834 -2.0991423
v 7.2317739 2.5767643 -2.0994463
l 1529 1530
v 7.2338786 2.5802941 -2.0996246
v 7.2317739 2.5767643 -2.0994463
l 1531 1532
v 7.2317739 2.5767643 -2.0994463
v 7.2296591 2.5732217 -2.099292
l 1533 1534
v 7.2276063 2.5697834 -2.0991423
v 7.2317739 2.5767643 -2.0994463
l 1535 1536
v 7.2296591 2.5732217 -2.099292
v 7.2276063 2.5697834 -2.0991423
l 1537 1538
v 7.2276063 2.5697834 -2.0991423
v 7.2187595 2.5553439 -2.1006463
l 1539 1540
v 7.5756202 2.5615153 -2.0938294
v 7.5959139 2.5516555 -2.0945303
l 1541 1542
v 7.5756202 2.5615153 -2.0938294
v 7.5735354 2.5624323 -2.0937645
l 1543 1544
v 7.5860176 2.5564635 -2.0941887
v 7.5756202 2.5615153 -2.0938294
l 1545 1546
v 7.5756202 2.5615153 -2.0938294
v 7.5959139 2.5516555 -2.0945303
l 1547 1548
v 7.5959139 2.5516555 -2.0945303
v 7.5860176 2.5564635 -2.0941887
l 1549 1550
v 7.6014886 2.5489855 -2.0949399
v 7.5959139 2.5516555 -2.0945303
l 1551 1552
v 7.6767969 -2.5100248 -2.1067805
v 7.6767969 -2.5063465 -2.0859199
l 1553 1554
v 7.6762705 -2.510313 -2.1066601
v 7.6767969 -2.5100248 -2.1067805
l 1555 1556
v 7.6676855 -2.515012 -2.1046987
v 7.6767969 -2.5100248 -2.1067805
l 1557 1558
v 7.6676855 -2.5044401 -2.1054754
v 7.6767969 -2.5100248 -2.1067805
l 1559 1560
v 7.6676855 -2.5044401 -2.1054754
v 7.6641726 -2.5023367 -2.1049685
l 1561 1562
v 7.6676855 -2.5044401 -2.1054754
v 7.6670089 -2.504035 -2.1053779
l 1563 1564
v 7.6676855 -2.5044401 -2.1054754
v 7.6767969 -2.5100248 -2.1067805
l 1565 1566
v 7.6676855 -2.515012 -2.1046987
v 7.6762705 -2.510313 -2.1066601
l 1567 1568
v 7.6669679 -2.5153947 -2.1045353
v 7.6676855 -2.515012 -2.1046987
l 1569 1570
v 7.6676855 -2.515012 -2.1046987
v 7.6767969 -2.5100248 -2.1067805
l 1571 1572
v 7.6676855 -2.5044401 -2.1054754
v 7.6641726 -2.5023367 -2.1049685
l 1573 1574
v 7.6670089 -2.504035 -2.1053779
v 7.6641726 -2.5023367 -2.1049685
l 1575 1576
v 7.6641726 -2.5023367 -2.1049685
v 7.6620317 -2.5010695 -2.1047423
l 1577 1578
v 7.3283458 -2.397661 -2.1265938
v 7.3100562 -2.3990076 -2.1266413
l 1579 1580
v 7.3117814 -2.3988807 -2.1266367
v 7.3100562 -2.3990076 -2.1266413
l 1581 1582
v 7.3100562 -2.3990076 -2.1266413
v 7.3068032 -2.3992472 -2.1266496
l 1583 1584
v 7.3283458 -2.397661 -2.1265938
v 7.3100562 -2.3990076 -2.1266413
l 1585 1586
v 7.3594937 -2.3954127 -2.1267688
v 7.3283458 -2.397661 -2.1265938
l 1587 1588
v 7.3283458 -2.397661 -2.1265938
v 7.3117814 -2.3988807 -2.1266367
l 1589 1590
v 7.2650232 -2.414983 -2.1220787
v 7.2793269 -2.4095795 -2.1235514
l 1591 1592
v 7.2723322 -2.4122219 -2.1228311
v 7.2650232 -2.414983 -2.1220787
l 1593 1594
v 7.2650232 -2.414983 -2.1220787
v 7.2626362 -2.4158847 -2.1218328
l 1595 1596
v 7.2650232 -2.414983 -2.1220787
v 7.2793269 -2.4095795 -2.1235514
l 1597 1598
v 7.2793269 -2.4095795 -2.1235514
v 7.2723322 -2.4122219 -2.1228311
l 1599 1600
v 7.3068032 -2.3992472 -2.1266496
v 7.2793269 -2.4095795 -2.1235514
l 1601 1602
v 7.2101231 -2.5209713 -2.1036041
v 7.2122383 -2.5351217 -2.1024585
l 1603 1604
v 7.2122383 -2.5351217 -2.1024585
v 7.2126203 -2.5363054 -2.1023524
l 1605 1606
v 7.2122383 -2.5351217 -2.1024585
v 7.210001 -2.5201538 -2.1036704
l 1607 1608
v 7.210001 -2.5201538 -2.1036704
v 7.2101231 -2.5209713 -2.1036041
l 1609 1610
v 7.2095861 -2.5101614 -2.1044252
v 7.210001 -2.5201538 -2.1036704
l 1611 1612
v 7.2122383 -2.5351217 -2.1024585
v 7.210001 -2.5201538 -2.1036704
l 1613 1614
v 7.210001 -2.5201538 -2.1036704
v 7.2095637 -2.5096166 -2.1044664
l 1615 1616
v 7.2095637 -2.5096166 -2.1044664
v 7.2095861 -2.5101614 -2.1044252
l 1617 1618
v 7.2095861 -2.5090747 -2.1045051
v 7.2095637 -2.5096166 -2.1044664
l 1619 1620
v 7.210001 -2.5201538 -2.1036704
v 7.2095637 -2.5096166 -2.1044664
l 1621 1622
v 7.3068032 -2.6231511 -2.1002319
v 7.2793269 -2.6122708 -2.1002221
l 1623 1624
v 7.2793269 -2.6122708 -2.1002221
v 7.2963963 -2.61903 -2.1002283
l 1625 1626
v 7.2664709 -2.6072025 -2.1003451
v 7.2793269 -2.6122708 -2.1002221
l 1627 1628
v 7.3068032 -2.6231511 -2.1002319
v 7.2793269 -2.6122708 -2.1002221
l 1629 1630
v 7.2963963 -2.61903 -2.1002283
v 7.3068032 -2.6231511 -2.1002319
l 1631 1632
v 7.3068032 -2.6231511 -2.1002319
v 7.3120041 -2.6235101 -2.1001089
l 1633 1634
v 7.3621678 -2.6270208 -2.0992033
v 7.3283458 -2.6246376 -2.0997221
l 1635 1636
v 7.3283458 -2.6246376 -2.0997221
v 7.3416581 -2.6255755 -2.0995181
l 1637 1638
v 7.3120041 -2.6235101 -2.1001089
v 7.3283458 -2.6246376 -2.0997221
l 1639 1640
v 7.3621678 -2.6270208 -2.0992033
v 7.3283458 -2.6246376 -2.0997221
l 1641 1642
v 7.3416581 -2.6255755 -2.0995181
v 7.3621678 -2.6270208 -2.0992033
l 1643 1644
v 7.3621678 -2.6270208 -2.0992033
v 7.3676777 -2.6261961 -2.0990298
l 1645 1646
v 7.4576869 -2.6076524 -2.0964985
v 7.4756894 -2.6023877 -2.0959613
l 1647 1648
v 7.4756894 -2.6023877 -2.0959613
v 7.4799113 -2.6011531 -2.0958354
l 1649 1650
v 7.4756894 -2.6023877 -2.0959613
v 7.4308367 -2.6155045 -2.0972998
l 1651 1652
v 7.4308367 -2.6155045 -2.0972998
v 7.4576869 -2.6076524 -2.0964985
l 1653 1654
v 7.4756894 -2.6023877 -2.0959613
v 7.4308367 -2.6155045 -2.0972998
l 1655 1656
v 7.4218574 -2.6181393 -2.0976169
v 7.4308367 -2.6155045 -2.0972998
l 1657 1658
v 7.5568247 -2.5697834 -2.0932436
v 7.5756202 -2.5615153 -2.0938294
l 1659 1660
v 7.5568247 -2.5697834 -2.0932436
v 7.5735354 -2.5624323 -2.0937645
l 1661 1662
v 7.5393572 -2.5776694 -2.0938432
v 7.5568247 -2.5697834 -2.0932436
l 1663 1664
v 7.5568247 -2.5697834 -2.0932436
v 7.5756202 -2.5615153 -2.0938294
l 1665 1666
v 7.5735354 -2.5624323 -2.0937645
v 7.5756202 -2.5615153 -2.0938294
l 1667 1668
v 7.5756202 -2.5615153 -2.0938294
v 7.5860176 -2.5564635 -2.0941887
l 1669 1670
v 8.190383 -2.6025388 -2.9388013
v 8.1902924 -2.6080527 -2.9384346
l 1671 1672
v 8.190383 -2.6025388 -2.9388013
v 8.1904688 -2.5972896 -2.9391503
l 1673 1674
v 8.1903782 -2.6028209 -2.9387825
v 8.190383 -2.6025388 -2.9388013
l 1675 1676
v 8.1904736 -2.5970247 -2.9391677
v 8.1904907 -2.5959792 -2.9392374
l 1677 1678
v 8.1904688 -2.5972896 -2.9391503
v 8.1904736 -2.5970247 -2.9391677
l 1679 1680
v 8.1904736 -2.5970247 -2.9391677
v 8.1905594 -2.5917585 -2.939518
l 1681 1682
v 8.1902018 -2.6135666 -2.9380682
v 8.1902876 -2.6083519 -2.9384148
l 1683 1684
v 8.190197 -2.6138833 -2.9380472
v 8.1902018 -2.6135666 -2.9380682
l 1685 1686
v 8.1902018 -2.6135666 -2.9380682
v 8.1902924 -2.6080527 -2.9384346
l 1687 1688
v 8.190383 -2.6025388 -2.9388013
v 8.1902924 -2.6080527 -2.9384346
l 1689 1690
v 8.1902876 -2.6083519 -2.9384148
v 8.1902924 -2.6080527 -2.9384346
l 1691 1692
v 8.1902924 -2.6080527 -2.9384346
v 8.1903782 -2.6028209 -2.9387825
l 1693 1694
v 8.1902018 -2.6135666 -2.9380682
v 8.1902924 -2.6080527 -2.9384346
l 1695 1696
v 8.1904907 -2.5959792 -2.9392374
v 8.1905594 -2.5917585 -2.939518
l 1697 1698
v 8.1905594 -2.5917585 -2.939518
v 8.1905632 -2.5915108 -2.9395344
l 1699 1700
v 8.1904736 -2.5970247 -2.9391677
v 8.1905594 -2.5917585 -2.939518
l 1701 1702
v 8.1907444 -2.580483 -2.9402676
v 8.19065 -2.5862274 -2.9398856
l 1703 1704
v 8.19065 -2.5862274 -2.9398856
v 8.1906538 -2.5859969 -2.9399009
l 1705 1706
v 8.1905632 -2.5915108 -2.9395344
v 8.19065 -2.5862274 -2.9398856
l 1707 1708
v 8.19065 -2.5862274 -2.9398856
v 8.1906538 -2.5859969 -2.9399009
l 1709 1710
v 8.1907444 -2.580483 -2.9402676
v 8.1906538 -2.5859969 -2.9399009
l 1711 1712
v 8.1906538 -2.5859969 -2.9399009
v 8.1907406 -2.5806961 -2.9402535
l 1713 1714
v 8.1907444 -2.580483 -2.9402676
v 8.19065 -2.5862274 -2.9398856
l 1715 1716
v 8.1907444 -2.580483 -2.9402676
v 8.1906538 -2.5859969 -2.9399009
l 1717 1718
v 8.1907406 -2.5806961 -2.9402535
v 8.1907444 -2.580483 -2.9402676
l 1719 1720
v 8.1907444 -2.580483 -2.9402676
v 8.1908312 -2.575165 -2.9406211
l 1721 1722
v 8.1907396 -2.5587854 -2.9402478
v 8.1909142 -2.5694528 -2.9409568
l 1723 1724
v 8.190917 -2.5696337 -2.940969
v 8.1909142 -2.5694528 -2.9409568
l 1725 1726
v 8.1909142 -2.5694528 -2.9409568
v 8.1908264 -2.5641026 -2.9406013
l 1727 1728
v 8.190649 -2.5532715 -2.9398811
v 8.1909142 -2.5694528 -2.9409568
l 1729 1730
v 8.1907396 -2.5587854 -2.9402478
v 8.1909142 -2.5694528 -2.9409568
l 1731 1732
v 8.190649 -2.5532715 -2.9398811
v 8.1907396 -2.5587854 -2.9402478
l 1733 1734
v 8.1908264 -2.5641026 -2.9406013
v 8.1907396 -2.5587854 -2.9402478
l 1735 1736
v 8.1907396 -2.5587854 -2.9402478
v 8.1907358 -2.5585713 -2.9402335
l 1737 1738
v 8.190649 -2.5532715 -2.9398811
v 8.1907396 -2.5587854 -2.9402478
l 1739 1740
v 8.1907358 -2.5585713 -2.9402335
v 8.190649 -2.5532715 -2.9398811
l 1741 1742
v 8.1905584 -2.5477576 -2.9395146
v 8.190649 -2.5532715 -2.9398811
l 1743 1744
v 8.190649 -2.5532715 -2.9398811
v 8.1909142 -2.5694528 -2.9409568
l 1745 1746
v 8.1682158 -2.4256752 -2.9188552
v 8.1682119 -2.4256661 -2.9188523
l 1747 1748
v 8.1682119 -2.4256661 -2.9188523
v 8.1682034 -2.4256485 -2.9188466
l 1749 1750
v 8.1656818 -2.4203622 -2.9171088
v 8.1682119 -2.4256661 -2.9188523
l 1751 1752
v 8.1682158 -2.4256752 -2.9188552
v 8.1682119 -2.4256661 -2.9188523
l 1753 1754
v 8.173501 -2.4376726 -2.921026
v 8.1682158 -2.4256752 -2.9188552
l 1755 1756
v 8.1682158 -2.4256752 -2.9188552
v 8.1656818 -2.4203622 -2.9171088
l 1757 1758
v 8.1900749 -2.5198531 -2.9375505
v 8.190115 -2.520658 -2.9377129
l 1759 1760
v 8.1901922 -2.5253842 -2.9380271
v 8.190115 -2.520658 -2.9377129
l 1761 1762
v 8.190115 -2.520658 -2.9377129
v 8.1900911 -2.5201907 -2.9376187
l 1763 1764
v 8.190115 -2.520658 -2.9377129
v 8.1897993 -2.5143218 -2.9364338
l 1765 1766
v 8.190197 -2.5257015 -2.9380484
v 8.1902876 -2.5312157 -2.9384148
l 1767 1768
v 8.1902828 -2.5309155 -2.9383948
v 8.190197 -2.5257015 -2.9380484
l 1769 1770
v 8.190197 -2.5257015 -2.9380484
v 8.1901922 -2.5253842 -2.9380271
l 1771 1772
v 8.190197 -2.5257015 -2.9380484
v 8.1902876 -2.5312157 -2.9384148
l 1773 1774
v 8.1902876 -2.5312157 -2.9384148
v 8.1902828 -2.5309155 -2.9383948
l 1775 1776
v 8.1902876 -2.5312157 -2.9384148
v 8.1903782 -2.5367296 -2.9387815
l 1777 1778
v 8.1903734 -2.5364466 -2.9387627
v 8.1902876 -2.5312157 -2.9384148
l 1779 1780
v 8.1902876 -2.5312157 -2.9384148
v 8.1903782 -2.5367296 -2.9387815
l 1781 1782
v 8.1903782 -2.5367296 -2.9387815
v 8.1903734 -2.5364466 -2.9387627
l 1783 1784
v 8.190464 -2.5419779 -2.9391303
v 8.1903782 -2.5367296 -2.9387815
l 1785 1786
v 8.1897993 -2.5143218 -2.9364338
v 8.1900749 -2.5198531 -2.9375505
l 1787 1788
v 8.1897993 -2.5143218 -2.9364338
v 8.1881952 -2.4981055 -2.9335079
l 1789 1790
v 8.1898184 -2.5147114 -2.9365125
v 8.1897993 -2.5143218 -2.9364338
l 1791 1792
v 8.190115 -2.520658 -2.9377129
v 8.1897993 -2.5143218 -2.9364338
l 1793 1794
v 8.1900749 -2.5198531 -2.9375505
v 8.190115 -2.520658 -2.9377129
l 1795 1796
v 8.1897993 -2.5143218 -2.9364338
v 8.1900749 -2.5198531 -2.9375505
l 1797 1798
v 8.1900911 -2.5201907 -2.9376187
v 8.1900749 -2.5198531 -2.9375505
l 1799 1800
v 8.1900749 -2.5198531 -2.9375505
v 8.1898184 -2.5147114 -2.9365125
l 1801 1802
v 8.1664343 -2.7087457 -2.9216087
v 8.164073 -2.714092 -2.9206164
l 1803 1804
v 8.164073 -2.714092 -2.9206164
v 8.1653919 -2.7111042 -2.9211709
l 1805 1806
v 8.1637497 -2.7146733 -2.9205379
v 8.164073 -2.714092 -2.9206164
l 1807 1808
v 8.1664343 -2.7087457 -2.9216087
v 8.164073 -2.714092 -2.9206164
l 1809 1810
v 8.1653919 -2.7111042 -2.9211709
v 8.1664343 -2.7087457 -2.9216087
l 1811 1812
v 8.1664343 -2.7087457 -2.9216087
v 8.1682034 -2.7047393 -2.9223523
l 1813 1814
v 8.1285439 -2.7659745 -2.9085429
v 8.1297426 -2.7646277 -2.9089372
l 1815 1816
v 8.1297426 -2.7646277 -2.9089372
v 8.135951 -2.7573643 -2.9100251
l 1817 1818
v 8.1273928 -2.7672675 -2.9081643
v 8.1297426 -2.7646277 -2.9089372
l 1819 1820
v 8.1273928 -2.7672675 -2.9081643
v 8.1285439 -2.7659745 -2.9085429
l 1821 1822
v 8.1273928 -2.7672675 -2.9081643
v 8.1188917 -2.7767899 -2.9052708
l 1823 1824
v 8.1260996 -2.7687159 -2.9077241
v 8.1273928 -2.7672675 -2.9081643
l 1825 1826
v 8.1273928 -2.7672675 -2.9081643
v 8.1297426 -2.7646277 -2.9089372
l 1827 1828
v 8.1273928 -2.7672675 -2.9081643
v 8.1188917 -2.7767899 -2.9052708
l 1829 1830
v 8.1188917 -2.7767899 -2.9052708
v 8.1260996 -2.7687159 -2.9077241
l 1831 1832
v 8.1093082 -2.7858684 -2.9032588
v 8.1188917 -2.7767899 -2.9052708
l 1833 1834
v 8.0867071 -2.3244367 -2.8925879
v 8.0851068 -2.3231642 -2.8924129
l 1835 1836
v 8.0867071 -2.3244367 -2.8925879
v 8.086175 -2.3240139 -2.8925297
l 1837 1838
v 8.0907125 -2.3276315 -2.8929765
v 8.0867071 -2.3244367 -2.8925879
l 1839 1840
v 8.0867071 -2.3244367 -2.8925879
v 8.0851068 -2.3231642 -2.8924129
l 1841 1842
v 8.086175 -2.3240139 -2.8925297
v 8.0851068 -2.3231642 -2.8924129
l 1843 1844
v 8.0851068 -2.3231642 -2.8924129
v 8.078042 -2.3177025 -2.8908648
l 1845 1846
v 7.8905387 -2.2848201 -2.9529829
v 7.9122272 -2.2841027 -2.9431808
l 1847 1848
v 7.9122272 -2.2841027 -2.9431808
v 7.9022264 -2.2844336 -2.9477005
l 1849 1850
v 7.9238896 -2.2843714 -2.9384038
v 7.9122272 -2.2841027 -2.9431808
l 1851 1852
v 7.8905387 -2.2848201 -2.9529829
v 7.9122272 -2.2841027 -2.9431808
l 1853 1854
v 7.9022264 -2.2844336 -2.9477005
v 7.8905387 -2.2848201 -2.9529829
l 1855 1856
v 7.8905387 -2.2848201 -2.9529829
v 7.889225 -2.2848635 -2.9535518
l 1857 1858
v 7.8538318 -2.8385699 -2.9801757
v 7.846839 -2.8373888 -2.9837775
l 1859 1860
v 7.846839 -2.8373888 -2.9837775
v 7.8256278 -2.8322856 -2.9958508
l 1861 1862
v 7.846839 -2.8373888 -2.9837775
v 7.8529501 -2.8384209 -2.9806297
l 1863 1864
v 7.8289213 -2.8330779 -2.9939761
v 7.846839 -2.8373888 -2.9837775
l 1865 1866
v 7.8538318 -2.8385699 -2.9801757
v 7.846839 -2.8373888 -2.9837775
l 1867 1868
v 7.8529501 -2.8384209 -2.9806297
v 7.8538318 -2.8385699 -2.9801757
l 1869 1870
v 7.8538318 -2.8385699 -2.9801757
v 7.8686786 -2.841089 -2.972214
l 1871 1872
v 7.846839 -2.8373888 -2.9837775
v 7.8256278 -2.8322856 -2.9958508
l 1873 1874
v 7.8225102 -2.8313022 -2.9978015
v 7.8256278 -2.8322856 -2.9958508
l 1875 1876
v 7.8256278 -2.8322856 -2.9958508
v 7.8289213 -2.8330779 -2.9939761
l 1877 1878
v 7.7801118 -2.8165724 -3.0212924
v 7.7626314 -2.8090045 -3.0309014
l 1879 1880
v 7.7626314 -2.8090045 -3.0309014
v 7.7738276 -2.8138516 -3.0247469
l 1881 1882
v 7.7551551 -2.8052013 -3.0353255
v 7.7626314 -2.8090045 -3.0309014
l 1883 1884
v 7.7801118 -2.8165724 -3.0212924
v 7.7626314 -2.8090045 -3.0309014
l 1885 1886
v 7.7738276 -2.8138516 -3.0247469
v 7.7801118 -2.8165724 -3.0212924
l 1887 1888
v 7.7801118 -2.8165724 -3.0212924
v 7.7835221 -2.818049 -3.0194175
l 1889 1890
v 7.7515273 -2.3245966 -3.0310292
v 7.7621346 -2.3192005 -3.0247524
l 1891 1892
v 7.7621346 -2.3192005 -3.0247524
v 7.7576475 -2.3214831 -3.0274074
l 1893 1894
v 7.7824368 -2.310411 -3.013592
v 7.7621346 -2.3192005 -3.0247524
l 1895 1896
v 7.7515273 -2.3245966 -3.0310292
v 7.7621346 -2.3192005 -3.0247524
l 1897 1898
v 7.7576475 -2.3214831 -3.0274074
v 7.7515273 -2.3245966 -3.0310292
l 1899 1900
v 7.7515273 -2.3245966 -3.0310292
v 7.7419281 -2.3294697 -3.0364466
l 1901 1902
v 7.7399068 -2.2903218 -3.0130084
v 7.7413387 -2.2903218 -3.0188165
l 1903 1904
v 7.7399068 -2.2903218 -3.0130084
v 7.7259817 -2.2903218 -3.0173216
l 1905 1906
v 7.7399368 -2.2904956 -3.0131304
v 7.7399068 -2.2903218 -3.0130084
l 1907 1908
v 7.7415409 -2.3020065 -3.0213208
v 7.741539 -2.3019691 -3.0212934
l 1909 1910
v 7.7414522 -2.3005133 -3.0202215
v 7.7415409 -2.3020065 -3.0213208
l 1911 1912
v 7.7415991 -2.3033316 -3.0220397
v 7.7415409 -2.3020065 -3.0213208
l 1913 1914
v 7.7413654 -2.2990572 -3.0191495
v 7.7414522 -2.3005133 -3.0202215
l 1915 1916
v 7.7415347 -2.3018987 -3.0212417
v 7.7414522 -2.3005133 -3.0202215
l 1917 1918
v 7.7414522 -2.3005133 -3.0202215
v 7.7414498 -2.3004735 -3.0201921
l 1919 1920
v 7.7414522 -2.3005133 -3.0202215
v 7.7415409 -2.3020065 -3.0213208
l 1921 1922
v 7.741365 -2.2990477 -3.0191424
v 7.7414522 -2.3005133 -3.0202215
l 1923 1924
v 7.7413654 -2.2990572 -3.0191495
v 7.7414522 -2.3005133 -3.0202215
l 1925 1926
v 7.7414498 -2.3004735 -3.0201921
v 7.7413654 -2.2990572 -3.0191495
l 1927 1928
v 7.7413654 -2.2990572 -3.0191495
v 7.741365 -2.2990477 -3.0191424
l 1929 1930
v 7.7399368 -2.2904956 -3.0131304
v 7.7404299 -2.2933464 -3.0151293
l 1931 1932
v 7.7399368 -2.2904956 -3.0131304
v 7.7399068 -2.2903218 -3.0130084
l 1933 1934
v 7.7399368 -2.2904956 -3.0131304
v 7.7401834 -2.2919211 -3.0141299
l 1935 1936
v 7.7399368 -2.2904956 -3.0131304
v 7.7404299 -2.2933464 -3.0151293
l 1937 1938
v 7.7404299 -2.2933464 -3.0151293
v 7.7404103 -2.2932336 -3.0150502
l 1939 1940
v 7.7406621 -2.2946897 -3.0160711
v 7.7404299 -2.2933464 -3.0151293
l 1941 1942
v 7.7409134 -2.2961454 -3.0170918
v 7.7406764 -2.2947719 -3.0161288
l 1943 1944
v 7.7409134 -2.2961454 -3.0170918
v 7.7411652 -2.2976015 -3.0181129
l 1945 1946
v 7.7409225 -2.2961972 -3.017128
v 7.7409134 -2.2961454 -3.0170918
l 1947 1948
v 7.7409134 -2.2961454 -3.0170918
v 7.741169 -2.2976224 -3.0181277
l 1949 1950
v 7.7406621 -2.2946897 -3.0160711
v 7.7409134 -2.2961454 -3.0170918
l 1951 1952
v 7.7406764 -2.2947719 -3.0161288
v 7.7406621 -2.2946897 -3.0160711
l 1953 1954
v 7.7406621 -2.2946897 -3.0160711
v 7.7409134 -2.2961454 -3.0170918
l 1955 1956
v 7.7406621 -2.2946897 -3.0160711
v 7.7404299 -2.2933464 -3.0151293
l 1957 1958
v 7.7409134 -2.2961454 -3.0170918
v 7.7411652 -2.2976015 -3.0181129
l 1959 1960
v 7.7411652 -2.2976015 -3.0181129
v 7.7409225 -2.2961972 -3.017128
l 1961 1962
v 7.741169 -2.2976224 -3.0181277
v 7.7411652 -2.2976015 -3.0181129
l 1963 1964
v 7.7409134 -2.2961454 -3.0170918
v 7.741169 -2.2976224 -3.0181277
l 1965 1966
v 7.741169 -2.2976224 -3.0181277
v 7.7411652 -2.2976015 -3.0181129
l 1967 1968
v 7.7413387 -2.298605 -3.0188165
v 7.741169 -2.2976224 -3.0181277
l 1969 1970
v 7.7408633 -2.3136971 -3.027998
v 7.7409763 -2.3128414 -3.0274913
l 1971 1972
v 7.741529 -2.3086522 -3.0250111
v 7.7408633 -2.3136971 -3.027998
l 1973 1974
v 7.739913 -2.3174474 -3.0303471
v 7.7408633 -2.3136971 -3.027998
l 1975 1976
v 7.7409763 -2.3128414 -3.0274913
v 7.741529 -2.3086522 -3.0250111
l 1977 1978
v 7.741529 -2.3086522 -3.0250111
v 7.7408633 -2.3136971 -3.027998
l 1979 1980
v 7.741529 -2.3086522 -3.0250111
v 7.7415376 -2.3080466 -3.0246727
l 1981 1982
v 7.7268176 -2.7900586 -3.0518355
v 7.7303314 -2.7932622 -3.0490649
l 1983 1984
v 7.7303314 -2.7932622 -3.0490649
v 7.7289352 -2.7919896 -3.0501654
l 1985 1986
v 7.7320538 -2.7952483 -3.0474758
v 7.7303314 -2.7932622 -3.0490649
l 1987 1988
v 7.7268176 -2.7900586 -3.0518355
v 7.7303314 -2.7932622 -3.0490649
l 1989 1990
v 7.7289352 -2.7919896 -3.0501654
v 7.7268176 -2.7900586 -3.0518355
l 1991 1992
v 7.7268176 -2.7900586 -3.0518355
v 7.7261486 -2.7895796 -3.0522904
l 1993 1994
v 7.7413611 -2.814508 -3.0341599
v 7.7405539 -2.8113213 -3.0361562
l 1995 1996
v 7.7401381 -2.8096807 -3.0371838
v 7.7413611 -2.814508 -3.0341599
l 1997 1998
v 7.7415519 -2.8159506 -3.0333059
v 7.7413611 -2.814508 -3.0341599
l 1999 2000
v 7.7405539 -2.8113213 -3.0361562
v 7.7401381 -2.8096807 -3.0371838
l 2001 2002
v 7.7401381 -2.8096807 -3.0371838
v 7.739078 -2.8069069 -3.0390222
l 2003 2004
v 7.7401381 -2.8096807 -3.0371838
v 7.7413611 -2.814508 -3.0341599
l 2005 2006
v 7.73839 -2.8051069 -3.0402153
v 7.7401381 -2.8096807 -3.0371838
l 2007 2008
v 7.739078 -2.8069069 -3.0390222
v 7.73839 -2.8051069 -3.0402153
l 2009 2010
v 7.73839 -2.8051069 -3.0402153
v 7.7371516 -2.802737 -3.0418804
l 2011 2012
v 7.73839 -2.8051069 -3.0402153
v 7.7401381 -2.8096807 -3.0371838
l 2013 2014
v 7.7361507 -2.8008223 -3.0432253
v 7.73839 -2.8051069 -3.0402153
l 2015 2016
v 7.7371516 -2.802737 -3.0418804
v 7.7361507 -2.8008223 -3.0432253
l 2017 2018
v 7.7361507 -2.8008223 -3.0432253
v 7.73839 -2.8051069 -3.0402153
l 2019 2020
v 7.7361507 -2.8008223 -3.0432253
v 7.7348013 -2.798841 -3.0447061
l 2021 2022
v 7.7416496 -2.835083 -3.0226643
v 7.7415867 -2.8365166 -3.0218871
l 2023 2024
v 7.7415409 -2.8375602 -3.0213208
v 7.7415867 -2.8365166 -3.0218871
l 2025 2026
v 7.7415867 -2.8365166 -3.0218871
v 7.7415905 -2.8364275 -3.0219352
l 2027 2028
v 7.7416496 -2.835083 -3.0226643
v 7.7415867 -2.8365166 -3.0218871
l 2029 2030
v 7.7417126 -2.8336499 -3.0234418
v 7.7416496 -2.835083 -3.0226643
l 2031 2032
v 7.7415905 -2.8364275 -3.0219352
v 7.7416496 -2.835083 -3.0226643
l 2033 2034
v 7.7416496 -2.835083 -3.0226643
v 7.7416544 -2.8349714 -3.0227249
l 2035 2036
v 7.7417183 -2.8335156 -3.0235145
v 7.7416496 -2.835083 -3.0226643
l 2037 2038
v 7.7417126 -2.8336499 -3.0234418
v 7.7416496 -2.835083 -3.0226643
l 2039 2040
v 7.7417126 -2.8336499 -3.0234418
v 7.7417183 -2.8335156 -3.0235145
l 2041 2042
v 7.7416544 -2.8349714 -3.0227249
v 7.7417126 -2.8336499 -3.0234418
l 2043 2044
v 7.7417126 -2.8336499 -3.0234418
v 7.7417183 -2.8335156 -3.0235145
l 2045 2046
v 7.7417183 -2.8335156 -3.0235145
v 7.741775 -2.8322165 -3.0242193
l 2047 2048
v 7.7417183 -2.8335156 -3.0235145
v 7.7416496 -2.835083 -3.0226643
l 2049 2050
v 7.7453923 -2.8378832 -3.0689905
v 7.7415218 -2.8378832 -3.0210831
l 2051 2052
v 7.7415218 -2.8378832 -3.0210831
v 7.7415409 -2.8375602 -3.0213208
l 2053 2054
v 7.7396102 -2.8378832 -3.0216751
v 7.7415218 -2.8378832 -3.0210831
l 2055 2056
v 7.5959139 -2.2903218 -3.0417316
v 7.6053524 -2.2903218 -3.0413196
l 2057 2058
v 7.6039848 -2.2903218 -3.0413792
v 7.5959139 -2.2903218 -3.0417316
l 2059 2060
v 7.5959139 -2.2903218 -3.0417316
v 7.5759177 -2.2903218 -3.0417054
l 2061 2062
v 7.5959139 -2.2903218 -3.0417316
v 7.6053524 -2.2903218 -3.0413196
l 2063 2064
v 7.6053524 -2.2903218 -3.0413196
v 7.6039848 -2.2903218 -3.0413792
l 2065 2066
v 7.6056027 -2.2903218 -3.0413086
v 7.6053524 -2.2903218 -3.0413196
l 2067 2068
v 7.5001726 -2.8378832 -3.0477734
v 7.49508 -2.8378832 -3.047749
l 2069 2070
v 7.49508 -2.8378832 -3.047749
v 7.4996357 -2.8378832 -3.0477707
l 2071 2072
v 7.4843359 -2.8378832 -3.0476978
v 7.49508 -2.8378832 -3.047749
l 2073 2074
v 7.5177522 -2.8378832 -3.047857
v 7.5001726 -2.8378832 -3.0477734
l 2075 2076
v 7.5012927 -2.8378832 -3.0477786
v 7.5177522 -2.8378832 -3.047857
l 2077 2078
v 7.5177522 -2.8378832 -3.047857
v 7.5366464 -2.8378832 -3.0479472
l 2079 2080
v 7.4843359 -2.8378832 -3.0476978
v 7.4772015 -2.8378832 -3.0476298
l 2081 2082
v 7.4828672 -2.8378832 -3.0476837
v 7.4843359 -2.8378832 -3.0476978
l 2083 2084
v 7.4843359 -2.8378832 -3.0476978
v 7.49508 -2.8378832 -3.047749
l 2085 2086
v 7.4843359 -2.8378832 -3.0476978
v 7.4772015 -2.8378832 -3.0476298
l 2087 2088
v 7.4772015 -2.8378832 -3.0476298
v 7.4828672 -2.8378832 -3.0476837
l 2089 2090
v 7.4720888 -2.8378832 -3.047581
v 7.4772015 -2.8378832 -3.0476298
l 2091 2092
v 7.4645152 -2.8378832 -3.047509
v 7.4574461 -2.8378832 -3.0474415
l 2093 2094
v 7.4574461 -2.8378832 -3.0474415
v 7.4626217 -2.8378832 -3.0474908
l 2095 2096
v 7.4574461 -2.8378832 -3.0474415
v 7.4470925 -2.8378832 -3.047343
l 2097 2098
v 7.4652472 -2.8378832 -3.0475159
v 7.4574461 -2.8378832 -3.0474415
l 2099 2100
v 7.4055576 -2.8378832 -3.0467913
v 7.3925776 -2.8378832 -3.0465875
l 2101 2102
v 7.3925776 -2.8378832 -3.0465875
v 7.3988051 -2.8378832 -3.0466852
l 2103 2104
v 7.3885303 -2.8378832 -3.046524
v 7.3925776 -2.8378832 -3.0465875
l 2105 2106
v 7.4055576 -2.8378832 -3.0467913
v 7.3925776 -2.8378832 -3.0465875
l 2107 2108
v 7.3988051 -2.8378832 -3.0466852
v 7.4055576 -2.8378832 -3.0467913
l 2109 2110
v 7.4097176 -2.8378832 -3.0468566
v 7.4055576 -2.8378832 -3.0467913
l 2111 2112
v 7.4055576 -2.8378832 -3.0467913
v 7.406765 -2.8378832 -3.0468102
l 2113 2114
v 7.4138279 -2.8378832 -3.046921
v 7.4055576 -2.8378832 -3.0467913
l 2115 2116
v 7.4394655 -2.8378832 -3.0472703
v 7.4323182 -2.8378832 -3.0472021
l 2117 2118
v 7.4358974 -2.8378832 -3.0472362
v 7.4394655 -2.8378832 -3.0472703
l 2119 2120
v 7.4394655 -2.8378832 -3.0472703
v 7.4411016 -2.8378832 -3.0472858
l 2121 2122
v 7.4394655 -2.8378832 -3.0472703
v 7.4323182 -2.8378832 -3.0472021
l 2123 2124
v 7.4323182 -2.8378832 -3.0472021
v 7.4358974 -2.8378832 -3.0472362
l 2125 2126
v 7.4308367 -2.8378832 -3.047188
v 7.4323182 -2.8378832 -3.0472021
l 2127 2128
v 7.2685037 -2.8378832 -3.0431075
v 7.2389865 -2.8378832 -3.0418096
l 2129 2130
v 7.2389865 -2.8378832 -3.0418096
v 7.2660556 -2.8378832 -3.0429997
l 2131 2132
v 7.2381744 -2.8378832 -3.0417738
v 7.2389865 -2.8378832 -3.0418096
l 2133 2134
v 7.2685037 -2.8378832 -3.0431075
v 7.2389865 -2.8378832 -3.0418096
l 2135 2136
v 7.2660556 -2.8378832 -3.0429997
v 7.2685037 -2.8378832 -3.0431075
l 2137 2138
v 7.2685037 -2.8378832 -3.0431075
v 7.2793269 -2.8378832 -3.0435834
l 2139 2140
v 7.4165277 -2.2903218 -3.0406606
v 7.426518 -2.2903218 -3.0408175
l 2141 2142
v 7.426518 -2.2903218 -3.0408175
v 7.4212852 -2.2903218 -3.0407352
l 2143 2144
v 7.4308367 -2.2903218 -3.0408852
v 7.426518 -2.2903218 -3.0408175
l 2145 2146
v 7.4074244 -2.2903218 -3.0405178
v 7.4165277 -2.2903218 -3.0406606
l 2147 2148
v 7.4094281 -2.2903218 -3.040549
v 7.4074244 -2.2903218 -3.0405178
l 2149 2150
v 7.3923645 -2.2903218 -3.0402813
v 7.4074244 -2.2903218 -3.0405178
l 2151 2152
v 7.3923645 -2.2903218 -3.0402813
v 7.4020648 -2.2903218 -3.0404336
l 2153 2154
v 7.3967543 -2.2903218 -3.0403502
v 7.3923645 -2.2903218 -3.0402813
l 2155 2156
v 7.3923645 -2.2903218 -3.0402813
v 7.3800087 -2.2903218 -3.0400875
l 2157 2158
v 7.3923645 -2.2903218 -3.0402813
v 7.4074244 -2.2903218 -3.0405178
l 2159 2160
v 7.4851947 -2.2903218 -3.041399
v 7.4914546 -2.2903218 -3.0414288
l 2161 2162
v 7.489213 -2.2903218 -3.0414181
v 7.4851947 -2.2903218 -3.041399
l 2163 2164
v 7.4851947 -2.2903218 -3.041399
v 7.4843359 -2.2903218 -3.0413949
l 2165 2166
v 7.4404993 -2.2903218 -3.0409772
v 7.4503365 -2.2903218 -3.0410709
l 2167 2168
v 7.4452085 -2.2903218 -3.0410221
v 7.4404993 -2.2903218 -3.0409772
l 2169 2170
v 7.4404993 -2.2903218 -3.0409772
v 7.4358974 -2.2903218 -3.0409334
l 2171 2172
v 7.4503365 -2.2903218 -3.0410709
v 7.4562397 -2.2903218 -3.0411272
l 2173 2174
v 7.4562397 -2.2903218 -3.0411272
v 7.4560146 -2.2903218 -3.0411251
l 2175 2176
v 7.4562397 -2.2903218 -3.0411272
v 7.4636898 -2.2903218 -3.0411983
l 2177 2178
v 7.4914546 -2.2903218 -3.0414288
v 7.5183005 -2.2903218 -3.0415568
l 2179 2180
v 7.4987135 -2.2903218 -3.0414634
v 7.5183005 -2.2903218 -3.0415568
l 2181 2182
v 7.5183005 -2.2903218 -3.0415568
v 7.5350909 -2.2903218 -3.0416369
l 2183 2184
v 7.1981125 -2.2903218 -3.0326879
v 7.225235 -2.2903218 -3.0343854
l 2185 2186
v 7.225235 -2.2903218 -3.0343854
v 7.2006369 -2.2903218 -3.0328457
l 2187 2188
v 7.2301302 -2.2903218 -3.0346918
v 7.225235 -2.2903218 -3.0343854
l 2189 2190
v 7.1981125 -2.2903218 -3.0326879
v 7.225235 -2.2903218 -3.0343854
l 2191 2192
v 7.2006369 -2.2903218 -3.0328457
v 7.1981125 -2.2903218 -3.0326879
l 2193 2194
v 7.1981125 -2.2903218 -3.0326879
v 7.1856723 -2.2903218 -3.0319092
l 2195 2196
v 7.1293664 -2.2976015 -3.0323071
v 7.1294312 -2.2961454 -3.0315053
l 2197 2198
v 7.1293197 -2.2986491 -3.0328841
v 7.1294312 -2.2961454 -3.0315053
l 2199 2200
v 7.1294475 -2.295783 -3.0313058
v 7.1294312 -2.2961454 -3.0315053
l 2201 2202
v 7.1294312 -2.2961454 -3.0315053
v 7.1293836 -2.2972162 -3.032095
l 2203 2204
v 7.1293664 -2.2976015 -3.0323071
v 7.1294312 -2.2961454 -3.0315053
l 2205 2206
v 7.1293836 -2.2972162 -3.032095
v 7.1293664 -2.2976015 -3.0323071
l 2207 2208
v 7.1293664 -2.2976015 -3.0323071
v 7.1293197 -2.2986491 -3.0328841
l 2209 2210
v 7.1293197 -2.2986491 -3.0328841
v 7.1294312 -2.2961454 -3.0315053
l 2211 2212
v 7.1293664 -2.2976015 -3.0323071
v 7.1293197 -2.2986491 -3.0328841
l 2213 2214
v 7.1293197 -2.2986491 -3.0328841
v 7.1293015 -2.2990572 -3.0331089
l 2215 2216
v 7.1410089 -2.8378832 -3.0356214
v 7.1291847 -2.8378832 -3.0345554
l 2217 2218
v 7.140594 -2.8378832 -3.035584
v 7.1410089 -2.8378832 -3.0356214
l 2219 2220
v 7.1410089 -2.8378832 -3.0356214
v 7.145844 -2.8378832 -3.0359719
l 2221 2222
v 7.1291847 -2.8378832 -3.0345554
v 7.1291199 -2.8364275 -3.035357
l 2223 2224
v 7.1291199 -2.8364275 -3.035357
v 7.1291409 -2.8368998 -3.0350969
l 2225 2226
v 7.1290774 -2.8354669 -3.035886
v 7.1291199 -2.8364275 -3.035357
l 2227 2228
v 7.129055 -2.8349714 -3.036159
v 7.1289496 -2.8326008 -3.0374646
l 2229 2230
v 7.129055 -2.8349714 -3.036159
v 7.1288857 -2.8311677 -3.0382538
l 2231 2232
v 7.129055 -2.8349714 -3.036159
v 7.1287961 -2.8291478 -3.0393662
l 2233 2234
v 7.129055 -2.8349714 -3.036159
v 7.1287584 -2.8283017 -3.0398324
l 2235 2236
v 7.129055 -2.8349714 -3.036159
v 7.1290774 -2.8354669 -3.035886
l 2237 2238
v 7.129055 -2.8349714 -3.036159
v 7.1289902 -2.8335156 -3.0369606
l 2239 2240
v 7.1290135 -2.8340337 -3.0366755
v 7.129055 -2.8349714 -3.036159
l 2241 2242
v 7.1289496 -2.8326008 -3.0374646
v 7.1289902 -2.8335156 -3.0369606
l 2243 2244
v 7.129055 -2.8349714 -3.036159
v 7.1289902 -2.8335156 -3.0369606
l 2245 2246
v 7.1289902 -2.8335156 -3.0369606
v 7.1290135 -2.8340337 -3.0366755
l 2247 2248
v 7.129055 -2.8349714 -3.036159
v 7.1288857 -2.8311677 -3.0382538
l 2249 2250
v 7.1288857 -2.8311677 -3.0382538
v 7.1289258 -2.8320596 -3.0377626
l 2251 2252
v 7.1288857 -2.8311677 -3.0382538
v 7.1288223 -2.8297348 -3.0390429
l 2253 2254
v 7.128861 -2.8306038 -3.0385644
v 7.1288857 -2.8311677 -3.0382538
l 2255 2256
v 7.1288857 -2.8311677 -3.0382538
v 7.1287961 -2.8291478 -3.0393662
l 2257 2258
v 7.129055 -2.8349714 -3.036159
v 7.1289496 -2.8326008 -3.0374646
l 2259 2260
v 7.1289496 -2.8326008 -3.0374646
v 7.1289902 -2.8335156 -3.0369606
l 2261 2262
v 7.1289258 -2.8320596 -3.0377626
v 7.1289496 -2.8326008 -3.0374646
l 2263 2264
v 7.129055 -2.8349714 -3.036159
v 7.1287961 -2.8291478 -3.0393662
l 2265 2266
v 7.1288857 -2.8311677 -3.0382538
v 7.1287961 -2.8291478 -3.0393662
l 2267 2268
v 7.1287961 -2.8291478 -3.0393662
v 7.1288223 -2.8297348 -3.0390429
l 2269 2270
v 7.1287584 -2.8283017 -3.0398324
v 7.1287961 -2.8291478 -3.0393662
l 2271 2272
v 7.1287584 -2.8283017 -3.0398324
v 7.1286945 -2.8268688 -3.0406215
l 2273 2274
v 7.1286945 -2.8268688 -3.0406215
v 7.1286306 -2.8254356 -3.0414107
l 2275 2276
v 7.1286945 -2.8268688 -3.0406215
v 7.1287313 -2.8276918 -3.040168
l 2277 2278
v 7.1286664 -2.826236 -3.0409698
v 7.1286945 -2.8268688 -3.0406215
l 2279 2280
v 7.1287584 -2.8283017 -3.0398324
v 7.1286945 -2.8268688 -3.0406215
l 2281 2282
v 7.129055 -2.8349714 -3.036159
v 7.1287584 -2.8283017 -3.0398324
l 2283 2284
v 7.1287313 -2.8276918 -3.040168
v 7.1287584 -2.8283017 -3.0398324
l 2285 2286
v 7.1287584 -2.8283017 -3.0398324
v 7.1287961 -2.8291478 -3.0393662
l 2287 2288
v 7.1286945 -2.8268688 -3.0406215
v 7.1286306 -2.8254356 -3.0414107
l 2289 2290
v 7.1286306 -2.8254356 -3.0414107
v 7.1286664 -2.826236 -3.0409698
l 2291 2292
v 7.1286016 -2.82478 -3.0417717
v 7.1286306 -2.8254356 -3.0414107
l 2293 2294
v 6.8904586 -2.8405347 -2.9927528
v 6.9024382 -2.8418481 -2.9951792
l 2295 2296
v 6.8927341 -2.8407841 -2.9932137
v 6.9024382 -2.8418481 -2.9951792
l 2297 2298
v 6.9024382 -2.8418481 -2.9951792
v 6.9071169 -2.8423593 -2.9959354
l 2299 2300
v 6.8904586 -2.8405347 -2.9927528
v 6.9024382 -2.8418481 -2.9951792
l 2301 2302
v 6.8904586 -2.8405347 -2.9927528
v 6.8927341 -2.8407841 -2.9932137
l 2303 2304
v 6.8874726 -2.8402073 -2.9921482
v 6.8904586 -2.8405347 -2.9927528
l 2305 2306
v 6.868052 -2.8372254 -2.9888582
v 6.8708572 -2.8376563 -2.9893334
l 2307 2308
v 6.8674479 -2.837106 -2.988776
v 6.868052 -2.8372254 -2.9888582
l 2309 2310
v 6.8874726 -2.8402073 -2.9921482
v 6.868052 -2.8372254 -2.9888582
l 2311 2312
v 6.8708572 -2.8376563 -2.9893334
v 6.8874726 -2.8402073 -2.9921482
l 2313 2314
v 6.8874726 -2.8402073 -2.9921482
v 6.868052 -2.8372254 -2.9888582
l 2315 2316
v 6.8874726 -2.8402073 -2.9921482
v 6.8904586 -2.8405347 -2.9927528
l 2317 2318
v 6.7956357 -2.8181381 -2.9769664
v 6.8014317 -2.8200915 -2.9780517
l 2319 2320
v 6.8014317 -2.8200915 -2.9780517
v 6.8115392 -2.8234828 -2.9793677
l 2321 2322
v 6.7972674 -2.8186879 -2.9772718
v 6.8014317 -2.8200915 -2.9780517
l 2323 2324
v 6.8337836 -2.8297517 -2.9831657
v 6.8300691 -2.8288453 -2.9824257
l 2325 2326
v 6.8300691 -2.8288453 -2.9824257
v 6.8325825 -2.8294585 -2.9829264
l 2327 2328
v 6.8300691 -2.8288453 -2.9824257
v 6.8139215 -2.824172 -2.9797609
l 2329 2330
v 6.8337836 -2.8297517 -2.9831657
v 6.8300691 -2.8288453 -2.9824257
l 2331 2332
v 6.8325825 -2.8294585 -2.9829264
v 6.8337836 -2.8297517 -2.9831657
l 2333 2334
v 6.8337836 -2.8297517 -2.9831657
v 6.848928 -2.8334322 -2.9854088
l 2335 2336
v 6.793334 -2.8173623 -2.9765356
v 6.7956357 -2.8181381 -2.9769664
l 2337 2338
v 6.7972674 -2.8186879 -2.9772718
v 6.793334 -2.8173623 -2.9765356
l 2339 2340
v 6.7777038 -2.8113565 -2.9741657
v 6.793334 -2.8173623 -2.9765356
l 2341 2342
v 6.7956357 -2.8181381 -2.9769664
v 6.7972674 -2.8186879 -2.9772718
l 2343 2344
v 6.7972674 -2.8186879 -2.9772718
v 6.793334 -2.8173623 -2.9765356
l 2345 2346
v 6.7972674 -2.8186879 -2.9772718
v 6.8014317 -2.8200915 -2.9780517
l 2347 2348
v 6.7564034 -2.7945504 -2.9746611
v 6.7593145 -2.7969928 -2.974653
l 2349 2350
v 6.7564034 -2.7945504 -2.9746611
v 6.7422051 -2.7801049 -2.9761062
l 2351 2352
v 6.7703781 -2.8062744 -2.9746222
v 6.7564034 -2.7945504 -2.9746611
l 2353 2354
v 6.7490606 -2.7870796 -2.9754083
v 6.7564034 -2.7945504 -2.9746611
l 2355 2356
v 6.7593145 -2.7969928 -2.974653
v 6.7703781 -2.8062744 -2.9746222
l 2357 2358
v 6.7703781 -2.8062744 -2.9746222
v 6.7564034 -2.7945504 -2.9746611
l 2359 2360
v 6.7703781 -2.8062744 -2.9746222
v 6.7706771 -2.806524 -2.9746044
l 2361 2362
v 6.7121091 -2.7403948 -2.9819002
v 6.7131524 -2.7420032 -2.9818037
l 2363 2364
v 6.7121091 -2.7403948 -2.9819002
v 6.7128229 -2.7414951 -2.9818342
l 2365 2366
v 6.7095428 -2.7364171 -2.9819665
v 6.7121091 -2.7403948 -2.9819002
l 2367 2368
v 6.7121091 -2.7403948 -2.9819002
v 6.7131524 -2.7420032 -2.9818037
l 2369 2370
v 6.7131524 -2.7420032 -2.9818037
v 6.7138691 -2.7431083 -2.9817374
l 2371 2372
v 6.7128229 -2.7414951 -2.9818342
v 6.7131524 -2.7420032 -2.9818037
l 2373 2374
v 6.7232838 -2.7573643 -2.9788122
v 6.7267718 -2.761688 -2.97826
l 2375 2376
v 6.7297711 -2.7654057 -2.9777853
v 6.7232838 -2.7573643 -2.9788122
l 2377 2378
v 6.7138691 -2.7431083 -2.9817374
v 6.7232838 -2.7573643 -2.9788122
l 2379 2380
v 6.7267718 -2.761688 -2.97826
v 6.7297711 -2.7654057 -2.9777853
l 2381 2382
v 6.7297711 -2.7654057 -2.9777853
v 6.7232838 -2.7573643 -2.9788122
l 2383 2384
v 6.7297711 -2.7654057 -2.9777853
v 6.7389555 -2.7767899 -2.9763315
l 2385 2386
v 6.7564034 -2.7945504 -2.9746611
v 6.7422051 -2.7801049 -2.9761062
l 2387 2388
v 6.7422051 -2.7801049 -2.9761062
v 6.7490606 -2.7870796 -2.9754083
l 2389 2390
v 6.7406082 -2.7784801 -2.9762688
v 6.7422051 -2.7801049 -2.9761062
l 2391 2392
v 6.688642 -2.6905324 -2.9876516
v 6.6916876 -2.6981807 -2.9864562
l 2393 2394
v 6.6978402 -2.7136314 -2.9840412
v 6.688642 -2.6905324 -2.9876516
l 2395 2396
v 6.6868815 -2.6844225 -2.988987
v 6.688642 -2.6905324 -2.9876516
l 2397 2398
v 6.6916876 -2.6981807 -2.9864562
v 6.6978402 -2.7136314 -2.9840412
l 2399 2400
v 6.6978402 -2.7136314 -2.9840412
v 6.688642 -2.6905324 -2.9876516
l 2401 2402
v 6.6978402 -2.7136314 -2.9840412
v 6.6980238 -2.714092 -2.9839692
l 2403 2404
v 6.684866 -2.67713 -2.989526
v 6.6868815 -2.6844225 -2.988987
l 2405 2406
v 6.6868815 -2.6844225 -2.988987
v 6.688642 -2.6905324 -2.9876516
l 2407 2408
v 6.6861157 -2.6816506 -2.9891918
v 6.6868815 -2.6844225 -2.988987
l 2409 2410
v 6.6774235 -2.6402845 -2.9931746
v 6.6790729 -2.6499875 -2.9920223
l 2411 2412
v 6.6777644 -2.6422901 -2.9929364
v 6.6790729 -2.6499875 -2.9920223
l 2413 2414
v 6.6790729 -2.6499875 -2.9920223
v 6.6817746 -2.6658821 -2.9901347
l 2415 2416
v 6.684866 -2.67713 -2.989526
v 6.6868815 -2.6844225 -2.988987
l 2417 2418
v 6.6841903 -2.6746707 -2.9896591
v 6.684866 -2.67713 -2.989526
l 2419 2420
v 6.684866 -2.67713 -2.989526
v 6.6861157 -2.6816506 -2.9891918
l 2421 2422
v 6.6774235 -2.6402845 -2.9931746
v 6.6790729 -2.6499875 -2.9920223
l 2423 2424
v 6.6774235 -2.6402845 -2.9931746
v 6.6777644 -2.6422901 -2.9929364
l 2425 2426
v 6.6765599 -2.6275358 -2.9954922
v 6.6774235 -2.6402845 -2.9931746
l 2427 2428
v 6.6765599 -2.6275358 -2.9954922
v 6.6757922 -2.6138833 -2.996032
l 2429 2430
v 6.6765599 -2.6275358 -2.9954922
v 6.6774235 -2.6402845 -2.9931746
l 2431 2432
v 6.6763997 -2.6246824 -2.995605
v 6.6765599 -2.6275358 -2.9954922
l 2433 2434
v 6.6765599 -2.6275358 -2.9954922
v 6.6757922 -2.6138833 -2.996032
l 2435 2436
v 6.6757922 -2.6138833 -2.996032
v 6.6757607 -2.6083519 -2.9964197
l 2437 2438
v 6.6757922 -2.6138833 -2.996032
v 6.6763997 -2.6246824 -2.995605
l 2439 2440
v 6.6757741 -2.6106436 -2.996259
v 6.6757922 -2.6138833 -2.996032
l 2441 2442
v 6.6757116 -2.5996156 -2.9970317
v 6.6756802 -2.5941017 -2.9974179
l 2443 2444
v 6.6756802 -2.5941017 -2.9974179
v 6.6756983 -2.5972896 -2.9971945
l 2445 2446
v 6.6756668 -2.5917585 -2.997582
v 6.6756802 -2.5941017 -2.9974179
l 2447 2448
v 6.6757116 -2.5996156 -2.9970317
v 6.6756802 -2.5941017 -2.9974179
l 2449 2450
v 6.6756983 -2.5972896 -2.9971945
v 6.6757116 -2.5996156 -2.9970317
l 2451 2452
v 6.6757116 -2.5996156 -2.9970317
v 6.6757298 -2.6028209 -2.9968071
l 2453 2454
v 6.6757922 -2.6138833 -2.996032
v 6.6757607 -2.6083519 -2.9964197
l 2455 2456
v 6.6757607 -2.6083519 -2.9964197
v 6.6757741 -2.6106436 -2.996259
l 2457 2458
v 6.6757426 -2.6051297 -2.9966452
v 6.6757607 -2.6083519 -2.9964197
l 2459 2460
v 6.6756358 -2.5862274 -2.9979696
v 6.6756043 -2.5806961 -2.9983571
l 2461 2462
v 6.6756043 -2.5806961 -2.9983571
v 6.6756177 -2.5830739 -2.9981904
l 2463 2464
v 6.6755867 -2.5775599 -2.9985769
v 6.6756043 -2.5806961 -2.9983571
l 2465 2466
v 6.6756358 -2.5862274 -2.9979696
v 6.6756043 -2.5806961 -2.9983571
l 2467 2468
v 6.6756177 -2.5830739 -2.9981904
v 6.6756358 -2.5862274 -2.9979696
l 2469 2470
v 6.6756358 -2.5862274 -2.9979696
v 6.6756492 -2.5885878 -2.9978042
l 2471 2472
v 6.6756506 -2.5506806 -2.9977832
v 6.6756372 -2.5530403 -2.9979486
l 2473 2474
v 6.6756554 -2.5498829 -2.9977274
v 6.6756506 -2.5506806 -2.9977832
l 2475 2476
v 6.6756196 -2.5561948 -2.9981697
v 6.6756506 -2.5506806 -2.9977832
l 2477 2478
v 6.6756372 -2.5530403 -2.9979486
v 6.6756196 -2.5561948 -2.9981697
l 2479 2480
v 6.6756196 -2.5561948 -2.9981697
v 6.6756506 -2.5506806 -2.9977832
l 2481 2482
v 6.6755881 -2.5617087 -2.9985559
v 6.6756196 -2.5561948 -2.9981697
l 2483 2484
v 6.6756196 -2.5561948 -2.9981697
v 6.6756063 -2.5585713 -2.9983361
l 2485 2486
v 6.675561 -2.5665114 -2.9988923
v 6.6756196 -2.5561948 -2.9981697
l 2487 2488
v 6.6758251 -2.5198531 -2.9956236
v 6.6758566 -2.5143218 -2.9952362
l 2489 2490
v 6.6759825 -2.5120823 -2.9951475
v 6.6758566 -2.5143218 -2.9952362
l 2491 2492
v 6.6758566 -2.5143218 -2.9952362
v 6.675838 -2.5175967 -2.9954655
l 2493 2494
v 6.6758251 -2.5198531 -2.9956236
v 6.6758566 -2.5143218 -2.9952362
l 2495 2496
v 6.6757755 -2.5286248 -2.9962382
v 6.6758251 -2.5198531 -2.9956236
l 2497 2498
v 6.6758251 -2.5198531 -2.9956236
v 6.6757131 -2.5396528 -2.9970107
l 2499 2500
v 6.675838 -2.5175967 -2.9954655
v 6.6758251 -2.5198531 -2.9956236
l 2501 2502
v 6.6758251 -2.5198531 -2.9956236
v 6.675807 -2.5231109 -2.9958518
l 2503 2504
v 6.6758251 -2.5198531 -2.9956236
v 6.6756687 -2.547509 -2.997561
l 2505 2506
v 6.6757445 -2.5341387 -2.9966245
v 6.6757755 -2.5286248 -2.9962382
l 2507 2508
v 6.6757755 -2.5286248 -2.9962382
v 6.6758251 -2.5198531 -2.9956236
l 2509 2510
v 6.6757755 -2.5286248 -2.9962382
v 6.6757627 -2.5309155 -2.9963987
l 2511 2512
v 6.6757941 -2.5253842 -2.996011
v 6.6757755 -2.5286248 -2.9962382
l 2513 2514
v 6.6757312 -2.5364466 -2.9967861
v 6.6757755 -2.5286248 -2.9962382
l 2515 2516
v 6.6757131 -2.5396528 -2.9970107
v 6.6757755 -2.5286248 -2.9962382
l 2517 2518
v 6.6757445 -2.5341387 -2.9966245
v 6.6757755 -2.5286248 -2.9962382
l 2519 2520
v 6.6757627 -2.5309155 -2.9963987
v 6.6757445 -2.5341387 -2.9966245
l 2521 2522
v 6.6757445 -2.5341387 -2.9966245
v 6.6757312 -2.5364466 -2.9967861
l 2523 2524
v 6.6756687 -2.547509 -2.997561
v 6.6757131 -2.5396528 -2.9970107
l 2525 2526
v 6.6756687 -2.547509 -2.997561
v 6.6756554 -2.5498829 -2.9977274
l 2527 2528
v 6.6756687 -2.547509 -2.997561
v 6.6757002 -2.5419779 -2.9971735
l 2529 2530
v 6.6756821 -2.5451667 -2.9973969
v 6.6756687 -2.547509 -2.997561
l 2531 2532
v 6.6758251 -2.5198531 -2.9956236
v 6.6756687 -2.547509 -2.997561
l 2533 2534
v 6.6756687 -2.547509 -2.997561
v 6.6757131 -2.5396528 -2.9970107
l 2535 2536
v 6.6758251 -2.5198531 -2.9956236
v 6.6757131 -2.5396528 -2.9970107
l 2537 2538
v 6.6757312 -2.5364466 -2.9967861
v 6.6757131 -2.5396528 -2.9970107
l 2539 2540
v 6.6757131 -2.5396528 -2.9970107
v 6.6757002 -2.5419779 -2.9971735
l 2541 2542
v 6.6757131 -2.5396528 -2.9970107
v 6.6757755 -2.5286248 -2.9962382
l 2543 2544
v 6.6757312 -2.5364466 -2.9967861
v 6.6757131 -2.5396528 -2.9970107
l 2545 2546
v 6.6757312 -2.5364466 -2.9967861
v 6.6757755 -2.5286248 -2.9962382
l 2547 2548
v 6.6757445 -2.5341387 -2.9966245
v 6.6757312 -2.5364466 -2.9967861
l 2549 2550
v 24.074301 4.6250199e-17 2.7225361
v 23.899271 0 2.1538494
l 2551 2552
v 23.882755 -0.0023454519 2.1655836
v 23.899271 0 2.1538494
l 2553 2554
v 23.899271 0 2.1538494
v 23.882755 0.0023454519 2.1655836
l 2555 2556
v 8.1907444 2.580483 -2.9402676
v 8.190835 2.5749691 -2.9406343
l 2557 2558
v 8.190835 2.5749691 -2.9406343
v 8.1908312 2.575165 -2.9406211
l 2559 2560
v 8.1909199 2.5697834 -2.940979
v 8.190835 2.5749691 -2.9406343
l 2561 2562
v 8.1907444 2.580483 -2.9402676
v 8.190835 2.5749691 -2.9406343
l 2563 2564
v 8.1908312 2.575165 -2.9406211
v 8.1907444 2.580483 -2.9402676
l 2565 2566
v 8.1907444 2.580483 -2.9402676
v 8.1907406 2.5806961 -2.9402535
l 2567 2568
v 8.19065 2.5862274 -2.9398856
v 8.1907406 2.5806961 -2.9402535
l 2569 2570
v 8.1907406 2.5806961 -2.9402535
v 8.1906538 2.5859969 -2.9399009
l 2571 2572
v 8.1907444 2.580483 -2.9402676
v 8.1907406 2.5806961 -2.9402535
l 2573 2574
v 8.19065 2.5862274 -2.9398856
v 8.1907406 2.5806961 -2.9402535
l 2575 2576
v 8.1906538 2.5859969 -2.9399009
v 8.19065 2.5862274 -2.9398856
l 2577 2578
v 8.19065 2.5862274 -2.9398856
v 8.1905632 2.5915108 -2.9395344
l 2579 2580
v 8.1902876 2.6083519 -2.9384148
v 8.190383 2.6025388 -2.9388013
l 2581 2582
v 8.1904688 2.5972896 -2.9391503
v 8.190383 2.6025388 -2.9388013
l 2583 2584
v 8.190383 2.6025388 -2.9388013
v 8.1903782 2.6028209 -2.9387825
l 2585 2586
v 8.1902876 2.6083519 -2.9384148
v 8.190383 2.6025388 -2.9388013
l 2587 2588
v 8.1902924 2.6080527 -2.9384346
v 8.1902876 2.6083519 -2.9384148
l 2589 2590
v 8.1902876 2.6083519 -2.9384148
v 8.1902018 2.6135666 -2.9380682
l 2591 2592
v 8.1905584 2.5477576 -2.9395146
v 8.1904907 2.5435874 -2.9392374
l 2593 2594
v 8.1904907 2.5435874 -2.9392374
v 8.1905546 2.547509 -2.9394979
l 2595 2596
v 8.1904678 2.5422437 -2.9391479
v 8.1904907 2.5435874 -2.9392374
l 2597 2598
v 8.1905584 2.5477576 -2.9395146
v 8.1904907 2.5435874 -2.9392374
l 2599 2600
v 8.1905546 2.547509 -2.9394979
v 8.1905584 2.5477576 -2.9395146
l 2601 2602
v 8.1905584 2.5477576 -2.9395146
v 8.1906452 2.5530403 -2.9398658
l 2603 2604
v 8.1907396 2.5587854 -2.9402478
v 8.1905584 2.5477576 -2.9395146
l 2605 2606
v 8.1907358 2.5585713 -2.9402335
v 8.1905584 2.5477576 -2.9395146
l 2607 2608
v 8.1906452 2.5530403 -2.9398658
v 8.190649 2.5532715 -2.9398811
l 2609 2610
v 8.1905584 2.5477576 -2.9395146
v 8.1906452 2.5530403 -2.9398658
l 2611 2612
v 8.1907358 2.5585713 -2.9402335
v 8.1906452 2.5530403 -2.9398658
l 2613 2614
v 8.190649 2.5532715 -2.9398811
v 8.1907358 2.5585713 -2.9402335
l 2615 2616
v 8.1907358 2.5585713 -2.9402335
v 8.1906452 2.5530403 -2.9398658
l 2617 2618
v 8.1907358 2.5585713 -2.9402335
v 8.1905584 2.5477576 -2.9395146
l 2619 2620
v 8.1907358 2.5585713 -2.9402335
v 8.1907396 2.5587854 -2.9402478
l 2621 2622
v 8.1907396 2.5587854 -2.9402478
v 8.1905584 2.5477576 -2.9395146
l 2623 2624
v 8.1907396 2.5587854 -2.9402478
v 8.1908264 2.5641026 -2.9406013
l 2625 2626
v 8.1907358 2.5585713 -2.9402335
v 8.1907396 2.5587854 -2.9402478
l 2627 2628
v 8.1086702 2.3435133 -2.8958941
v 8.1116838 2.3463678 -2.8965268
l 2629 2630
v 8.0982628 2.3336546 -2.8937092
v 8.1086702 2.3435133 -2.8958941
l 2631 2632
v 8.1086702 2.3435133 -2.8958941
v 8.117012 2.3514152 -2.8976455
l 2633 2634
v 8.0851068 2.3231642 -2.8924129
v 8.0867071 2.3244367 -2.8925879
l 2635 2636
v 8.0867071 2.3244367 -2.8925879
v 8.0907125 2.3276315 -2.8929765
l 2637 2638
v 8.086175 2.3240139 -2.8925297
v 8.0867071 2.3244367 -2.8925879
l 2639 2640
v 8.117012 2.3514152 -2.8976455
v 8.12533 2.3607323 -2.9004765
l 2641 2642
v 8.1116838 2.3463678 -2.8965268
v 8.117012 2.3514152 -2.8976455
l 2643 2644
v 8.1273928 2.3630431 -2.9011786
v 8.117012 2.3514152 -2.8976455
l 2645 2646
v 8.1086702 2.3435133 -2.8958941
v 8.117012 2.3514152 -2.8976455
l 2647 2648
v 8.12533 2.3607323 -2.9004765
v 8.1273928 2.3630431 -2.9011786
l 2649 2650
v 8.1273928 2.3630431 -2.9011786
v 8.117012 2.3514152 -2.8976455
l 2651 2652
v 8.1273928 2.3630431 -2.9011786
v 8.1335945 2.3700113 -2.903219
l 2653 2654
v 8.1297426 2.7646277 -2.9089372
v 8.1285439 2.7659745 -2.9085429
l 2655 2656
v 8.135951 2.7573643 -2.9100251
v 8.1297426 2.7646277 -2.9089372
l 2657 2658
v 8.1297426 2.7646277 -2.9089372
v 8.1273928 2.7672675 -2.9081643
l 2659 2660
v 8.1285439 2.7659745 -2.9085429
v 8.1273928 2.7672675 -2.9081643
l 2661 2662
v 8.1273928 2.7672675 -2.9081643
v 8.1260996 2.7687159 -2.9077241
l 2663 2664
v 8.1297426 2.7646277 -2.9089372
v 8.1273928 2.7672675 -2.9081643
l 2665 2666
v 8.0851068 2.3231642 -2.8924129
v 8.0867071 2.3244367 -2.8925879
l 2667 2668
v 8.0851068 2.3231642 -2.8924129
v 8.086175 2.3240139 -2.8925297
l 2669 2670
v 8.078042 2.3177025 -2.8908648
v 8.0851068 2.3231642 -2.8924129
l 2671 2672
v 8.0422287 2.3047225 -2.8976552
v 8.0240355 2.2993598 -2.9020677
l 2673 2674
v 8.0422287 2.3047225 -2.8976552
v 8.0463009 2.3061035 -2.896848
l 2675 2676
v 8.03687 2.3031433 -2.8989546
v 8.0422287 2.3047225 -2.8976552
l 2677 2678
v 8.0422287 2.3047225 -2.8976552
v 8.0240355 2.2993598 -2.9020677
l 2679 2680
v 8.0240355 2.2993598 -2.9020677
v 8.03687 2.3031433 -2.8989546
l 2681 2682
v 8.0187273 2.2980306 -2.9035904
v 8.0240355 2.2993598 -2.9020677
l 2683 2684
v 8.078042 2.3177025 -2.8908648
v 8.0602264 2.3108428 -2.8938737
l 2685 2686
v 8.078042 2.3177025 -2.8908648
v 8.0851068 2.3231642 -2.8924129
l 2687 2688
v 8.0723248 2.3155012 -2.8918304
v 8.078042 2.3177025 -2.8908648
l 2689 2690
v 8.078042 2.3177025 -2.8908648
v 8.0602264 2.3108428 -2.8938737
l 2691 2692
v 8.0602264 2.3108428 -2.8938737
v 8.0723248 2.3155012 -2.8918304
l 2693 2694
v 8.054739 2.3089752 -2.8950458
v 8.0602264 2.3108428 -2.8938737
l 2695 2696
v 7.9282928 2.2844729 -2.9365587
v 7.9284892 2.2844775 -2.9364648
l 2697 2698
v 7.9274464 2.2844532 -2.9369469
v 7.9282928 2.2844729 -2.9365587
l 2699 2700
v 7.9282928 2.2844729 -2.9365587
v 7.9312177 2.2845414 -2.9351602
l 2701 2702
v 7.9284892 2.2844775 -2.9364648
v 7.9312177 2.2845414 -2.9351602
l 2703 2704
v 7.9312177 2.2845414 -2.9351602
v 7.9434233 2.2853909 -2.9298875
l 2705 2706
v 7.9282928 2.2844729 -2.9365587
v 7.9312177 2.2845414 -2.9351602
l 2707 2708
v 8.0040789 2.8342478 -2.9180524
v 8.0006723 2.8349452 -2.919095
l 2709 2710
v 8.0006723 2.8349452 -2.919095
v 7.9895358 2.8372254 -2.9225039
l 2711 2712
v 8.0063276 2.8337872 -2.9173641
v 8.0006723 2.8349452 -2.919095
l 2713 2714
v 8.0063276 2.8337872 -2.9173641
v 8.0040789 2.8342478 -2.9180524
l 2715 2716
v 8.0080557 2.8334322 -2.9168093
v 8.0063276 2.8337872 -2.9173641
l 2717 2718
v 8.0063276 2.8337872 -2.9173641
v 8.0006723 2.8349452 -2.919095
l 2719 2720
v 7.8538313 2.2893095 -2.9713552
v 7.8538318 2.2893095 -2.971355
l 2721 2722
v 7.8538318 2.2893095 -2.971355
v 7.8667579 2.2871163 -2.9644232
l 2723 2724
v 7.8449097 2.2908163 -2.9759505
v 7.8538318 2.2893095 -2.971355
l 2725 2726
v 7.8449097 2.2908163 -2.9759505
v 7.8538313 2.2893095 -2.9713552
l 2727 2728
v 7.8449097 2.2908163 -2.9759505
v 7.8538318 2.2893095 -2.971355
l 2729 2730
v 7.8341637 2.2934017 -2.9820671
v 7.8449097 2.2908163 -2.9759505
l 2731 2732
v 7.8256278 2.8322856 -2.9958508
v 7.846839 2.8373888 -2.9837775
l 2733 2734
v 7.8256278 2.8322856 -2.9958508
v 7.8225102 2.8313022 -2.9978015
l 2735 2736
v 7.8289213 2.8330779 -2.9939761
v 7.8256278 2.8322856 -2.9958508
l 2737 2738
v 7.8256278 2.8322856 -2.9958508
v 7.846839 2.8373888 -2.9837775
l 2739 2740
v 7.846839 2.8373888 -2.9837775
v 7.8289213 2.8330779 -2.9939761
l 2741 2742
v 7.8529501 2.8384209 -2.9806297
v 7.846839 2.8373888 -2.9837775
l 2743 2744
v 7.7421012 2.82478 -3.0282524
v 7.7420268 2.8195529 -3.031173
l 2745 2746
v 7.741888 2.818501 -3.031796
v 7.7420268 2.8195529 -3.031173
l 2747 2748
v 7.7420268 2.8195529 -3.031173
v 7.742044 2.8207655 -3.0304954
l 2749 2750
v 7.7421012 2.82478 -3.0282524
v 7.7420268 2.8195529 -3.031173
l 2751 2752
v 7.742044 2.8207655 -3.0304954
v 7.7421012 2.82478 -3.0282524
l 2753 2754
v 7.7420373 2.826236 -3.0274627
v 7.7421012 2.82478 -3.0282524
l 2755 2756
v 7.7421012 2.82478 -3.0282524
v 7.7420893 2.8250496 -3.0281062
l 2757 2758
v 7.7419009 2.8293498 -3.025774
v 7.7419639 2.8279161 -3.0265515
l 2759 2760
v 7.7418461 2.8306038 -3.0250938
v 7.7419639 2.8279161 -3.0265515
l 2761 2762
v 7.7419639 2.8279161 -3.0265515
v 7.7419095 2.8291478 -3.0258834
l 2763 2764
v 7.7419734 2.8276918 -3.0266731
v 7.7419639 2.8279161 -3.0265515
l 2765 2766
v 7.7417822 2.8320596 -3.0243042
v 7.7419639 2.8279161 -3.0265515
l 2767 2768
v 7.7419009 2.8293498 -3.025774
v 7.7419639 2.8279161 -3.0265515
l 2769 2770
v 7.7419095 2.8291478 -3.0258834
v 7.7419009 2.8293498 -3.025774
l 2771 2772
v 7.7419009 2.8293498 -3.025774
v 7.7418461 2.8306038 -3.0250938
l 2773 2774
v 7.7418461 2.8306038 -3.0250938
v 7.7419639 2.8279161 -3.0265515
l 2775 2776
v 7.7417822 2.8320596 -3.0243042
v 7.7418461 2.8306038 -3.0250938
l 2777 2778
v 7.7419009 2.8293498 -3.025774
v 7.7418461 2.8306038 -3.0250938
l 2779 2780
v 7.7418461 2.8306038 -3.0250938
v 7.741838 2.8307831 -3.0249965
l 2781 2782
v 7.7417822 2.8320596 -3.0243042
v 7.7418461 2.8306038 -3.0250938
l 2783 2784
v 7.7417126 2.8336499 -3.0234418
v 7.7417822 2.8320596 -3.0243042
l 2785 2786
v 7.741838 2.8307831 -3.0249965
v 7.7417822 2.8320596 -3.0243042
l 2787 2788
v 7.7417183 2.8335156 -3.0235145
v 7.7417822 2.8320596 -3.0243042
l 2789 2790
v 7.7417822 2.8320596 -3.0243042
v 7.741775 2.8322165 -3.0242193
l 2791 2792
v 7.7417822 2.8320596 -3.0243042
v 7.7419639 2.8279161 -3.0265515
l 2793 2794
v 7.7416496 2.835083 -3.0226643
v 7.7417822 2.8320596 -3.0243042
l 2795 2796
v 7.7416496 2.835083 -3.0226643
v 7.7417126 2.8336499 -3.0234418
l 2797 2798
v 7.7417126 2.8336499 -3.0234418
v 7.7417822 2.8320596 -3.0243042
l 2799 2800
v 7.7417126 2.8336499 -3.0234418
v 7.7416544 2.8349714 -3.0227249
l 2801 2802
v 7.7417183 2.8335156 -3.0235145
v 7.7417126 2.8336499 -3.0234418
l 2803 2804
v 7.7416496 2.835083 -3.0226643
v 7.7417126 2.8336499 -3.0234418
l 2805 2806
v 7.7416544 2.8349714 -3.0227249
v 7.7416496 2.835083 -3.0226643
l 2807 2808
v 7.7416496 2.835083 -3.0226643
v 7.7417822 2.8320596 -3.0243042
l 2809 2810
v 7.7416496 2.835083 -3.0226643
v 7.7415905 2.8364275 -3.0219352
l 2811 2812
v 7.7415218 2.8378832 -3.0210831
v 7.7453923 2.8378832 -3.0689905
l 2813 2814
v 7.7415409 2.8375602 -3.0213208
v 7.7415218 2.8378832 -3.0210831
l 2815 2816
v 7.7415218 2.8378832 -3.0210831
v 7.7396102 2.8378832 -3.0216751
l 2817 2818
v 7.7303314 2.7932622 -3.0490649
v 7.7268176 2.7900586 -3.0518355
l 2819 2820
v 7.7268176 2.7900586 -3.0518355
v 7.7289352 2.7919896 -3.0501654
l 2821 2822
v 7.7261486 2.7895796 -3.0522904
v 7.7268176 2.7900586 -3.0518355
l 2823 2824
v 7.7303314 2.7932622 -3.0490649
v 7.7268176 2.7900586 -3.0518355
l 2825 2826
v 7.7289352 2.7919896 -3.0501654
v 7.7303314 2.7932622 -3.0490649
l 2827 2828
v 7.7303314 2.7932622 -3.0490649
v 7.7320538 2.7952483 -3.0474758
l 2829 2830
v 7.7401381 2.8096807 -3.0371838
v 7.7405539 2.8113213 -3.0361562
l 2831 2832
v 7.7413611 2.814508 -3.0341599
v 7.7401381 2.8096807 -3.0371838
l 2833 2834
v 7.739078 2.8069069 -3.0390222
v 7.7401381 2.8096807 -3.0371838
l 2835 2836
v 7.7405539 2.8113213 -3.0361562
v 7.7413611 2.814508 -3.0341599
l 2837 2838
v 7.7413611 2.814508 -3.0341599
v 7.7401381 2.8096807 -3.0371838
l 2839 2840
v 7.7413611 2.814508 -3.0341599
v 7.7415519 2.8159506 -3.0333059
l 2841 2842
v 7.7626314 2.8090045 -3.0309014
v 7.7801118 2.8165724 -3.0212924
l 2843 2844
v 7.7738276 2.8138516 -3.0247469
v 7.7626314 2.8090045 -3.0309014
l 2845 2846
v 7.7626314 2.8090045 -3.0309014
v 7.7551551 2.8052013 -3.0353255
l 2847 2848
v 7.7626314 2.8090045 -3.0309014
v 7.7801118 2.8165724 -3.0212924
l 2849 2850
v 7.7801118 2.8165724 -3.0212924
v 7.7738276 2.8138516 -3.0247469
l 2851 2852
v 7.7835221 2.818049 -3.0194175
v 7.7801118 2.8165724 -3.0212924
l 2853 2854
v 7.7224479 2.3409188 -3.0483062
v 7.7263198 2.3381467 -3.0456736
l 2855 2856
v 7.7263198 2.3381467 -3.0456736
v 7.7244906 2.3394563 -3.0469172
l 2857 2858
v 7.7280059 2.3366091 -3.0443439
v 7.7263198 2.3381467 -3.0456736
l 2859 2860
v 7.7224479 2.3409188 -3.0483062
v 7.7263198 2.3381467 -3.0456736
l 2861 2862
v 7.7244906 2.3394563 -3.0469172
v 7.7224479 2.3409188 -3.0483062
l 2863 2864
v 7.7224479 2.3409188 -3.0483062
v 7.7330017 2.3347161 -3.0418811
l 2865 2866
v 7.7241192 2.3409188 -3.0689905
v 7.7224479 2.3409188 -3.0483062
l 2867 2868
v 7.741529 2.3086522 -3.0250111
v 7.7409763 2.3128414 -3.0274913
l 2869 2870
v 7.7408633 2.3136971 -3.027998
v 7.741529 2.3086522 -3.0250111
l 2871 2872
v 7.7415376 2.3080466 -3.0246727
v 7.741529 2.3086522 -3.0250111
l 2873 2874
v 7.7409763 2.3128414 -3.0274913
v 7.7408633 2.3136971 -3.027998
l 2875 2876
v 7.7408633 2.3136971 -3.027998
v 7.741529 2.3086522 -3.0250111
l 2877 2878
v 7.7408633 2.3136971 -3.027998
v 7.739913 2.3174474 -3.0303471
l 2879 2880
v 7.741539 2.3019691 -3.0212934
v 7.7414522 2.3005133 -3.0202215
l 2881 2882
v 7.741539 2.3019691 -3.0212934
v 7.7415409 2.3020065 -3.0213208
l 2883 2884
v 7.7415347 2.3018987 -3.0212417
v 7.741539 2.3019691 -3.0212934
l 2885 2886
v 7.741539 2.3019691 -3.0212934
v 7.7414498 2.3004735 -3.0201921
l 2887 2888
v 7.7399068 2.2903218 -3.0130084
v 7.7413387 2.2903218 -3.0188165
l 2889 2890
v 7.7259817 2.2903218 -3.0173216
v 7.7399068 2.2903218 -3.0130084
l 2891 2892
v 7.7401586 2.2917778 -3.0140295
v 7.7399068 2.2903218 -3.0130084
l 2893 2894
v 7.7404103 2.2932336 -3.0150502
v 7.7401586 2.2917778 -3.0140295
l 2895 2896
v 7.7401586 2.2917778 -3.0140295
v 7.7401834 2.2919211 -3.0141299
l 2897 2898
v 7.7404299 2.2933464 -3.0151293
v 7.7401586 2.2917778 -3.0140295
l 2899 2900
v 7.7401586 2.2917778 -3.0140295
v 7.7399068 2.2903218 -3.0130084
l 2901 2902
v 7.7404103 2.2932336 -3.0150502
v 7.7401586 2.2917778 -3.0140295
l 2903 2904
v 7.7401834 2.2919211 -3.0141299
v 7.7404103 2.2932336 -3.0150502
l 2905 2906
v 7.7404103 2.2932336 -3.0150502
v 7.7404299 2.2933464 -3.0151293
l 2907 2908
v 7.7404299 2.2933464 -3.0151293
v 7.7401586 2.2917778 -3.0140295
l 2909 2910
v 7.7404103 2.2932336 -3.0150502
v 7.7404299 2.2933464 -3.0151293
l 2911 2912
v 7.7404299 2.2933464 -3.0151293
v 7.7406621 2.2946897 -3.0160711
l 2913 2914
v 7.741539 2.3019691 -3.0212934
v 7.7414522 2.3005133 -3.0202215
l 2915 2916
v 7.7414498 2.3004735 -3.0201921
v 7.7414522 2.3005133 -3.0202215
l 2917 2918
v 7.7414522 2.3005133 -3.0202215
v 7.7415347 2.3018987 -3.0212417
l 2919 2920
v 7.7414498 2.3004735 -3.0201921
v 7.7414522 2.3005133 -3.0202215
l 2921 2922
v 7.7414498 2.3004735 -3.0201921
v 7.741365 2.2990477 -3.0191424
l 2923 2924
v 7.7413654 2.2990572 -3.0191495
v 7.7414498 2.3004735 -3.0201921
l 2925 2926
v 7.741539 2.3019691 -3.0212934
v 7.7414498 2.3004735 -3.0201921
l 2927 2928
v 7.7406621 2.2946897 -3.0160711
v 7.7406764 2.2947719 -3.0161288
l 2929 2930
v 7.7409134 2.2961454 -3.0170918
v 7.7406621 2.2946897 -3.0160711
l 2931 2932
v 7.7404299 2.2933464 -3.0151293
v 7.7406621 2.2946897 -3.0160711
l 2933 2934
v 7.7406764 2.2947719 -3.0161288
v 7.7409134 2.2961454 -3.0170918
l 2935 2936
v 7.7411652 2.2976015 -3.0181129
v 7.7409134 2.2961454 -3.0170918
l 2937 2938
v 7.7409134 2.2961454 -3.0170918
v 7.7409225 2.2961972 -3.017128
l 2939 2940
v 7.741169 2.2976224 -3.0181277
v 7.7409134 2.2961454 -3.0170918
l 2941 2942
v 7.7409134 2.2961454 -3.0170918
v 7.7406621 2.2946897 -3.0160711
l 2943 2944
v 7.7411652 2.2976015 -3.0181129
v 7.7409134 2.2961454 -3.0170918
l 2945 2946
v 7.7409225 2.2961972 -3.017128
v 7.7411652 2.2976015 -3.0181129
l 2947 2948
v 7.7411652 2.2976015 -3.0181129
v 7.741169 2.2976224 -3.0181277
l 2949 2950
v 7.741169 2.2976224 -3.0181277
v 7.7409134 2.2961454 -3.0170918
l 2951 2952
v 7.7411652 2.2976015 -3.0181129
v 7.741169 2.2976224 -3.0181277
l 2953 2954
v 7.741169 2.2976224 -3.0181277
v 7.7413387 2.298605 -3.0188165
l 2955 2956
v 7.7205434 2.2903218 -3.019006
v 7.7069941 2.2903218 -3.0227406
l 2957 2958
v 7.7082324 2.2903218 -3.0223992
v 7.7205434 2.2903218 -3.019006
l 2959 2960
v 7.7205434 2.2903218 -3.019006
v 7.7259817 2.2903218 -3.0173216
l 2961 2962
v 7.7205434 2.2903218 -3.019006
v 7.7069941 2.2903218 -3.0227406
l 2963 2964
v 7.7069941 2.2903218 -3.0227406
v 7.7082324 2.2903218 -3.0223992
l 2965 2966
v 7.6943765 2.2903218 -3.0262182
v 7.7069941 2.2903218 -3.0227406
l 2967 2968
v 7.6390934 2.2903218 -3.0381203
v 7.6295004 2.2903218 -3.0393262
l 2969 2970
v 7.6295004 2.2903218 -3.0393262
v 7.6368098 2.2903218 -3.0384073
l 2971 2972
v 7.6162891 2.2903218 -3.0408421
v 7.6295004 2.2903218 -3.0393262
l 2973 2974
v 7.6390934 2.2903218 -3.0381203
v 7.6295004 2.2903218 -3.0393262
l 2975 2976
v 7.6368098 2.2903218 -3.0384073
v 7.6390934 2.2903218 -3.0381203
l 2977 2978
v 7.6390934 2.2903218 -3.0381203
v 7.6393342 2.2903218 -3.0380754
l 2979 2980
v 7.6053524 2.2903218 -3.0413196
v 7.5959139 2.2903218 -3.0417316
l 2981 2982
v 7.5959139 2.2903218 -3.0417316
v 7.6039848 2.2903218 -3.0413792
l 2983 2984
v 7.5759177 2.2903218 -3.0417054
v 7.5959139 2.2903218 -3.0417316
l 2985 2986
v 7.6053524 2.2903218 -3.0413196
v 7.5959139 2.2903218 -3.0417316
l 2987 2988
v 7.6039848 2.2903218 -3.0413792
v 7.6053524 2.2903218 -3.0413196
l 2989 2990
v 7.6053524 2.2903218 -3.0413196
v 7.6056027 2.2903218 -3.0413086
l 2991 2992
v 7.4843359 2.2903218 -3.0413949
v 7.4737506 2.2903218 -3.0412941
l 2993 2994
v 7.4783673 2.2903218 -3.041338
v 7.4843359 2.2903218 -3.0413949
l 2995 2996
v 7.4843359 2.2903218 -3.0413949
v 7.4851947 2.2903218 -3.041399
l 2997 2998
v 7.4652472 2.8378832 -3.0475159
v 7.4828672 2.8378832 -3.0476837
l 2999 3000
v 7.4720888 2.8378832 -3.047581
v 7.4828672 2.8378832 -3.0476837
l 3001 3002
v 7.4843359 2.8378832 -3.0476978
v 7.4828672 2.8378832 -3.0476837
l 3003 3004
v 7.4652472 2.8378832 -3.0475159
v 7.4828672 2.8378832 -3.0476837
l 3005 3006
v 7.4720888 2.8378832 -3.047581
v 7.4652472 2.8378832 -3.0475159
l 3007 3008
v 7.4574461 2.8378832 -3.0474415
v 7.4652472 2.8378832 -3.0475159
l 3009 3010
v 7.5012927 2.8378832 -3.0477786
v 7.5366464 2.8378832 -3.0479472
l 3011 3012
v 7.5366464 2.8378832 -3.0479472
v 7.5177522 2.8378832 -3.047857
l 3013 3014
v 7.5393572 2.8378832 -3.04796
v 7.5366464 2.8378832 -3.0479472
l 3015 3016
v 7.5012927 2.8378832 -3.0477786
v 7.5366464 2.8378832 -3.0479472
l 3017 3018
v 7.5177522 2.8378832 -3.047857
v 7.5012927 2.8378832 -3.0477786
l 3019 3020
v 7.4996357 2.8378832 -3.0477707
v 7.5012927 2.8378832 -3.0477786
l 3021 3022
v 7.3967543 2.2903218 -3.0403502
v 7.3800087 2.2903218 -3.0400875
l 3023 3024
v 7.3800087 2.2903218 -3.0400875
v 7.3923645 2.2903218 -3.0402813
l 3025 3026
v 7.3791375 2.2903218 -3.0400736
v 7.3800087 2.2903218 -3.0400875
l 3027 3028
v 7.3967543 2.2903218 -3.0403502
v 7.3800087 2.2903218 -3.0400875
l 3029 3030
v 7.3923645 2.2903218 -3.0402813
v 7.3967543 2.2903218 -3.0403502
l 3031 3032
v 7.4074244 2.2903218 -3.0405178
v 7.3967543 2.2903218 -3.0403502
l 3033 3034
v 7.4151535 2.2903218 -3.0406389
v 7.4074244 2.2903218 -3.0405178
l 3035 3036
v 7.4094281 2.2903218 -3.040549
v 7.4151535 2.2903218 -3.0406389
l 3037 3038
v 7.4165277 2.2903218 -3.0406606
v 7.4151535 2.2903218 -3.0406389
l 3039 3040
v 7.4151535 2.2903218 -3.0406389
v 7.4074244 2.2903218 -3.0405178
l 3041 3042
v 7.4074244 2.2903218 -3.0405178
v 7.4094281 2.2903218 -3.040549
l 3043 3044
v 7.4074244 2.2903218 -3.0405178
v 7.3967543 2.2903218 -3.0403502
l 3045 3046
v 7.3470931 2.2903218 -3.039326
v 7.3788443 2.2903218 -3.0400691
l 3047 3048
v 7.3784614 2.2903218 -3.04006
v 7.3788443 2.2903218 -3.0400691
l 3049 3050
v 7.3788443 2.2903218 -3.0400691
v 7.3791375 2.2903218 -3.0400736
l 3051 3052
v 7.3470931 2.2903218 -3.039326
v 7.3788443 2.2903218 -3.0400691
l 3053 3054
v 7.3470931 2.2903218 -3.039326
v 7.3628535 2.2903218 -3.0396948
l 3055 3056
v 7.3467684 2.2903218 -3.0393176
v 7.3470931 2.2903218 -3.039326
l 3057 3058
v 7.2784963 2.2903218 -3.0370452
v 7.2324462 2.2903218 -3.0348272
l 3059 3060
v 7.2784963 2.2903218 -3.0370452
v 7.2628307 2.2903218 -3.0362906
l 3061 3062
v 7.2784963 2.2903218 -3.0370452
v 7.2793269 2.2903218 -3.0370853
l 3063 3064
v 7.2784963 2.2903218 -3.0370452
v 7.2324462 2.2903218 -3.0348272
l 3065 3066
v 7.2324462 2.2903218 -3.0348272
v 7.2628307 2.2903218 -3.0362906
l 3067 3068
v 7.2318373 2.2903218 -3.0347979
v 7.2324462 2.2903218 -3.0348272
l 3069 3070
v 7.2389865 2.8378832 -3.0418096
v 7.2685037 2.8378832 -3.0431075
l 3071 3072
v 7.2660556 2.8378832 -3.0429997
v 7.2389865 2.8378832 -3.0418096
l 3073 3074
v 7.2389865 2.8378832 -3.0418096
v 7.2381744 2.8378832 -3.0417738
l 3075 3076
v 7.2389865 2.8378832 -3.0418096
v 7.2685037 2.8378832 -3.0431075
l 3077 3078
v 7.2685037 2.8378832 -3.0431075
v 7.2660556 2.8378832 -3.0429997
l 3079 3080
v 7.2793269 2.8378832 -3.0435834
v 7.2685037 2.8378832 -3.0431075
l 3081 3082
v 7.1410089 2.2903218 -3.0283637
v 7.1830373 2.2903218 -3.0316999
l 3083 3084
v 7.1830373 2.2903218 -3.0316999
v 7.1639266 2.2903218 -3.0301828
l 3085 3086
v 7.1830373 2.2903218 -3.0316999
v 7.1856723 2.2903218 -3.0319092
l 3087 3088
v 7.1410089 2.2903218 -3.0283637
v 7.1830373 2.2903218 -3.0316999
l 3089 3090
v 7.1410089 2.2903218 -3.0283637
v 7.1639266 2.2903218 -3.0301828
l 3091 3092
v 7.1371894 2.2903218 -3.0279865
v 7.1410089 2.2903218 -3.0283637
l 3093 3094
v 7.225235 2.2903218 -3.0343854
v 7.1981125 2.2903218 -3.0326879
l 3095 3096
v 7.2006369 2.2903218 -3.0328457
v 7.225235 2.2903218 -3.0343854
l 3097 3098
v 7.225235 2.2903218 -3.0343854
v 7.2301302 2.2903218 -3.0346918
l 3099 3100
v 7.225235 2.2903218 -3.0343854
v 7.1981125 2.2903218 -3.0326879
l 3101 3102
v 7.1981125 2.2903218 -3.0326879
v 7.2006369 2.2903218 -3.0328457
l 3103 3104
v 7.1856723 2.2903218 -3.0319092
v 7.1981125 2.2903218 -3.0326879
l 3105 3106
v 7.1294556 2.2955942 -3.0312018
v 7.1292367 2.3005133 -3.033911
l 3107 3108
v 7.1294556 2.2955942 -3.0312018
v 7.1295104 2.2946897 -3.0305245
l 3109 3110
v 7.1294475 2.295783 -3.0313058
v 7.1294556 2.2955942 -3.0312018
l 3111 3112
v 7.1294556 2.2955942 -3.0312018
v 7.1293836 2.2972162 -3.032095
l 3113 3114
v 7.1294556 2.2955942 -3.0312018
v 7.1291718 2.3019691 -3.0347126
l 3115 3116
v 7.1295104 2.2946897 -3.0305245
v 7.1295304 2.2943571 -3.0302756
l 3117 3118
v 7.1295986 2.2932336 -3.0294342
v 7.1295104 2.2946897 -3.0305245
l 3119 3120
v 7.1294556 2.2955942 -3.0312018
v 7.1295104 2.2946897 -3.0305245
l 3121 3122
v 7.1295304 2.2943571 -3.0302756
v 7.1295986 2.2932336 -3.0294342
l 3123 3124
v 7.1295986 2.2932336 -3.0294342
v 7.1296167 2.292932 -3.0292084
l 3125 3126
v 7.1295986 2.2932336 -3.0294342
v 7.1295104 2.2946897 -3.0305245
l 3127 3128
v 7.1296868 2.2917778 -3.0283444
v 7.1295986 2.2932336 -3.0294342
l 3129 3130
v 7.1297746 2.2903218 -3.0272541
v 7.1296868 2.2917778 -3.0283444
l 3131 3132
v 7.129703 2.2915072 -3.0281417
v 7.1297746 2.2903218 -3.0272541
l 3133 3134
v 7.1297746 2.2903218 -3.0272541
v 7.1264024 2.2903218 -3.0689905
l 3135 3136
v 7.1297746 2.2903218 -3.0272541
v 7.1359248 2.2903218 -3.0278616
l 3137 3138
v 7.1297746 2.2903218 -3.0272541
v 7.1296868 2.2917778 -3.0283444
l 3139 3140
v 7.1296868 2.2917778 -3.0283444
v 7.129703 2.2915072 -3.0281417
l 3141 3142
v 7.1296167 2.292932 -3.0292084
v 7.1296868 2.2917778 -3.0283444
l 3143 3144
v 7.1296868 2.2917778 -3.0283444
v 7.1295986 2.2932336 -3.0294342
l 3145 3146
v 7.1292367 2.3005133 -3.033911
v 7.1291718 2.3019691 -3.0347126
l 3147 3148
v 7.1291718 2.3019691 -3.0347126
v 7.1291924 2.3015151 -3.0344627
l 3149 3150
v 7.1294556 2.2955942 -3.0312018
v 7.1291718 2.3019691 -3.0347126
l 3151 3152
v 7.1291285 2.3029482 -3.0352519
v 7.1291718 2.3019691 -3.0347126
l 3153 3154
v 7.1292367 2.3005133 -3.033911
v 7.1291718 2.3019691 -3.0347126
l 3155 3156
v 7.1293197 2.2986491 -3.0328841
v 7.1292367 2.3005133 -3.033911
l 3157 3158
v 7.1292367 2.3005133 -3.033911
v 7.1292558 2.3000822 -3.0336735
l 3159 3160
v 7.1293836 2.2972162 -3.032095
v 7.1292367 2.3005133 -3.033911
l 3161 3162
v 7.1294556 2.2955942 -3.0312018
v 7.1292367 2.3005133 -3.033911
l 3163 3164
v 7.1291924 2.3015151 -3.0344627
v 7.1292367 2.3005133 -3.033911
l 3165 3166
v 7.1292367 2.3005133 -3.033911
v 7.1292558 2.3000822 -3.0336735
l 3167 3168
v 7.1293197 2.2986491 -3.0328841
v 7.1292558 2.3000822 -3.0336735
l 3169 3170
v 7.1292558 2.3000822 -3.0336735
v 7.1293015 2.2990572 -3.0331089
l 3171 3172
v 7.1293197 2.2986491 -3.0328841
v 7.1292367 2.3005133 -3.033911
l 3173 3174
v 7.1293197 2.2986491 -3.0328841
v 7.1292558 2.3000822 -3.0336735
l 3175 3176
v 7.1293015 2.2990572 -3.0331089
v 7.1293197 2.2986491 -3.0328841
l 3177 3178
v 7.1293836 2.2972162 -3.032095
v 7.1293197 2.2986491 -3.0328841
l 3179 3180
v 7.1293197 2.2986491 -3.0328841
v 7.1293664 2.2976015 -3.0323071
l 3181 3182
v 7.1293836 2.2972162 -3.032095
v 7.1292367 2.3005133 -3.033911
l 3183 3184
v 7.1293836 2.2972162 -3.032095
v 7.1293197 2.2986491 -3.0328841
l 3185 3186
v 7.1293664 2.2976015 -3.0323071
v 7.1293836 2.2972162 -3.032095
l 3187 3188
v 7.1294556 2.2955942 -3.0312018
v 7.1293836 2.2972162 -3.032095
l 3189 3190
v 7.1293836 2.2972162 -3.032095
v 7.1294312 2.2961454 -3.0315053
l 3191 3192
v 7.1485691 2.3409188 -3.057935
v 7.1410089 2.3365493 -3.0549631
l 3193 3194
v 7.1410089 2.3365493 -3.0549631
v 7.1433859 2.337923 -3.0558975
l 3195 3196
v 7.128777 2.3294697 -3.049933
v 7.1410089 2.3365493 -3.0549631
l 3197 3198
v 7.1485691 2.3409188 -3.057935
v 7.1410089 2.3365493 -3.0549631
l 3199 3200
v 7.1433859 2.337923 -3.0558975
v 7.1485691 2.3409188 -3.057935
l 3201 3202
v 7.1446319 2.3381467 -3.0561118
v 7.1485691 2.3409188 -3.057935
l 3203 3204
v 7.1485691 2.3409188 -3.057935
v 7.147676 2.3409188 -3.0689905
l 3205 3206
v 7.1291199 2.8364275 -3.035357
v 7.1291847 2.8378832 -3.0345554
l 3207 3208
v 7.1291847 2.8378832 -3.0345554
v 7.1291409 2.8368998 -3.0350969
l 3209 3210
v 7.1291847 2.8378832 -3.0345554
v 7.1264024 2.8378832 -3.0689905
l 3211 3212
v 7.140594 2.8378832 -3.035584
v 7.1291847 2.8378832 -3.0345554
l 3213 3214
v 7.1291199 2.8364275 -3.035357
v 7.1291847 2.8378832 -3.0345554
l 3215 3216
v 7.1291409 2.8368998 -3.0350969
v 7.1291199 2.8364275 -3.035357
l 3217 3218
v 7.1291199 2.8364275 -3.035357
v 7.1290774 2.8354669 -3.035886
l 3219 3220
v 7.1288857 2.8311677 -3.0382538
v 7.129055 2.8349714 -3.036159
l 3221 3222
v 7.1290774 2.8354669 -3.035886
v 7.129055 2.8349714 -3.036159
l 3223 3224
v 7.1289902 2.8335156 -3.0369606
v 7.129055 2.8349714 -3.036159
l 3225 3226
v 7.129055 2.8349714 -3.036159
v 7.1290135 2.8340337 -3.0366755
l 3227 3228
v 7.1289902 2.8335156 -3.0369606
v 7.1289496 2.8326008 -3.0374646
l 3229 3230
v 7.1289902 2.8335156 -3.0369606
v 7.129055 2.8349714 -3.036159
l 3231 3232
v 7.1290135 2.8340337 -3.0366755
v 7.1289902 2.8335156 -3.0369606
l 3233 3234
v 7.1289258 2.8320596 -3.0377626
v 7.1289902 2.8335156 -3.0369606
l 3235 3236
v 7.1288857 2.8311677 -3.0382538
v 7.1289902 2.8335156 -3.0369606
l 3237 3238
v 7.1289496 2.8326008 -3.0374646
v 7.1289258 2.8320596 -3.0377626
l 3239 3240
v 7.1289258 2.8320596 -3.0377626
v 7.1289902 2.8335156 -3.0369606
l 3241 3242
v 7.1289258 2.8320596 -3.0377626
v 7.1288857 2.8311677 -3.0382538
l 3243 3244
v 7.1288857 2.8311677 -3.0382538
v 7.129055 2.8349714 -3.036159
l 3245 3246
v 7.1287584 2.8283017 -3.0398324
v 7.1288857 2.8311677 -3.0382538
l 3247 3248
v 7.1288223 2.8297348 -3.0390429
v 7.1288857 2.8311677 -3.0382538
l 3249 3250
v 7.1288857 2.8311677 -3.0382538
v 7.128861 2.8306038 -3.0385644
l 3251 3252
v 7.1288857 2.8311677 -3.0382538
v 7.1289902 2.8335156 -3.0369606
l 3253 3254
v 7.1289258 2.8320596 -3.0377626
v 7.1288857 2.8311677 -3.0382538
l 3255 3256
v 7.1286016 2.82478 -3.0417717
v 7.1288857 2.8311677 -3.0382538
l 3257 3258
v 7.1287584 2.8283017 -3.0398324
v 7.1288223 2.8297348 -3.0390429
l 3259 3260
v 7.1288223 2.8297348 -3.0390429
v 7.1287961 2.8291478 -3.0393662
l 3261 3262
v 7.1288223 2.8297348 -3.0390429
v 7.1288857 2.8311677 -3.0382538
l 3263 3264
v 7.128861 2.8306038 -3.0385644
v 7.1288223 2.8297348 -3.0390429
l 3265 3266
v 7.1287584 2.8283017 -3.0398324
v 7.1288223 2.8297348 -3.0390429
l 3267 3268
v 7.1287961 2.8291478 -3.0393662
v 7.1287584 2.8283017 -3.0398324
l 3269 3270
v 7.1287584 2.8283017 -3.0398324
v 7.1288857 2.8311677 -3.0382538
l 3271 3272
v 7.1286945 2.8268688 -3.0406215
v 7.1287584 2.8283017 -3.0398324
l 3273 3274
v 7.1287584 2.8283017 -3.0398324
v 7.1287313 2.8276918 -3.040168
l 3275 3276
v 7.1286664 2.826236 -3.0409698
v 7.1287584 2.8283017 -3.0398324
l 3277 3278
v 7.1286664 2.826236 -3.0409698
v 7.1286306 2.8254356 -3.0414107
l 3279 3280
v 7.1286016 2.82478 -3.0417717
v 7.1286664 2.826236 -3.0409698
l 3281 3282
v 7.1286664 2.826236 -3.0409698
v 7.1287584 2.8283017 -3.0398324
l 3283 3284
v 7.1286306 2.8254356 -3.0414107
v 7.1286016 2.82478 -3.0417717
l 3285 3286
v 7.1286016 2.82478 -3.0417717
v 7.1286664 2.826236 -3.0409698
l 3287 3288
v 7.1286769 2.8195529 -3.0446782
v 7.1286016 2.82478 -3.0417717
l 3289 3290
v 7.1286016 2.82478 -3.0417717
v 7.1288857 2.8311677 -3.0382538
l 3291 3292
v 7.1293526 2.814508 -3.0475378
v 7.1286769 2.8195529 -3.0446782
l 3293 3294
v 7.1286769 2.8195529 -3.0446782
v 7.1289878 2.8172314 -3.045994
l 3295 3296
v 7.1286769 2.8195529 -3.0446782
v 7.1286016 2.82478 -3.0417717
l 3297 3298
v 7.1293526 2.814508 -3.0475378
v 7.1286769 2.8195529 -3.0446782
l 3299 3300
v 7.1289878 2.8172314 -3.045994
v 7.1293526 2.814508 -3.0475378
l 3301 3302
v 7.1305947 2.8096807 -3.0503278
v 7.1293526 2.814508 -3.0475378
l 3303 3304
v 7.1293526 2.814508 -3.0475378
v 7.1298599 2.8125365 -3.0486772
l 3305 3306
v 7.1305947 2.8096807 -3.0503278
v 7.1293526 2.814508 -3.0475378
l 3307 3308
v 7.1298599 2.8125365 -3.0486772
v 7.1305947 2.8096807 -3.0503278
l 3309 3310
v 7.1323695 2.8051069 -3.053025
v 7.1305947 2.8096807 -3.0503278
l 3311 3312
v 6.9999433 2.2877076 -3.0084214
v 7.0155048 2.2901592 -3.012995
l 3313 3314
v 6.9999433 2.2877076 -3.0084214
v 7.0055013 2.2885833 -3.0100548
l 3315 3316
v 6.9961896 2.2871163 -3.0073183
v 6.9999433 2.2877076 -3.0084214
l 3317 3318
v 6.9999433 2.2877076 -3.0084214
v 7.0155048 2.2901592 -3.012995
l 3319 3320
v 7.0055013 2.2885833 -3.0100548
v 7.0155048 2.2901592 -3.012995
l 3321 3322
v 7.0155048 2.2901592 -3.012995
v 7.0196853 2.2908163 -3.0141027
l 3323 3324
v 6.8892212 2.2878804 -2.9839838
v 6.9024382 2.2864313 -2.9866605
l 3325 3326
v 6.9024382 2.2864313 -2.9866605
v 6.9077964 2.2858458 -2.9875264
l 3327 3328
v 6.9024382 2.2864313 -2.9866605
v 6.8881497 2.287998 -2.9837668
l 3329 3330
v 6.8881497 2.287998 -2.9837668
v 6.8892212 2.2878804 -2.9839838
l 3331 3332
v 6.9024382 2.2864313 -2.9866605
v 6.8881497 2.287998 -2.9837668
l 3333 3334
v 6.8851461 2.2884591 -2.9832578
v 6.8881497 2.287998 -2.9837668
l 3335 3336
v 6.7769728 2.3173862 -2.9656742
v 6.790844 2.3120565 -2.967777
l 3337 3338
v 6.790844 2.3120565 -2.967777
v 6.794003 2.3108428 -2.968256
l 3339 3340
v 6.790844 2.3120565 -2.967777
v 6.7761497 2.3177025 -2.9655492
l 3341 3342
v 6.7761497 2.3177025 -2.9655492
v 6.7769728 2.3173862 -2.9656742
l 3343 3344
v 6.790844 2.3120565 -2.967777
v 6.7761497 2.3177025 -2.9655492
l 3345 3346
v 6.7703781 2.3224742 -2.9666018
v 6.7761497 2.3177025 -2.9655492
l 3347 3348
v 6.7587171 2.3321643 -2.9680057
v 6.7703781 2.3224742 -2.9666018
l 3349 3350
v 6.7703781 2.3224742 -2.9666018
v 6.7761497 2.3177025 -2.9655492
l 3351 3352
v 6.7657847 2.3262913 -2.9671547
v 6.7703781 2.3224742 -2.9666018
l 3353 3354
v 6.7703781 2.8062744 -2.9746222
v 6.7593145 2.7969928 -2.974653
l 3355 3356
v 6.7706771 2.806524 -2.9746044
v 6.7703781 2.8062744 -2.9746222
l 3357 3358
v 6.7564034 2.7945504 -2.9746611
v 6.7703781 2.8062744 -2.9746222
l 3359 3360
v 6.7593145 2.7969928 -2.974653
v 6.7564034 2.7945504 -2.9746611
l 3361 3362
v 6.7564034 2.7945504 -2.9746611
v 6.7703781 2.8062744 -2.9746222
l 3363 3364
v 6.7564034 2.7945504 -2.9746611
v 6.7490606 2.7870796 -2.9754083
l 3365 3366
v 6.7121091 2.7403948 -2.9819002
v 6.7131524 2.7420032 -2.9818037
l 3367 3368
v 6.7138691 2.7431083 -2.9817374
v 6.7131524 2.7420032 -2.9818037
l 3369 3370
v 6.7131524 2.7420032 -2.9818037
v 6.7128229 2.7414951 -2.9818342
l 3371 3372
v 6.7121091 2.7403948 -2.9819002
v 6.7131524 2.7420032 -2.9818037
l 3373 3374
v 6.7128229 2.7414951 -2.9818342
v 6.7121091 2.7403948 -2.9819002
l 3375 3376
v 6.7121091 2.7403948 -2.9819002
v 6.7095428 2.7364171 -2.9819665
l 3377 3378
v 6.7406082 2.3502245 -2.970243
v 6.7448764 2.3458819 -2.9698086
l 3379 3380
v 6.7448764 2.3458819 -2.9698086
v 6.7545176 2.3360727 -2.9688272
l 3381 3382
v 6.7417817 2.3490307 -2.9701235
v 6.7448764 2.3458819 -2.9698086
l 3383 3384
v 6.7406082 2.3502245 -2.970243
v 6.7448764 2.3458819 -2.9698086
l 3385 3386
v 6.7406082 2.3502245 -2.970243
v 6.7417817 2.3490307 -2.9701235
l 3387 3388
v 6.7394438 2.3514152 -2.9702871
v 6.7406082 2.3502245 -2.970243
l 3389 3390
v 6.684866 2.4519417 -2.9866254
v 6.6841984 2.4542725 -2.9870846
l 3391 3392
v 6.6842599 2.4540575 -2.9870422
v 6.684866 2.4519417 -2.9866254
l 3393 3394
v 6.684866 2.4519417 -2.9866254
v 6.6889772 2.4376726 -2.9835069
l 3395 3396
v 6.6868815 2.6844225 -2.988987
v 6.684866 2.67713 -2.989526
l 3397 3398
v 6.6861157 2.6816506 -2.9891918
v 6.684866 2.67713 -2.989526
l 3399 3400
v 6.684866 2.67713 -2.989526
v 6.6841903 2.6746707 -2.9896591
l 3401 3402
v 6.6868815 2.6844225 -2.988987
v 6.684866 2.67713 -2.989526
l 3403 3404
v 6.6868815 2.6844225 -2.988987
v 6.6861157 2.6816506 -2.9891918
l 3405 3406
v 6.688642 2.6905324 -2.9876516
v 6.6868815 2.6844225 -2.988987
l 3407 3408
v 6.6777644 2.6422901 -2.9929364
v 6.6817746 2.6658821 -2.9901347
l 3409 3410
v 6.6790729 2.6499875 -2.9920223
v 6.6777644 2.6422901 -2.9929364
l 3411 3412
v 6.6777644 2.6422901 -2.9929364
v 6.6774235 2.6402845 -2.9931746
l 3413 3414
v 6.6777644 2.6422901 -2.9929364
v 6.6817746 2.6658821 -2.9901347
l 3415 3416
v 6.6817746 2.6658821 -2.9901347
v 6.6790729 2.6499875 -2.9920223
l 3417 3418
v 6.6841903 2.6746707 -2.9896591
v 6.6817746 2.6658821 -2.9901347
l 3419 3420
v 6.6755428 2.5697834 -2.9991217
v 6.6755433 2.5696337 -2.9991112
l 3421 3422
v 6.6755552 2.5720458 -2.9989631
v 6.6755428 2.5697834 -2.9991217
l 3423 3424
v 6.675561 2.5665114 -2.9988923
v 6.6755428 2.5697834 -2.9991217
l 3425 3426
v 6.6756043 2.5806961 -2.9983571
v 6.6756358 2.5862274 -2.9979696
l 3427 3428
v 6.6756358 2.5862274 -2.9979696
v 6.6756177 2.5830739 -2.9981904
l 3429 3430
v 6.6756492 2.5885878 -2.9978042
v 6.6756358 2.5862274 -2.9979696
l 3431 3432
v 6.6756043 2.5806961 -2.9983571
v 6.6756358 2.5862274 -2.9979696
l 3433 3434
v 6.6756177 2.5830739 -2.9981904
v 6.6756043 2.5806961 -2.9983571
l 3435 3436
v 6.6756043 2.5806961 -2.9983571
v 6.6755867 2.5775599 -2.9985769
l 3437 3438
v 6.6757607 2.6083519 -2.9964197
v 6.6757922 2.6138833 -2.996032
l 3439 3440
v 6.6757426 2.6051297 -2.9966452
v 6.6757922 2.6138833 -2.996032
l 3441 3442
v 6.6757298 2.6028209 -2.9968071
v 6.6757922 2.6138833 -2.996032
l 3443 3444
v 6.6757922 2.6138833 -2.996032
v 6.6757741 2.6106436 -2.996259
l 3445 3446
v 6.6763997 2.6246824 -2.995605
v 6.6757922 2.6138833 -2.996032
l 3447 3448
v 6.6757607 2.6083519 -2.9964197
v 6.6757922 2.6138833 -2.996032
l 3449 3450
v 6.6757607 2.6083519 -2.9964197
v 6.6757426 2.6051297 -2.9966452
l 3451 3452
v 6.6757741 2.6106436 -2.996259
v 6.6757607 2.6083519 -2.9964197
l 3453 3454
v 6.6757298 2.6028209 -2.9968071
v 6.6757922 2.6138833 -2.996032
l 3455 3456
v 6.6757426 2.6051297 -2.9966452
v 6.6757298 2.6028209 -2.9968071
l 3457 3458
v 6.6757298 2.6028209 -2.9968071
v 6.6757116 2.5996156 -2.9970317
l 3459 3460
v 6.6755433 2.5696337 -2.9991112
v 6.675561 2.5665114 -2.9988923
l 3461 3462
v 6.6756372 2.5530403 -2.9979486
v 6.675561 2.5665114 -2.9988923
l 3463 3464
v 6.675561 2.5665114 -2.9988923
v 6.6755428 2.5697834 -2.9991217
l 3465 3466
v 6.6755881 2.5617087 -2.9985559
v 6.675561 2.5665114 -2.9988923
l 3467 3468
v 6.675561 2.5665114 -2.9988923
v 6.6755748 2.5641026 -2.9987235
l 3469 3470
v 6.6756063 2.5585713 -2.9983361
v 6.675561 2.5665114 -2.9988923
l 3471 3472
v 6.6755881 2.5617087 -2.9985559
v 6.6756063 2.5585713 -2.9983361
l 3473 3474
v 6.6755881 2.5617087 -2.9985559
v 6.675561 2.5665114 -2.9988923
l 3475 3476
v 6.6755748 2.5641026 -2.9987235
v 6.6755881 2.5617087 -2.9985559
l 3477 3478
v 6.6755881 2.5617087 -2.9985559
v 6.6756063 2.5585713 -2.9983361
l 3479 3480
v 6.6756372 2.5530403 -2.9979486
v 6.6756063 2.5585713 -2.9983361
l 3481 3482
v 6.6756063 2.5585713 -2.9983361
v 6.6756196 2.5561948 -2.9981697
l 3483 3484
v 6.6756063 2.5585713 -2.9983361
v 6.675561 2.5665114 -2.9988923
l 3485 3486
v 6.6756372 2.5530403 -2.9979486
v 6.675561 2.5665114 -2.9988923
l 3487 3488
v 6.6756372 2.5530403 -2.9979486
v 6.6756063 2.5585713 -2.9983361
l 3489 3490
v 6.6756196 2.5561948 -2.9981697
v 6.6756372 2.5530403 -2.9979486
l 3491 3492
v 6.6756372 2.5530403 -2.9979486
v 6.6756506 2.5506806 -2.9977832
l 3493 3494
v 6.6759825 2.5120823 -2.9951475
v 6.6765342 2.5039349 -2.9936664
l 3495 3496
v 6.6770773 2.4959202 -2.9922094
v 6.6759825 2.5120823 -2.9951475
l 3497 3498
v 6.6758566 2.5143218 -2.9952362
v 6.6759825 2.5120823 -2.9951475
l 3499 3500
v 6.6765342 2.5039349 -2.9936664
v 6.6770773 2.4959202 -2.9922094
l 3501 3502
v 6.6770773 2.4959202 -2.9922094
v 6.6759825 2.5120823 -2.9951475
l 3503 3504
v 6.6770773 2.4959202 -2.9922094
v 6.677619 2.4879205 -2.9907551
l 3505 3506
v 6.6757131 2.5396528 -2.9970107
v 6.6756687 2.547509 -2.997561
l 3507 3508
v 6.6756554 2.5498829 -2.9977274
v 6.6756687 2.547509 -2.997561
l 3509 3510
v 6.6757002 2.5419779 -2.9971735
v 6.6756687 2.547509 -2.997561
l 3511 3512
v 6.6756687 2.547509 -2.997561
v 6.6756821 2.5451667 -2.9973969
l 3513 3514
v 6.6757131 2.5396528 -2.9970107
v 6.6757312 2.5364466 -2.9967861
l 3515 3516
v 6.6757131 2.5396528 -2.9970107
v 6.6756687 2.547509 -2.997561
l 3517 3518
v 6.6757445 2.5341387 -2.9966245
v 6.6757131 2.5396528 -2.9970107
l 3519 3520
v 6.6757002 2.5419779 -2.9971735
v 6.6757131 2.5396528 -2.9970107
l 3521 3522
v 6.6757312 2.5364466 -2.9967861
v 6.6757445 2.5341387 -2.9966245
l 3523 3524
v 6.6757445 2.5341387 -2.9966245
v 6.6757131 2.5396528 -2.9970107
l 3525 3526
v 6.6757445 2.5341387 -2.9966245
v 6.6757627 2.5309155 -2.9963987
l 3527 3528
v 6.675838 2.5175967 -2.9954655
v 6.675807 2.5231109 -2.9958518
l 3529 3530
v 6.6758251 2.5198531 -2.9956236
v 6.675838 2.5175967 -2.9954655
l 3531 3532
v 6.675838 2.5175967 -2.9954655
v 6.6757627 2.5309155 -2.9963987
l 3533 3534
v 6.675838 2.5175967 -2.9954655
v 6.6758566 2.5143218 -2.9952362
l 3535 3536
v 6.675838 2.5175967 -2.9954655
v 6.675807 2.5231109 -2.9958518
l 3537 3538
v 6.675807 2.5231109 -2.9958518
v 6.6758251 2.5198531 -2.9956236
l 3539 3540
v 6.6757941 2.5253842 -2.996011
v 6.675807 2.5231109 -2.9958518
l 3541 3542
v 6.6757941 2.5253842 -2.996011
v 6.6757627 2.5309155 -2.9963987
l 3543 3544
v 6.6757627 2.5309155 -2.9963987
v 6.6757755 2.5286248 -2.9962382
l 3545 3546
v 6.675838 2.5175967 -2.9954655
v 6.6757627 2.5309155 -2.9963987
l 3547 3548
v 6.6757445 2.5341387 -2.9966245
v 6.6757627 2.5309155 -2.9963987
l 3549 3550
v 6.6757941 2.5253842 -2.996011
v 6.6757627 2.5309155 -2.9963987
l 3551 3552
v 6.6757755 2.5286248 -2.9962382
v 6.6757941 2.5253842 -2.996011
l 3553 3554
v 6.6757941 2.5253842 -2.996011
v 6.675807 2.5231109 -2.9958518
l 3555 3556
v 6.6838078 2.4556367 -2.9873536
v 6.6841984 2.4542725 -2.9870846
l 3557 3558
v 6.6838078 2.4556367 -2.9873536
v 6.6842599 2.4540575 -2.9870422
l 3559 3560
v 6.6819701 2.462323 -2.9877152
v 6.6838078 2.4556367 -2.9873536
l 3561 3562
v 6.6819701 2.462323 -2.9877152
v 6.677619 2.4879205 -2.9907551
l 3563 3564
v 6.6819701 2.462323 -2.9877152
v 6.6838078 2.4556367 -2.9873536
l 3565 3566
v 6.6791854 2.4787054 -2.9896607
v 6.6819701 2.462323 -2.9877152
l 3567 3568
v 6.6819701 2.462323 -2.9877152
v 6.677619 2.4879205 -2.9907551
l 3569 3570
v 6.6770773 2.4959202 -2.9922094
v 6.677619 2.4879205 -2.9907551
l 3571 3572
v 6.677619 2.4879205 -2.9907551
v 6.6791854 2.4787054 -2.9896607
l 3573 3574
v 7.4843359 2.2903218 -3.0413949
v 7.4737506 2.2903218 -3.0412941
l 3575 3576
v 7.4737506 2.2903218 -3.0412941
v 7.4783673 2.2903218 -3.041338
l 3577 3578
v 7.4691286 2.2903218 -3.04125
v 7.4737506 2.2903218 -3.0412941
l 3579 3580
v 7.4562397 2.2903218 -3.0411272
v 7.4452085 2.2903218 -3.0410221
l 3581 3582
v 7.4452085 2.2903218 -3.0410221
v 7.4503365 2.2903218 -3.0410709
l 3583 3584
v 7.4452085 2.2903218 -3.0410221
v 7.4358974 2.2903218 -3.0409334
l 3585 3586
v 7.4562397 2.2903218 -3.0411272
v 7.4452085 2.2903218 -3.0410221
l 3587 3588
v 7.4560146 2.2903218 -3.0411251
v 7.4562397 2.2903218 -3.0411272
l 3589 3590
v 7.4691286 2.2903218 -3.04125
v 7.4562397 2.2903218 -3.0411272
l 3591 3592
v 7.4055576 2.8378832 -3.0467913
v 7.4138279 2.8378832 -3.046921
l 3593 3594
v 7.406765 2.8378832 -3.0468102
v 7.4138279 2.8378832 -3.046921
l 3595 3596
v 7.4138279 2.8378832 -3.046921
v 7.4245715 2.8378832 -3.0470898
l 3597 3598
v 7.4055576 2.8378832 -3.0467913
v 7.4138279 2.8378832 -3.046921
l 3599 3600
v 7.406765 2.8378832 -3.0468102
v 7.4055576 2.8378832 -3.0467913
l 3601 3602
v 7.4055576 2.8378832 -3.0467913
v 7.3988051 2.8378832 -3.0466852
l 3603 3604
v 7.1264024 -2.2903218 -3.0689905
v 7.129703 -2.2915072 -3.0281417
l 3605 3606
v 7.129703 -2.2915072 -3.0281417
v 7.1359248 -2.2903218 -3.0278616
l 3607 3608
v 7.1296167 -2.292932 -3.0292084
v 7.129703 -2.2915072 -3.0281417
l 3609 3610
