# Wavefront OBJ file written 2026-04-11T00:05:30
o aircraft_edgeMesh

# points : 4347
# lines  : 4746

# <points count="4347">
v 21.266705 0.15043771 2.505631
v 2.6174223 -0.19371921 -3.3705561
v 2.1636138 0.030836402 -3.4038734
v 9.4033051 -13.76741 0.45449236
v 9.4033051 13.76741 0.45449236
v 7.6545124 2.2624931 -0.77615756
v 7.6358209 2.252414 -0.77767485
v 24.585905 1.4833871e-16 4.3897681
v 7.5001726 -2.8378832 -3.0477734
v 7.4165277 -2.2903218 -3.0406606
v 7.4503365 -2.2903218 -3.0410709
v 7.4914546 -2.2903218 -3.0414288
v 7.1291847 -2.8378832 -3.0345554
v 6.7956357 -2.8181381 -2.9769664
v 6.6757426 2.6051297 -2.9966452
v 23.52272 -4.6672249 1.7934426
v 23.52272 4.6672249 1.7934426
v 21.88806 -4.6672249 1.7689005
v 21.870001 -4.6672249 1.7934426
v 21.88806 -4.6672249 1.8179848
v 21.870001 4.6672249 1.7934426
v 21.88806 4.6672249 1.8179848
v 21.88806 4.6672249 1.7689005
v 3.0569651 0.062032789 -1.1483231
v 3.0525246 0.050018806 -1.1481005
v 21.94256 -0.69988477 1.8450983
v 22.01829 -0.69535881 1.8632392
v 22.01829 0.69535881 1.8632392
v 21.94256 0.69988477 1.8450983
v 2.7065079 -0.081535831 -2.6650388
v 2.7246332 -0.074774086 -2.6673491
v 2.7596302 0.17917345 -3.354898
v 2.7602158 0.18877688 -3.349401
v 2.7597566 0.18036631 -3.3541996
v 2.7597826 0.18066595 -3.3540261
v 2.759846 0.18156822 -3.353507
v 2.7598271 -0.18126692 -3.3536797
v 2.7705235 -0.21459715 -3.3289092
v 2.770874 -0.2151632 -3.3283708
v 2.4578767 0.19240263 -3.370096
v 2.4590225 0.18491729 -3.3742654
v 2.4594374 0.18220849 -3.3757741
v 2.4461439 0.21338131 -3.357713
v 2.4456532 0.21459715 -3.3567836
v 2.4599974 -0.17917345 -3.3774662
v 2.4588153 -0.18627168 -3.3735111
v 2.4590225 -0.18491729 -3.3742654
v 2.4592299 -0.18356289 -3.3750198
v 2.4461439 -0.21338131 -3.357713
v 2.4456532 -0.21459715 -3.3567836
v 2.1636953 0.018594321 -3.4047816
v 2.1637769 0.0063522402 -3.40569
v 2.1636953 -0.018594321 -3.4047816
v 2.1635759 -0.036521066 -3.4034514
v 7.4799113 2.4186418 -2.1162827
v 7.4843359 2.4202156 -2.1156428
v 7.4799113 -2.4186418 -2.1162827
v 7.4843359 -2.4202156 -2.1156428
v 7.6084743 -2.5456393 -2.095453
v 7.5959139 -2.5516555 -2.0945303
v 8.1656818 -2.4203622 -2.9171088
v 7.741365 -2.2990477 -3.0191424
v 7.7224479 -2.3409188 -3.0483062
v 7.7229457 -2.7872863 -3.0544682
v 7.1485691 -2.3409188 -3.057935
v 7.1480627 -2.7872863 -3.0642011
v 7.1288223 -2.8297348 -3.0390429
v 6.6755881 -2.5617087 -2.9985559
v 6.675561 -2.5665114 -2.9988923
v 6.6757002 -2.5419779 -2.9971735
v 7.7420373 2.826236 -3.0274627
v 7.7417183 2.8335156 -3.0235145
v 7.7229457 2.7872863 -3.0544682
v 7.741365 2.2990477 -3.0191424
v 7.1441255 2.7900586 -3.0623779
v 7.1480627 2.7872863 -3.0642011
v 6.6757002 2.5419779 -2.9971735
v 3.0458221 1.0175922e-16 -1.1477686
v 3.5262115 0.0038859523 -1.1703254
v 3.5314224 1.0036514e-16 -1.1705358
v 10.192677 0.96266973 -0.66577727
v 10.192677 -0.97184181 -0.66497487
v 20.80686 -0.084893748 2.5317965
v 20.864275 -0.10041995 2.5268509
v 20.821533 -0.089504063 2.5304189
v 20.683043 9.3873646e-19 2.5413785
v 20.723854 0.051920298 2.536773
v 20.702188 0.036705554 2.5384965
v 20.687616 0.019165859 2.5400827
v 20.893751 0.10660678 2.5246277
v 20.913269 0.11068891 2.5232377
v 21.462719 -0.15878941 2.4985359
v 21.360802 -0.15528578 2.5020857
v 21.180557 0.14438218 2.5091448
v 21.360802 0.15528578 2.5020857
v 21.879362 0.70314276 1.8061647
v 21.870001 0.70248783 1.7934426
v 21.891897 0.69874752 1.7636836
v 22.263519 -0.66744238 1.697896
v 22.123869 -0.6772992 1.7086123
v 21.891897 -0.69874752 1.7636836
v 21.870001 -0.70248783 1.7934426
v 21.891893 -0.70340538 1.8231956
v 22.221304 -0.68442607 1.8857093
v 22.123732 -0.68952835 1.8782271
v 21.937019 -0.15785667 2.4826572
v 22.068029 -0.15384397 2.4786661
v 21.937019 0.15785667 2.4826572
v 22.068029 0.15384397 2.4786661
v 22.221304 0.68442607 1.8857093
v 22.123732 0.68952835 1.8782271
v 21.891893 0.70340538 1.8231956
v 22.839243 -0.64323777 1.883423
v 22.696068 -0.65314811 1.8892196
v 22.642183 -0.65694886 1.8914009
v 22.437819 -0.67166531 1.8936824
v 22.599262 -0.12620047 2.4569123
v 22.46809 -0.13448039 2.4629071
v 22.727335 -0.11734748 2.4511876
v 22.335201 0.14197136 2.4691305
v 22.46809 0.13448039 2.4629071
v 22.599262 0.12620047 2.4569123
v 22.696068 0.65314811 1.8892196
v 22.642183 0.65694886 1.8914009
v 22.437819 0.67166531 1.8936824
v 22.839243 0.64323777 1.883423
v 22.849323 -0.1082072 2.442256
v 22.963903 -0.098976873 2.4291682
v 23.278822 0.070881292 2.3874815
v 23.329773 0.065891162 2.3770905
v 23.535654 0.46778044 1.7552407
v 23.535654 -0.46778044 1.7552407
v 23.566856 0.4559831 1.7581843
v 23.566856 -0.4559831 1.7581843
v 23.660362 -0.4270488 1.8195481
v 23.666138 -0.42463863 1.8189687
v 23.667698 -0.029436905 2.2747629
v 23.673782 -0.028718892 2.2724366
v 23.711567 -0.024199506 2.2561052
v 23.740206 -0.020723155 2.2437425
v 23.740206 0.020723155 2.2437425
v 23.711567 0.024199506 2.2561052
v 23.863039 -0.005005802 2.1781437
v 23.840237 -0.0080146147 2.1913903
v 23.814318 0.011404365 2.2064493
v 23.840237 0.0080146147 2.1913903
v 23.910627 0.28547397 1.7934426
v 23.910627 -0.28547397 1.7934426
v 2.7549884 -0.060825296 -2.6712828
v 2.7683523 -0.054913152 -2.6734276
v 2.747874 -0.063943699 -2.6702943
v 2.7300169 -0.07228639 -2.6679282
v 2.3909619 0 -2.6487243
v 2.7300169 0.07228639 -2.6679282
v 2.747874 0.063943699 -2.6702943
v 3.0548718 0 -3.3064663
v 3.0547664 -0.016522918 -3.3052921
v 3.054805 -0.010468468 -3.3057225
v 3.0548329 0.0060868445 -3.3060338
v 3.054805 0.010468468 -3.3057225
v 3.0547664 0.016522918 -3.3052921
v 3.0545678 0.042607911 -3.3030806
v 3.0544498 0.048694756 -3.3017654
v 3.0543318 0.054781601 -3.3004503
v 3.0115416 0.18562882 -3.2544725
v 3.0200713 0.17252898 -3.2604444
v 3.0545678 -0.042607911 -3.3030806
v 3.0544498 -0.048694756 -3.3017654
v 3.0543318 -0.054781601 -3.3004503
v 3.0480862 -0.10431417 -3.2878196
v 3.0447578 -0.11610239 -3.2846661
v 3.0526197 -0.079608105 -3.2954144
v 3.0482545 -0.10371755 -3.2879791
v 2.9603438 -0.23567301 -3.2297802
v 2.9638731 -0.23295125 -3.2313046
v 2.9925604 -0.20714426 -3.2435803
v 3.0006161 -0.19838801 -3.2481635
v 2.8631768 0 -2.6963432
v 2.9089203 0.26757118 -3.2164712
v 2.9074228 0.26814932 -3.2165298
v 2.8853011 -0.27539766 -3.2188456
v 2.8943186 -0.27276051 -3.2175684
v 2.8058035 0.26437595 -3.2719204
v 2.7967677 0.25648445 -3.2832913
v 2.7604682 0.19371921 -3.3465862
v 2.7603338 0.19108605 -3.3480859
v 2.760401 0.19240263 -3.3473361
v 2.7596979 0.17976871 -3.3545482
v 2.7597284 0.18006723 -3.3543737
v 2.7602665 0.18976949 -3.3488357
v 2.7601466 0.18742393 -3.3501716
v 2.7600775 0.18607099 -3.3509421
v 2.7599971 0.1845032 -3.351835
v 2.7600646 0.18581977 -3.3510852
v 2.7598059 0.18096617 -3.3538525
v 2.7598271 0.18126692 -3.3536797
v 2.759939 0.18336511 -3.3524833
v 2.7598627 0.18187004 -3.3533349
v 2.7599299 0.18318662 -3.3525848
v 2.7596653 -0.17947079 -3.354723
v 2.7596302 -0.17917345 -3.354898
v 2.7596998 -0.1797871 -3.3545375
v 2.7596672 -0.17948723 -3.3547132
v 2.7604682 -0.19371921 -3.3465862
v 2.760401 -0.19240263 -3.3473361
v 2.7603338 -0.19108605 -3.3480859
v 2.7602665 -0.18976949 -3.3488357
v 2.7602158 -0.18877688 -3.349401
v 2.7601466 -0.18742393 -3.3501716
v 2.7600775 -0.18607099 -3.3509421
v 2.7600646 -0.18581977 -3.3510852
v 2.759939 -0.18336511 -3.3524833
v 2.759846 -0.18156822 -3.353507
v 2.7598627 -0.18187004 -3.3533349
v 2.7598698 -0.18201216 -3.3532538
v 2.6295722 -0.19371921 -3.3705709
v 2.6323986 -0.19371921 -3.3704557
v 2.6459937 -0.19371921 -3.3699007
v 2.6549935 -0.19371921 -3.3689349
v 2.6459937 0.19371921 -3.3699007
v 2.6549935 0.19371921 -3.3689349
v 2.6295722 0.19371921 -3.3705709
v 2.5812666 0.19371921 -3.3705029
v 2.5713849 0.19371921 -3.3704588
v 2.6101718 0.19371921 -3.3705473
v 2.6174223 0.19371921 -3.3705561
v 2.5331848 0.19371921 -3.3702598
v 2.4599319 0.17947079 -3.3773003
v 2.4599974 0.17917345 -3.3774662
v 2.4598684 0.17976871 -3.3771341
v 2.4576752 0.19371921 -3.3693628
v 2.4579859 0.19168927 -3.3704934
v 2.4581933 0.19033487 -3.3712478
v 2.4584007 0.18898048 -3.3720021
v 2.4584813 0.18845291 -3.3722961
v 2.458683 0.18713634 -3.3730295
v 2.4588153 0.18627168 -3.3735111
v 2.4590859 0.1845032 -3.374496
v 2.4592876 0.18318662 -3.3752294
v 2.4595363 0.18156822 -3.3761308
v 2.4597487 0.18036631 -3.3768008
v 2.4596922 0.18066595 -3.3766336
v 2.4595861 0.18126692 -3.3762987
v 2.334044 0.27947441 -3.297138
v 2.3218062 0.27792609 -3.2978776
v 2.4698224 -0.19371921 -3.3695412
v 2.4599319 -0.17947079 -3.3773003
v 2.4598684 -0.17976871 -3.3771341
v 2.4576752 -0.19371921 -3.3693628
v 2.4578767 -0.19240263 -3.370096
v 2.4581933 -0.19033487 -3.3712478
v 2.4579859 -0.19168927 -3.3704934
v 2.4584007 -0.18898048 -3.3720021
v 2.4584813 -0.18845291 -3.3722961
v 2.4586079 -0.18762608 -3.3727565
v 2.4801853 -0.19371921 -3.3696933
v 2.5331848 -0.19371921 -3.3702598
v 2.5124691 -0.19371921 -3.3700752
v 2.4361701 -0.23032929 -3.3446829
v 2.4244118 -0.24438171 -3.3337953
v 2.4091947 -0.2581031 -3.3219116
v 2.3976498 -0.26636758 -3.3132093
v 2.3744199 -0.27582404 -3.3028724
v 2.2981031 -0.27193183 -3.3022909
v 2.286747 -0.26757118 -3.3056998
v 2.2545512 -0.24907552 -3.3213258
v 2.2457473 -0.2420339 -3.3258269
v 2.18975 0.17050879 -3.3670919
v 2.1727934 -0.12698647 -3.3839312
v 2.1757481 -0.13575496 -3.3809319
v 2.1634948 0.048694756 -3.4025483
v 2.1636546 0.02471536 -3.4043274
v 2.1636569 0.024347378 -3.4043548
v 2.1637361 0.012473281 -3.4052358
v 2.1638176 -0.00023119984 -3.4061441
v 2.1637769 -0.0063522402 -3.40569
v 2.1637361 -0.012473281 -3.4052358
v 2.1636569 -0.024347378 -3.4043548
v 2.1636164 -0.030434223 -3.4039032
v 2.1757481 0.13575496 -3.3809319
v 2.1727934 0.12698647 -3.3839312
v 2.18435 0.15820871 -3.3732409
v 2.364918 -0.2783953 -3.299818
v 7.2122383 -2.3024359 -0.78283119
v 7.210001 -2.2874584 -0.78398925
v 7.2859864 -2.172323 -0.79295683
v 7.3621678 -2.1600158 -0.79287565
v 7.3068032 -2.1641433 -0.79330981
v 7.2626362 -2.3724091 -0.77737719
v 7.2338786 -2.3474901 -0.77932733
v 7.6767969 -2.2750583 -0.77421981
v 7.2859864 2.172323 -0.79295683
v 7.3068032 2.1641433 -0.79330981
v 7.2122383 2.3024359 -0.78283119
v 7.210001 2.2874584 -0.78398925
v 7.5321097 2.2038715 -0.78537571
v 7.5756202 2.2227073 -0.78229064
v 7.6641212 2.2678618 -0.77536273
v 7.6099997 2.2391663 -0.7797175
v 7.6767969 2.2750583 -0.77421981
v 7.6767969 2.5100248 -2.1067805
v 7.6545124 2.4966183 -2.1039476
v 7.6641726 2.5023367 -2.1049685
v 7.2122383 2.4843342 -2.1077368
v 7.2166038 2.4710665 -2.1104794
v 7.210001 2.5201538 -2.1036704
v 7.2095637 2.5096166 -2.1044664
v 7.210001 2.4990718 -2.1052191
v 7.2317739 2.5767643 -2.0994463
v 7.2276063 2.5697834 -2.0991423
v 7.5756202 2.5615153 -2.0938294
v 7.5959139 2.5516555 -2.0945303
v 7.6767969 -2.5100248 -2.1067805
v 7.6676855 -2.5044401 -2.1054754
v 7.6676855 -2.515012 -2.1046987
v 7.6641726 -2.5023367 -2.1049685
v 7.3100562 -2.3990076 -2.1266413
v 7.3283458 -2.397661 -2.1265938
v 7.2650232 -2.414983 -2.1220787
v 7.2793269 -2.4095795 -2.1235514
v 7.2122383 -2.5351217 -2.1024585
v 7.210001 -2.5201538 -2.1036704
v 7.2095637 -2.5096166 -2.1044664
v 7.2793269 -2.6122708 -2.1002221
v 7.3068032 -2.6231511 -2.1002319
v 7.3283458 -2.6246376 -2.0997221
v 7.3621678 -2.6270208 -2.0992033
v 7.4756894 -2.6023877 -2.0959613
v 7.4308367 -2.6155045 -2.0972998
v 7.5568247 -2.5697834 -2.0932436
v 7.5756202 -2.5615153 -2.0938294
v 8.190383 -2.6025388 -2.9388013
v 8.1904736 -2.5970247 -2.9391677
v 8.1902018 -2.6135666 -2.9380682
v 8.1902924 -2.6080527 -2.9384346
v 8.1905594 -2.5917585 -2.939518
v 8.19065 -2.5862274 -2.9398856
v 8.1906538 -2.5859969 -2.9399009
v 8.1907444 -2.580483 -2.9402676
v 8.1909142 -2.5694528 -2.9409568
v 8.1907396 -2.5587854 -2.9402478
v 8.190649 -2.5532715 -2.9398811
v 8.1682119 -2.4256661 -2.9188523
v 8.1682158 -2.4256752 -2.9188552
v 8.190115 -2.520658 -2.9377129
v 8.190197 -2.5257015 -2.9380484
v 8.1902876 -2.5312157 -2.9384148
v 8.1903782 -2.5367296 -2.9387815
v 8.1897993 -2.5143218 -2.9364338
v 8.1900749 -2.5198531 -2.9375505
v 8.164073 -2.714092 -2.9206164
v 8.1664343 -2.7087457 -2.9216087
v 8.1297426 -2.7646277 -2.9089372
v 8.1273928 -2.7672675 -2.9081643
v 8.1188917 -2.7767899 -2.9052708
v 8.0867071 -2.3244367 -2.8925879
v 8.0851068 -2.3231642 -2.8924129
v 7.9122272 -2.2841027 -2.9431808
v 7.8905387 -2.2848201 -2.9529829
v 7.846839 -2.8373888 -2.9837775
v 7.8538318 -2.8385699 -2.9801757
v 7.8256278 -2.8322856 -2.9958508
v 7.7626314 -2.8090045 -3.0309014
v 7.7801118 -2.8165724 -3.0212924
v 7.7621346 -2.3192005 -3.0247524
v 7.7515273 -2.3245966 -3.0310292
v 7.7399068 -2.2903218 -3.0130084
v 7.7415409 -2.3020065 -3.0213208
v 7.7414522 -2.3005133 -3.0202215
v 7.7413654 -2.2990572 -3.0191495
v 7.7399368 -2.2904956 -3.0131304
v 7.7404299 -2.2933464 -3.0151293
v 7.7409134 -2.2961454 -3.0170918
v 7.7406621 -2.2946897 -3.0160711
v 7.7411652 -2.2976015 -3.0181129
v 7.741169 -2.2976224 -3.0181277
v 7.7408633 -2.3136971 -3.027998
v 7.741529 -2.3086522 -3.0250111
v 7.7303314 -2.7932622 -3.0490649
v 7.7268176 -2.7900586 -3.0518355
v 7.7413611 -2.814508 -3.0341599
v 7.7401381 -2.8096807 -3.0371838
v 7.73839 -2.8051069 -3.0402153
v 7.7361507 -2.8008223 -3.0432253
v 7.7415867 -2.8365166 -3.0218871
v 7.7416496 -2.835083 -3.0226643
v 7.7417126 -2.8336499 -3.0234418
v 7.7417183 -2.8335156 -3.0235145
v 7.7415218 -2.8378832 -3.0210831
v 7.5959139 -2.2903218 -3.0417316
v 7.6053524 -2.2903218 -3.0413196
v 7.49508 -2.8378832 -3.047749
v 7.5177522 -2.8378832 -3.047857
v 7.4843359 -2.8378832 -3.0476978
v 7.4772015 -2.8378832 -3.0476298
v 7.4574461 -2.8378832 -3.0474415
v 7.3925776 -2.8378832 -3.0465875
v 7.4055576 -2.8378832 -3.0467913
v 7.4394655 -2.8378832 -3.0472703
v 7.4323182 -2.8378832 -3.0472021
v 7.2389865 -2.8378832 -3.0418096
v 7.2685037 -2.8378832 -3.0431075
v 7.426518 -2.2903218 -3.0408175
v 7.4074244 -2.2903218 -3.0405178
v 7.3923645 -2.2903218 -3.0402813
v 7.4851947 -2.2903218 -3.041399
v 7.4404993 -2.2903218 -3.0409772
v 7.4562397 -2.2903218 -3.0411272
v 7.5183005 -2.2903218 -3.0415568
v 7.225235 -2.2903218 -3.0343854
v 7.1981125 -2.2903218 -3.0326879
v 7.1294312 -2.2961454 -3.0315053
v 7.1293664 -2.2976015 -3.0323071
v 7.1293197 -2.2986491 -3.0328841
v 7.1410089 -2.8378832 -3.0356214
v 7.1291199 -2.8364275 -3.035357
v 7.129055 -2.8349714 -3.036159
v 7.1289902 -2.8335156 -3.0369606
v 7.1288857 -2.8311677 -3.0382538
v 7.1289496 -2.8326008 -3.0374646
v 7.1287961 -2.8291478 -3.0393662
v 7.1286945 -2.8268688 -3.0406215
v 7.1287584 -2.8283017 -3.0398324
v 7.1286306 -2.8254356 -3.0414107
v 6.9024382 -2.8418481 -2.9951792
v 6.8904586 -2.8405347 -2.9927528
v 6.868052 -2.8372254 -2.9888582
v 6.8874726 -2.8402073 -2.9921482
v 6.8014317 -2.8200915 -2.9780517
v 6.8300691 -2.8288453 -2.9824257
v 6.8337836 -2.8297517 -2.9831657
v 6.793334 -2.8173623 -2.9765356
v 6.7972674 -2.8186879 -2.9772718
v 6.7564034 -2.7945504 -2.9746611
v 6.7703781 -2.8062744 -2.9746222
v 6.7121091 -2.7403948 -2.9819002
v 6.7131524 -2.7420032 -2.9818037
v 6.7232838 -2.7573643 -2.9788122
v 6.7297711 -2.7654057 -2.9777853
v 6.7422051 -2.7801049 -2.9761062
v 6.688642 -2.6905324 -2.9876516
v 6.6978402 -2.7136314 -2.9840412
v 6.6868815 -2.6844225 -2.988987
v 6.6790729 -2.6499875 -2.9920223
v 6.684866 -2.67713 -2.989526
v 6.6774235 -2.6402845 -2.9931746
v 6.6765599 -2.6275358 -2.9954922
v 6.6757922 -2.6138833 -2.996032
v 6.6756802 -2.5941017 -2.9974179
v 6.6757116 -2.5996156 -2.9970317
v 6.6757607 -2.6083519 -2.9964197
v 6.6756043 -2.5806961 -2.9983571
v 6.6756358 -2.5862274 -2.9979696
v 6.6756506 -2.5506806 -2.9977832
v 6.6756196 -2.5561948 -2.9981697
v 6.6758566 -2.5143218 -2.9952362
v 6.6758251 -2.5198531 -2.9956236
v 6.6757755 -2.5286248 -2.9962382
v 6.6757445 -2.5341387 -2.9966245
v 6.6756687 -2.547509 -2.997561
v 6.6757131 -2.5396528 -2.9970107
v 6.6757312 -2.5364466 -2.9967861
v 23.899271 0 2.1538494
v 8.190835 2.5749691 -2.9406343
v 8.1907444 2.580483 -2.9402676
v 8.1907406 2.5806961 -2.9402535
v 8.19065 2.5862274 -2.9398856
v 8.190383 2.6025388 -2.9388013
v 8.1902876 2.6083519 -2.9384148
v 8.1904907 2.5435874 -2.9392374
v 8.1905584 2.5477576 -2.9395146
v 8.1906452 2.5530403 -2.9398658
v 8.1907358 2.5585713 -2.9402335
v 8.1907396 2.5587854 -2.9402478
v 8.1086702 2.3435133 -2.8958941
v 8.0867071 2.3244367 -2.8925879
v 8.117012 2.3514152 -2.8976455
v 8.1273928 2.3630431 -2.9011786
v 8.1297426 2.7646277 -2.9089372
v 8.1273928 2.7672675 -2.9081643
v 8.0851068 2.3231642 -2.8924129
v 8.0422287 2.3047225 -2.8976552
v 8.0240355 2.2993598 -2.9020677
v 8.078042 2.3177025 -2.8908648
v 8.0602264 2.3108428 -2.8938737
v 7.9282928 2.2844729 -2.9365587
v 7.9312177 2.2845414 -2.9351602
v 8.0006723 2.8349452 -2.919095
v 8.0063276 2.8337872 -2.9173641
v 7.8538318 2.2893095 -2.971355
v 7.8449097 2.2908163 -2.9759505
v 7.8256278 2.8322856 -2.9958508
v 7.846839 2.8373888 -2.9837775
v 7.7420268 2.8195529 -3.031173
v 7.7421012 2.82478 -3.0282524
v 7.7419639 2.8279161 -3.0265515
v 7.7419009 2.8293498 -3.025774
v 7.7418461 2.8306038 -3.0250938
v 7.7417822 2.8320596 -3.0243042
v 7.7417126 2.8336499 -3.0234418
v 7.7416496 2.835083 -3.0226643
v 7.7415218 2.8378832 -3.0210831
v 7.7268176 2.7900586 -3.0518355
v 7.7303314 2.7932622 -3.0490649
v 7.7401381 2.8096807 -3.0371838
v 7.7413611 2.814508 -3.0341599
v 7.7626314 2.8090045 -3.0309014
v 7.7801118 2.8165724 -3.0212924
v 7.7263198 2.3381467 -3.0456736
v 7.7224479 2.3409188 -3.0483062
v 7.741529 2.3086522 -3.0250111
v 7.7408633 2.3136971 -3.027998
v 7.741539 2.3019691 -3.0212934
v 7.7399068 2.2903218 -3.0130084
v 7.7401586 2.2917778 -3.0140295
v 7.7404103 2.2932336 -3.0150502
v 7.7404299 2.2933464 -3.0151293
v 7.7414522 2.3005133 -3.0202215
v 7.7414498 2.3004735 -3.0201921
v 7.7406621 2.2946897 -3.0160711
v 7.7409134 2.2961454 -3.0170918
v 7.7411652 2.2976015 -3.0181129
v 7.741169 2.2976224 -3.0181277
v 7.7205434 2.2903218 -3.019006
v 7.7069941 2.2903218 -3.0227406
v 7.6295004 2.2903218 -3.0393262
v 7.6390934 2.2903218 -3.0381203
v 7.5959139 2.2903218 -3.0417316
v 7.6053524 2.2903218 -3.0413196
v 7.4843359 2.2903218 -3.0413949
v 7.4828672 2.8378832 -3.0476837
v 7.4652472 2.8378832 -3.0475159
v 7.5366464 2.8378832 -3.0479472
v 7.5012927 2.8378832 -3.0477786
v 7.3800087 2.2903218 -3.0400875
v 7.3967543 2.2903218 -3.0403502
v 7.4151535 2.2903218 -3.0406389
v 7.4074244 2.2903218 -3.0405178
v 7.3788443 2.2903218 -3.0400691
v 7.3470931 2.2903218 -3.039326
v 7.2784963 2.2903218 -3.0370452
v 7.2324462 2.2903218 -3.0348272
v 7.2389865 2.8378832 -3.0418096
v 7.2685037 2.8378832 -3.0431075
v 7.1830373 2.2903218 -3.0316999
v 7.1410089 2.2903218 -3.0283637
v 7.225235 2.2903218 -3.0343854
v 7.1981125 2.2903218 -3.0326879
v 7.1294556 2.2955942 -3.0312018
v 7.1295104 2.2946897 -3.0305245
v 7.1295986 2.2932336 -3.0294342
v 7.1297746 2.2903218 -3.0272541
v 7.1296868 2.2917778 -3.0283444
v 7.1291718 2.3019691 -3.0347126
v 7.1292367 2.3005133 -3.033911
v 7.1292558 2.3000822 -3.0336735
v 7.1293197 2.2986491 -3.0328841
v 7.1293836 2.2972162 -3.032095
v 7.1410089 2.3365493 -3.0549631
v 7.1485691 2.3409188 -3.057935
v 7.1291847 2.8378832 -3.0345554
v 7.1291199 2.8364275 -3.035357
v 7.129055 2.8349714 -3.036159
v 7.1289902 2.8335156 -3.0369606
v 7.1289258 2.8320596 -3.0377626
v 7.1288857 2.8311677 -3.0382538
v 7.1288223 2.8297348 -3.0390429
v 7.1287584 2.8283017 -3.0398324
v 7.1286664 2.826236 -3.0409698
v 7.1286016 2.82478 -3.0417717
v 7.1286769 2.8195529 -3.0446782
v 7.1293526 2.814508 -3.0475378
v 7.1305947 2.8096807 -3.0503278
v 6.9999433 2.2877076 -3.0084214
v 7.0155048 2.2901592 -3.012995
v 6.9024382 2.2864313 -2.9866605
v 6.8881497 2.287998 -2.9837668
v 6.790844 2.3120565 -2.967777
v 6.7761497 2.3177025 -2.9655492
v 6.7703781 2.3224742 -2.9666018
v 6.7703781 2.8062744 -2.9746222
v 6.7564034 2.7945504 -2.9746611
v 6.7131524 2.7420032 -2.9818037
v 6.7121091 2.7403948 -2.9819002
v 6.7448764 2.3458819 -2.9698086
v 6.7406082 2.3502245 -2.970243
v 6.684866 2.4519417 -2.9866254
v 6.684866 2.67713 -2.989526
v 6.6868815 2.6844225 -2.988987
v 6.6777644 2.6422901 -2.9929364
v 6.6817746 2.6658821 -2.9901347
v 6.6755428 2.5697834 -2.9991217
v 6.6756358 2.5862274 -2.9979696
v 6.6756043 2.5806961 -2.9983571
v 6.6757922 2.6138833 -2.996032
v 6.6757607 2.6083519 -2.9964197
v 6.6757298 2.6028209 -2.9968071
v 6.675561 2.5665114 -2.9988923
v 6.6755881 2.5617087 -2.9985559
v 6.6756063 2.5585713 -2.9983361
v 6.6756372 2.5530403 -2.9979486
v 6.6759825 2.5120823 -2.9951475
v 6.6770773 2.4959202 -2.9922094
v 6.6756687 2.547509 -2.997561
v 6.6757131 2.5396528 -2.9970107
v 6.6757445 2.5341387 -2.9966245
v 6.675838 2.5175967 -2.9954655
v 6.675807 2.5231109 -2.9958518
v 6.6757627 2.5309155 -2.9963987
v 6.6757941 2.5253842 -2.996011
v 6.6838078 2.4556367 -2.9873536
v 6.6819701 2.462323 -2.9877152
v 6.677619 2.4879205 -2.9907551
v 7.4737506 2.2903218 -3.0412941
v 7.4452085 2.2903218 -3.0410221
v 7.4562397 2.2903218 -3.0411272
v 7.4138279 2.8378832 -3.046921
v 7.4055576 2.8378832 -3.0467913
v 7.129703 -2.2915072 -3.0281417
v 3.0459411 0.0045800693 -1.1477741
v 3.5262115 -0.0038859523 -1.1703254
v 20.611128 0 2.5441496
v 20.687248 -0.017620308 2.5401871
v 2.9799409 9.2513044e-17 -1.2987702
v 2.4855571 2.3128261e-17 -2.4319098
v 2.3744199 0 -2.649169
v 20.860525 -0.099462323 2.527164
v 20.818333 -0.088498786 2.5307193
v 20.701017 0.035296377 2.538624
v 20.908863 0.10976759 2.5235515
v 21.448652 -0.15830585 2.4990258
v 21.256538 0.14972316 2.5060456
v 21.348814 0.15466821 2.5025373
v 21.875576 0.70287794 1.8010201
v 22.161594 -0.68754834 1.8811307
v 22.041336 -0.15466161 2.4794793
v 22.041336 0.15466161 2.4794793
v 22.161594 0.68754834 1.8811307
v 22.632961 -0.12387108 2.455406
v 22.366947 0.14018184 2.4676437
v 22.881008 -0.10565478 2.4386368
v 3.2752812 6.441675e-17 -1.7576176
v 3.1104867 4.1288485e-17 -2.1353309
v 2.9431834 1.3357151e-17 -2.5148513
v 3.4400759 8.7545011e-17 -1.3799044
v 2.7576907 -0.059629809 -2.6717165
v 2.7367525 -0.06913957 -2.6688206
v 2.7367525 0.06913957 -2.6688206
v 3.0160978 0.17863144 -3.2576625
v 3.050257 -0.092658095 -3.2913899
v 2.9620423 -0.23436317 -3.2305138
v 2.9938517 -0.20574073 -3.2443149
v 2.9088292 0.26760638 -3.2164748
v 2.8014331 0.26055902 -3.2774203
v 2.7596998 0.1797871 -3.3545375
v 2.7600083 0.18471806 -3.3517127
v 2.7598078 0.18099232 -3.3538375
v 2.7596979 -0.17976871 -3.3545482
v 2.7604232 -0.1928357 -3.3470893
v 2.7598476 -0.18159825 -3.3534899
v 2.7599299 -0.18318662 -3.3525848
v 2.4582798 0.18976949 -3.3715627
v 2.4586079 0.18762608 -3.3727565
v 2.4592299 0.18356289 -3.3750198
v 2.4595742 0.1813388 -3.3762586
v 2.4582798 -0.18976949 -3.3715627
v 2.4317861 -0.23556887 -3.3406234
v 2.4090617 -0.25819835 -3.3218112
v 2.2932701 -0.27007601 -3.3037417
v 2.163573 0.036957439 -3.4034193
v 2.1635759 0.036521066 -3.4034514
v 2.1636164 0.030434223 -3.4039032
v 2.3717692 -0.27654135 -3.3020203
v 10.192677 -1.0022357 -0.66231573
v 10.192677 -2.0060272 -0.57449538
v 10.192677 -1.5040827 -0.61840981
v 10.192677 -3.0090415 -0.48674297
v 10.192677 -2.5077772 -0.53059793
v 9.0924339 -13.768394 0.42097065
v 9.0383968 -13.768565 0.4152047
v 8.978898 -13.768753 0.40887055
v 8.9659882 -13.850944 0.54379302
v 8.8989763 -13.862748 0.5558337
v 8.8259583 -13.875314 0.56847227
v 9.0271845 -13.839938 0.53242338
v 9.0828114 -13.829749 0.52177316
v 9.1331224 -13.820376 0.51188642
v 9.1412954 -13.768239 0.42619696
v 9.1853018 -13.7681 0.43091553
v 9.2247934 -13.767975 0.4351604
v 9.1784449 -13.811804 0.50277138
v 9.219141 -13.804002 0.49441174
v 9.2555752 -13.796931 0.48678303
v 9.2880783 -13.790555 0.47986633
v 9.2916317 -13.767764 0.44236922
v 9.3196669 -13.767675 0.44540295
v 9.344553 -13.767596 0.44810119
v 9.2601213 -13.767863 0.43896657
v 9.3665991 -13.767527 0.45049584
v 9.3860941 -13.767466 0.4526169
v 9.3426762 -13.779694 0.46801031
v 9.3170004 -13.784824 0.47362313
v 9.3654242 -13.775113 0.462982
v 9.3855419 -13.771034 0.45849147
v 9.4596891 -13.316277 0.41502327
v 9.5160723 -12.865143 0.37555417
v 9.5724564 -12.414009 0.33608505
v 9.6288404 -11.962875 0.29661596
v 9.6852236 -11.511742 0.25714687
v 9.7416077 -11.060607 0.21767776
v 9.7979918 -10.609473 0.17820866
v 10.192677 -3.5095294 -0.44295597
v 10.192677 -4.0089526 -0.3992621
v 10.192677 -4.5070243 -0.35568646
v 10.192677 -5.0034628 -0.31225374
v 10.192677 -5.4979877 -0.2689884
v 10.192677 -5.9903245 -0.22591451
v 10.192677 -6.4802036 -0.18305564
v 10.192677 -6.9673605 -0.14043497
v 10.192677 -7.4515362 -0.098075047
v 10.136294 -7.9026704 -0.058605943
v 10.07991 -8.3538036 -0.019136842
v 10.023526 -8.8049383 0.020332258
v 9.9671431 -9.256072 0.059801359
v 9.910759 -9.7072058 0.099270456
v 9.8543749 -10.15834 0.13873956
v 8.746911 -13.888568 0.58157349
v 8.6618357 -13.902421 0.59500724
v 8.5708981 -13.916751 0.60859746
v 8.6826859 -13.76969 0.37757638
v 8.765625 -13.769427 0.38629434
v 8.5939617 -13.769971 0.36829418
v 8.4997282 -13.770268 0.35849801
v 8.4744148 -13.931398 0.62212771
v 8.3728085 -13.94617 0.63536519
v 8.2666941 -13.960846 0.64804631
v 8.0439548 -13.988895 0.67064172
v 8.1567879 -13.975179 0.65990072
v 8.1888647 -13.771252 0.32689574
v 8.2965488 -13.770911 0.33768713
v 8.0781746 -13.771602 0.31604093
v 7.9291673 -14.001711 0.67999303
v 7.965404 -13.771958 0.30530474
v 7.8515506 -13.772318 0.29487556
v 7.7376518 -13.772678 0.28495795
v 7.6247449 -13.773035 0.27575734
v 6.9349709 -13.775215 0.23532104
v 6.8575425 -13.775459 0.23402205
v 6.7860823 -13.775685 0.23399003
v 6.8909578 -14.03295 0.65339625
v 6.8144312 -14.024923 0.63852006
v 6.7441983 -14.01521 0.62222916
v 6.9737487 -14.039136 0.66659808
v 7.0626516 -14.043329 0.67785072
v 7.1573758 -14.045411 0.68689513
v 7.257483 -14.045309 0.69350404
v 7.36238 -14.043006 0.69750178
v 7.2020664 -13.774371 0.24665084
v 7.301734 -13.774056 0.25269324
v 7.4058919 -13.773726 0.25966844
v 7.4713321 -14.038539 0.6987617
v 7.5138388 -13.773386 0.26739645
v 7.6978502 -14.023521 0.69352722
v 7.5834751 -14.031998 0.69729608
v 7.8134317 -14.013344 0.68769944
v 6.6801782 -14.003999 0.60479152
v 6.6222091 -13.991445 0.58642828
v 6.6065173 -13.776251 0.24113533
v 6.6607447 -13.77608 0.23758979
v 6.5700665 -13.977706 0.56733888
v 6.5575995 -13.776405 0.24578758
v 6.5137148 -13.776544 0.25151351
v 6.7205305 -13.775891 0.23519109
v 8.400403 -13.770582 0.34826317
v 7.2113686 -2.2966139 -0.78328133
v 7.3427486 -2.1614635 -0.79302794
v 7.2509561 -2.3622882 -0.77816927
v 8.842638 -13.769184 0.39442164
v 8.9137011 -13.768959 0.40194672
v 6.5234823 -13.962895 0.54766864
v 6.4458423 -13.930349 0.50693178
v 6.4821706 -13.947102 0.52752268
v 6.4399405 -13.776775 0.26618537
v 6.4745822 -13.776667 0.25830284
v 6.4095721 -13.776871 0.27523735
v 6.3871965 -13.893785 0.46427375
v 6.4142499 -13.912617 0.48588654
v 6.3833666 -13.776953 0.2856203
v 6.3613954 -13.777021 0.29757074
v 6.3440948 -13.777076 0.31137842
v 6.3466597 -13.851851 0.41848302
v 6.3646154 -13.873635 0.44189581
v 6.3338623 -13.828094 0.39378455
v 6.3271823 -13.802576 0.36814269
v 7.1074557 -13.77467 0.24167891
v 7.0183277 -13.774952 0.23788312
v 10.192677 1.0022357 -0.66231573
v 10.192677 1.5040827 -0.61840981
v 10.192677 2.0060272 -0.57449538
v 10.192677 2.5077772 -0.53059793
v 10.192677 3.0090415 -0.48674297
v 10.192677 3.5095294 -0.44295597
v 10.192677 4.0089526 -0.3992621
v 10.192677 4.5070243 -0.35568646
v 10.192677 5.0034628 -0.31225374
v 10.192677 5.4979877 -0.2689884
v 10.192677 5.9903245 -0.22591451
v 10.192677 6.4802036 -0.18305564
v 10.192677 6.9673605 -0.14043497
v 10.192677 7.4515362 -0.098075047
v 10.136294 7.9026704 -0.058605943
v 10.07991 8.3538036 -0.019136842
v 10.023526 8.8049383 0.020332258
v 9.9671431 9.256072 0.059801359
v 9.910759 9.7072058 0.099270456
v 9.8543749 10.15834 0.13873956
v 9.7979918 10.609473 0.17820866
v 9.7416077 11.060607 0.21767776
v 9.6852236 11.511742 0.25714687
v 9.6288404 11.962875 0.29661596
v 9.2916317 13.767764 0.44236922
v 9.3196669 13.767675 0.44540295
v 9.2601213 13.767863 0.43896657
v 9.219141 13.804002 0.49441174
v 9.2555752 13.796931 0.48678303
v 9.1784449 13.811804 0.50277138
v 9.2880783 13.790555 0.47986633
v 9.3170004 13.784824 0.47362313
v 9.3426762 13.779694 0.46801031
v 9.3654242 13.775113 0.462982
v 9.3860941 13.767466 0.4526169
v 9.3665991 13.767527 0.45049584
v 9.3855419 13.771034 0.45849147
v 9.4596891 13.316277 0.41502327
v 9.5160723 12.865143 0.37555417
v 9.5724564 12.414009 0.33608505
v 9.344553 13.767596 0.44810119
v 9.1331224 13.820376 0.51188642
v 9.0828114 13.829749 0.52177316
v 9.1853018 13.7681 0.43091553
v 9.1412954 13.768239 0.42619696
v 9.0924339 13.768394 0.42097065
v 9.0383968 13.768565 0.4152047
v 8.9659882 13.850944 0.54379302
v 9.0271845 13.839938 0.53242338
v 8.8989763 13.862748 0.5558337
v 8.8259583 13.875314 0.56847227
v 8.746911 13.888568 0.58157349
v 8.6618357 13.902421 0.59500724
v 8.842638 13.769184 0.39442164
v 8.765625 13.769427 0.38629434
v 8.6826859 13.76969 0.37757638
v 8.5939617 13.769971 0.36829418
v 8.4744148 13.931398 0.62212771
v 8.5708981 13.916751 0.60859746
v 8.3728085 13.94617 0.63536519
v 8.2666941 13.960846 0.64804631
v 8.1567879 13.975179 0.65990072
v 8.0439548 13.988895 0.67064172
v 7.9291673 14.001711 0.67999303
v 7.8134317 14.013344 0.68769944
v 8.0781746 13.771602 0.31604093
v 7.965404 13.771958 0.30530474
v 7.8515506 13.772318 0.29487556
v 7.7376518 13.772678 0.28495795
v 7.6247449 13.773035 0.27575734
v 6.9349709 13.775215 0.23532104
v 7.0183277 13.774952 0.23788312
v 6.8575425 13.775459 0.23402205
v 6.8909578 14.03295 0.65339625
v 6.9737487 14.039136 0.66659808
v 6.8144312 14.024923 0.63852006
v 6.7441983 14.01521 0.62222916
v 6.6801782 14.003999 0.60479152
v 6.6222091 13.991445 0.58642828
v 6.5700665 13.977706 0.56733888
v 7.0626516 14.043329 0.67785072
v 7.1573758 14.045411 0.68689513
v 7.1074557 13.77467 0.24167891
v 7.2020664 13.774371 0.24665084
v 7.301734 13.774056 0.25269324
v 7.4058919 13.773726 0.25966844
v 7.257483 14.045309 0.69350404
v 7.36238 14.043006 0.69750178
v 7.4713321 14.038539 0.6987617
v 7.6978502 14.023521 0.69352722
v 7.5834751 14.031998 0.69729608
v 7.5138388 13.773386 0.26739645
v 6.5234823 13.962895 0.54766864
v 6.4821706 13.947102 0.52752268
v 6.5137148 13.776544 0.25151351
v 6.4745822 13.776667 0.25830284
v 6.4399405 13.776775 0.26618537
v 6.4095721 13.776871 0.27523735
v 6.4458423 13.930349 0.50693178
v 6.4142499 13.912617 0.48588654
v 6.3871965 13.893785 0.46427375
v 6.3646154 13.873635 0.44189581
v 6.3466597 13.851851 0.41848302
v 6.3338623 13.828094 0.39378455
v 6.3271823 13.802576 0.36814269
v 6.3613954 13.777021 0.29757074
v 6.3440948 13.777076 0.31137842
v 6.3833666 13.776953 0.2856203
v 6.5575995 13.776405 0.24578758
v 6.6065173 13.776251 0.24113533
v 6.6607447 13.77608 0.23758979
v 6.7205305 13.775891 0.23519109
v 6.7860823 13.775685 0.23399003
v 8.1888647 13.771252 0.32689574
v 8.2965488 13.770911 0.33768713
v 8.400403 13.770582 0.34826317
v 8.4997282 13.770268 0.35849801
v 7.2113686 2.2966139 -0.78328133
v 8.9137011 13.768959 0.40194672
v 8.978898 13.768753 0.40887055
v 7.5472965 2.2104459 -0.7842989
v 7.6591692 2.265095 -0.77577233
v 7.619091 2.2438304 -0.77899832
v 7.642416 2.2559702 -0.77713948
v 9.2247934 13.767975 0.4351604
v 2.4612925 -0.19371921 -3.3825247
v 2.4727831 -0.19371921 -3.4067106
v 2.6347318 -0.19371921 -3.4811327
v 2.6609917 -0.19371921 -3.4739158
v 2.6068375 -0.19371921 -3.4836364
v 2.4881074 -0.19371921 -3.4283826
v 2.5068257 -0.19371921 -3.4471009
v 2.5284977 -0.19371921 -3.4624252
v 2.5526836 -0.19371921 -3.4739158
v 2.5789435 -0.19371921 -3.4811327
v 2.6851776 -0.19371921 -3.4624252
v 2.7068496 -0.19371921 -3.4471009
v 2.7255678 -0.19371921 -3.4283826
v 2.7408922 -0.19371921 -3.4067106
v 2.7523828 -0.19371921 -3.3825247
v 2.7595997 -0.19371921 -3.3562648
v 2.4612925 0.19371921 -3.3825247
v 2.4727831 0.19371921 -3.4067106
v 2.7523828 0.19371921 -3.3825247
v 2.7595997 0.19371921 -3.3562648
v 2.7408922 0.19371921 -3.4067106
v 2.7255678 0.19371921 -3.4283826
v 2.7068496 0.19371921 -3.4471009
v 2.6851776 0.19371921 -3.4624252
v 2.6609917 0.19371921 -3.4739158
v 2.6347318 0.19371921 -3.4811327
v 2.5789435 0.19371921 -3.4811327
v 2.6068375 0.19371921 -3.4836364
v 2.5526836 0.19371921 -3.4739158
v 2.5284977 0.19371921 -3.4624252
v 2.5068257 0.19371921 -3.4471009
v 2.4881074 0.19371921 -3.4283826
v 24.244835 8.0279705e-17 3.2782803
v 24.074301 4.6250199e-17 2.7225361
v 24.415369 1.143092e-16 3.8340242
v 24.573193 -0.0010794589 4.3921032
v 24.558632 -0.002307273 4.3947678
v 24.573193 0.0010794589 4.3921032
v 24.573332 3.7801761e-18 4.3925271
v 24.558935 -1.294811e-16 4.3956733
v 24.542477 -2.4314308e-16 4.3992515
v 24.558632 0.002307273 4.3947678
v 24.541988 0.0036997495 4.3978009
v 24.523006 0.0052737226 4.4012446
v 24.50141 0.0070461445 4.4051414
v 24.502354 -3.7353012e-16 4.407896
v 24.523706 -3.2775278e-16 4.4033093
v 24.478132 -3.7194389e-16 4.4130616
v 24.50141 -0.0070461445 4.4051414
v 24.523006 -0.0052737226 4.4012446
v 24.541988 -0.0036997495 4.3978009
v 24.343849 0.019405181 4.4329138
v 24.382963 0.01642869 4.4261246
v 24.300451 0.022639968 4.4403443
v 24.30378 1.0013455e-16 4.4490657
v 24.346628 3.974669e-17 4.4404225
v 24.300451 -0.022639968 4.4403443
v 24.343849 -0.019405181 4.4329138
v 24.256514 1.2804651e-16 4.4584379
v 24.204622 1.3196783e-16 4.4685621
v 24.252556 0.026127474 4.4484301
v 24.252556 -0.026127474 4.4484301
v 24.199968 -0.029854998 4.457191
v 24.142628 -0.03379726 4.4666033
v 24.148046 1.1858718e-16 4.4794025
v 24.086821 1.0156302e-16 4.4908986
v 24.199968 0.029854998 4.457191
v 24.142628 0.03379726 4.4666033
v 24.080572 0.037918735 4.4766235
v 24.014055 0.042168222 4.487124
v 23.943285 0.046488043 4.4980555
v 23.951468 1.1692284e-16 4.5152764
v 24.021238 9.7828236e-17 4.5028753
v 23.943285 -0.046488043 4.4980555
v 24.014055 -0.042168222 4.487124
v 23.877869 1.3657347e-16 4.527987
v 24.080572 -0.037918735 4.4766235
v 24.417988 -0.013712869 4.4199872
v 24.382963 -0.01642869 4.4261246
v 24.449202 -0.011251306 4.4144702
v 24.419891 -2.1632332e-16 4.4253197
v 24.385279 -8.3472933e-17 4.4324985
v 24.450745 -3.1838139e-16 4.4188542
v 24.449202 0.011251306 4.4144702
v 24.417988 0.013712869 4.4199872
v 24.476908 0.0090335393 4.4095354
v 24.476908 -0.0090335393 4.4095354
v 23.868643 -0.050805267 4.5093222
v 23.790695 -0.055036649 4.5207758
v 23.800999 1.2433975e-16 4.5408187
v 23.721588 1.0333856e-16 4.5535169
v 23.868643 0.050805267 4.5093222
v 23.790695 0.055036649 4.5207758
v 23.710163 0.059088759 4.5322142
v 23.62771 0.062863797 4.5435429
v 23.640234 1.0475963e-16 4.5659833
v 23.544172 0.066263959 4.5545936
v 23.460468 0.069193274 4.565156
v 23.216578 0.074391551 4.5927591
v 23.295868 0.073317602 4.5843577
v 23.14023 0.074765541 4.6002641
v 23.233438 1.492516e-16 4.6180024
v 23.312115 1.4954114e-16 4.6094847
v 23.14023 -0.074765541 4.6002641
v 23.216578 -0.074391551 4.5927591
v 23.157532 1.5582778e-16 4.6253948
v 23.084944 1.6524276e-16 4.6316199
v 23.067389 0.074433938 4.6068254
v 23.067389 -0.074433938 4.6068254
v 22.998497 -0.0734125 4.612431
v 22.933878 -0.071740583 4.6170969
v 23.016113 1.7767398e-16 4.6366811
v 23.295868 -0.073317602 4.5843577
v 23.37742 -0.071567774 4.5751233
v 23.392897 1.4175572e-16 4.5999022
v 23.475048 1.3556078e-16 4.5893602
v 23.37742 0.071567774 4.5751233
v 23.557753 1.3904896e-16 4.5780172
v 23.460468 -0.069193274 4.565156
v 23.544172 -0.066263959 4.5545936
v 23.62771 -0.062863797 4.5435429
v 23.710163 -0.059088759 4.5322142
v 22.933878 0.071740583 4.6170969
v 22.998497 0.0734125 4.612431
v 22.873749 0.069464661 4.6208434
v 22.951363 1.8944755e-16 4.6406121
v 22.890923 2.2334885e-16 4.6434493
v 22.873749 -0.069464661 4.6208434
v 22.818174 -0.06664592 4.6237307
v 22.767151 -0.063344255 4.6258106
v 22.720592 -0.059622124 4.6271405
v 22.834864 2.1353625e-16 4.6452808
v 22.783194 1.9082694e-16 4.6461763
v 22.818174 0.06664592 4.6237307
v 22.767151 0.063344255 4.6258106
v 22.720592 0.059622124 4.6271405
v 22.678324 0.055530094 4.6277843
v 22.575029 0.041372992 4.6260519
v 22.605795 0.046391152 4.6272063
v 22.547577 0.036034081 4.6243324
v 22.585945 2.4326545e-16 4.6390982
v 22.617958 2.7589671e-16 4.6418748
v 22.557138 1.5906775e-16 4.6356702
v 22.547577 -0.036034081 4.6243324
v 22.575029 -0.041372992 4.6260519
v 22.605795 -0.046391152 4.6272063
v 22.640141 -0.051111158 4.6277914
v 22.678324 -0.055530094 4.6277843
v 22.692661 2.4751833e-16 4.6454673
v 22.653444 2.3642317e-16 4.6440053
v 22.640141 0.051111158 4.6277914
v 22.735847 2.2285977e-16 4.6462111
v 22.523201 -0.030303145 4.6220088
v 22.501736 -0.024044724 4.6189818
v 22.531284 3.3108882e-16 4.6315274
v 22.523201 0.030303145 4.6220088
v 22.501736 0.024044724 4.6189818
v 7.6767969 2.5063465 -2.0859199
v 7.6767969 2.4429095 -1.7261513
v 7.6767969 2.3794725 -1.3663827
v 7.6767969 2.3160357 -1.0066141
v 7.212554 2.4833744 -2.1079352
v 7.2095861 2.5101614 -2.1044252
v 7.2095861 2.5090747 -2.1045051
v 7.6767969 -2.5063465 -2.0859199
v 7.6762705 -2.510313 -2.1066601
v 7.6767969 -2.4429095 -1.7261513
v 7.6767969 -2.3794725 -1.3663827
v 7.6767969 -2.3160357 -1.0066141
v 7.2723322 -2.4122219 -2.1228311
v 7.2101231 -2.5209713 -2.1036041
v 7.2095861 -2.5101614 -2.1044252
v 7.4576869 -2.6076524 -2.0964985
v 8.1904907 -2.5959792 -2.9392374
v 8.1902876 -2.6083519 -2.9384148
v 8.1902828 -2.5309155 -2.9383948
v 8.1285439 -2.7659745 -2.9085429
v 7.7576475 -2.3214831 -3.0274074
v 7.741539 -2.3019691 -3.0212934
v 7.7415347 -2.3018987 -3.0212417
v 7.7406764 -2.2947719 -3.0161288
v 7.7409225 -2.2961972 -3.017128
v 7.7409763 -2.3128414 -3.0274913
v 7.7405539 -2.8113213 -3.0361562
v 7.739078 -2.8069069 -3.0390222
v 7.7371516 -2.802737 -3.0418804
v 7.1291409 -2.8368998 -3.0350969
v 6.8708572 -2.8376563 -2.9893334
v 6.7593145 -2.7969928 -2.974653
v 6.7267718 -2.761688 -2.97826
v 6.6916876 -2.6981807 -2.9864562
v 6.6756983 -2.5972896 -2.9971945
v 6.6756177 -2.5830739 -2.9981904
v 6.6756372 -2.5530403 -2.9979486
v 8.1906538 2.5859969 -2.9399009
v 8.1905546 2.547509 -2.9394979
v 8.190649 2.5532715 -2.9398811
v 8.1116838 2.3463678 -2.8965268
v 8.12533 2.3607323 -2.9004765
v 8.1285439 2.7659745 -2.9085429
v 7.9284892 2.2844775 -2.9364648
v 8.0040789 2.8342478 -2.9180524
v 7.8538313 2.2893095 -2.9713552
v 7.7405539 2.8113213 -3.0361562
v 7.7244906 2.3394563 -3.0469172
v 7.7409763 2.3128414 -3.0274913
v 7.7401834 2.2919211 -3.0141299
v 7.7406764 2.2947719 -3.0161288
v 7.7409225 2.2961972 -3.017128
v 7.1295304 2.2943571 -3.0302756
v 7.129703 2.2915072 -3.0281417
v 7.1296167 2.292932 -3.0292084
v 7.1433859 2.337923 -3.0558975
v 7.1291409 2.8368998 -3.0350969
v 7.1289496 2.8326008 -3.0374646
v 7.1287961 2.8291478 -3.0393662
v 7.1286306 2.8254356 -3.0414107
v 7.1289878 2.8172314 -3.045994
v 6.8892212 2.2878804 -2.9839838
v 6.7769728 2.3173862 -2.9656742
v 6.7593145 2.7969928 -2.974653
v 6.6756177 2.5830739 -2.9981904
v 6.6755433 2.5696337 -2.9991112
v 6.6765342 2.5039349 -2.9936664
v 6.6757312 2.5364466 -2.9967861
v 6.6758251 2.5198531 -2.9956236
v 6.6757755 2.5286248 -2.9962382
v 6.6841984 2.4542725 -2.9870846
v 6.6842599 2.4540575 -2.9870422
v 7.7453923 2.2903218 -3.0689905
v 7.7413387 2.2903218 -3.0188165
v 7.7413387 2.2903218 -3.1191642
v 7.7296033 2.2903218 -3.1667709
v 7.7108254 2.2903218 -3.2111707
v 7.6547008 2.2903218 -3.2877936
v 7.6856451 2.2903218 -3.2517247
v 7.7413387 2.8378832 -3.1191642
v 7.7453923 2.8378832 -3.0689905
v 7.7296033 2.8378832 -3.1667709
v 7.7108254 2.8378832 -3.2111707
v 7.6186318 2.2903218 -3.318738
v 7.5780778 2.2903218 -3.3439186
v 7.1861501 2.2903218 -3.2517247
v 7.2170944 2.2903218 -3.2877936
v 7.1609693 2.2903218 -3.2111707
v 7.2531633 2.2903218 -3.318738
v 7.2937169 2.2903218 -3.3439186
v 7.4358974 2.2903218 -3.3784854
v 7.4860711 2.2903218 -3.3744316
v 7.5336781 2.2903218 -3.3626962
v 7.5336781 2.8378832 -3.3626962
v 7.5780778 2.8378832 -3.3439186
v 7.4860711 2.8378832 -3.3744316
v 7.4358974 2.8378832 -3.3784854
v 7.3857236 2.8378832 -3.3744316
v 7.3857236 2.2903218 -3.3744316
v 7.3381171 2.2903218 -3.3626962
v 7.2937169 2.8378832 -3.3439186
v 7.3381171 2.8378832 -3.3626962
v 7.2531633 2.8378832 -3.318738
v 7.2170944 2.8378832 -3.2877936
v 7.1421919 2.2903218 -3.1667709
v 7.1304564 2.2903218 -3.1191642
v 7.1264024 2.2903218 -3.0689905
v 6.7587171 2.3321643 -2.9680057
v 7.1609693 2.8378832 -3.2111707
v 7.1861501 2.8378832 -3.2517247
v 7.1421919 2.8378832 -3.1667709
v 7.1304564 2.8378832 -3.1191642
v 7.1264024 2.8378832 -3.0689905
v 7.6186318 2.8378832 -3.318738
v 7.6547008 2.8378832 -3.2877936
v 7.6856451 2.8378832 -3.2517247
v 7.3857236 -2.2903218 -3.3744316
v 7.3381171 -2.2903218 -3.3626962
v 7.4358974 -2.2903218 -3.3784854
v 7.4860711 -2.2903218 -3.3744316
v 7.5336781 -2.2903218 -3.3626962
v 7.7413387 -2.2903218 -3.0188165
v 7.7413387 -2.2903218 -3.1191642
v 7.7453923 -2.2903218 -3.0689905
v 7.6186318 -2.2903218 -3.318738
v 7.5780778 -2.2903218 -3.3439186
v 7.6547008 -2.2903218 -3.2877936
v 7.6856451 -2.2903218 -3.2517247
v 7.7108254 -2.2903218 -3.2111707
v 7.7296033 -2.2903218 -3.1667709
v 7.7413387 -2.8378832 -3.1191642
v 7.7296033 -2.8378832 -3.1667709
v 7.7108254 -2.8378832 -3.2111707
v 7.6547008 -2.8378832 -3.2877936
v 7.6856451 -2.8378832 -3.2517247
v 7.2937169 -2.2903218 -3.3439186
v 7.2531633 -2.2903218 -3.318738
v 7.2170944 -2.2903218 -3.2877936
v 7.1861501 -2.2903218 -3.2517247
v 7.6186318 -2.8378832 -3.318738
v 7.5780778 -2.8378832 -3.3439186
v 7.4860711 -2.8378832 -3.3744316
v 7.5336781 -2.8378832 -3.3626962
v 7.1609693 -2.2903218 -3.2111707
v 7.1421919 -2.2903218 -3.1667709
v 7.1304564 -2.2903218 -3.1191642
v 7.1264024 -2.2903218 -3.0689905
v 7.4358974 -2.8378832 -3.3784854
v 7.3857236 -2.8378832 -3.3744316
v 7.3381171 -2.8378832 -3.3626962
v 7.2937169 -2.8378832 -3.3439186
v 7.2531633 -2.8378832 -3.318738
v 7.2170944 -2.8378832 -3.2877936
v 7.1861501 -2.8378832 -3.2517247
v 7.1609693 -2.8378832 -3.2111707
v 7.1421919 -2.8378832 -3.1667709
v 7.1304564 -2.8378832 -3.1191642
v 7.1264024 -2.8378832 -3.0689905
v 7.7453923 -2.8378832 -3.0689905
v 23.853264 0.93344498 1.7934426
v 23.853264 -0.93344498 1.7934426
v 23.770628 -1.86689 1.7934426
v 23.687992 -2.8003349 1.7934426
v 23.605356 -3.7337799 1.7934426
v 23.491167 -4.6672249 1.7970959
v 23.491167 -4.6672249 1.7897893
v 23.44581 -4.6672249 1.8022225
v 23.381954 -4.6672249 1.8091977
v 23.770628 1.86689 1.7934426
v 23.687992 2.8003349 1.7934426
v 23.44581 4.6672249 1.7846627
v 23.491167 4.6672249 1.7897893
v 23.381954 4.6672249 1.7776875
v 23.381954 4.6672249 1.8091977
v 23.44581 4.6672249 1.8022225
v 23.491167 4.6672249 1.7970959
v 23.605356 3.7337799 1.7934426
v 23.294647 4.6672249 1.8182948
v 23.179922 4.6672249 1.8294982
v 23.036797 4.6672249 1.8422576
v 22.86936 4.6672249 1.8552961
v 22.687601 4.6672249 1.8666404
v 23.294647 -4.6672249 1.8182948
v 23.179922 -4.6672249 1.8294982
v 23.294647 -4.6672249 1.7685906
v 23.381954 -4.6672249 1.7776875
v 23.179922 -4.6672249 1.757387
v 22.337715 -4.6672249 1.7108743
v 22.194084 -4.6672249 1.7147547
v 22.079165 -4.6672249 1.7235498
v 22.194084 -4.6672249 1.8721305
v 22.079165 -4.6672249 1.8633354
v 22.337715 -4.6672249 1.8760109
v 22.505642 -4.6672249 1.8740793
v 22.86936 -4.6672249 1.8552961
v 23.036797 -4.6672249 1.8422576
v 23.036797 -4.6672249 1.7446276
v 22.86936 -4.6672249 1.7315891
v 22.687601 -4.6672249 1.7202449
v 22.505642 -4.6672249 1.712806
v 22.687601 -4.6672249 1.8666404
v 21.992275 -4.6672249 1.8509947
v 21.929844 -4.6672249 1.8360448
v 21.929844 -4.6672249 1.7508404
v 21.992275 -4.6672249 1.7358905
v 21.888962 -3.7337799 1.7676734
v 21.889864 -2.8003349 1.7664462
v 21.870001 -3.7337799 1.7934426
v 21.888962 -3.7337799 1.8192118
v 21.889864 -2.8003349 1.820439
v 22.505642 4.6672249 1.8740793
v 22.337715 4.6672249 1.8760109
v 22.337715 4.6672249 1.7108743
v 22.194084 4.6672249 1.7147547
v 22.079165 4.6672249 1.7235498
v 21.992275 4.6672249 1.7358905
v 21.992275 4.6672249 1.8509947
v 22.079165 4.6672249 1.8633354
v 21.929844 4.6672249 1.8360448
v 21.889864 2.8003349 1.820439
v 21.890768 1.86689 1.8216661
v 21.870001 3.7337799 1.7934426
v 21.870001 2.8003349 1.7934426
v 21.888962 3.7337799 1.8192118
v 21.888962 3.7337799 1.7676734
v 21.929844 4.6672249 1.7508404
v 21.889864 2.8003349 1.7664462
v 21.890768 1.86689 1.7652191
v 21.89167 0.93344498 1.7639921
v 21.870001 1.86689 1.7934426
v 21.870001 0.93344498 1.7934426
v 21.89167 0.93344498 1.8228931
v 21.89167 -0.93344498 1.8228931
v 21.890768 -1.86689 1.8216661
v 21.870001 -1.86689 1.7934426
v 21.870001 -2.8003349 1.7934426
v 21.890768 -1.86689 1.7652191
v 21.89167 -0.93344498 1.7639921
v 21.870001 -0.93344498 1.7934426
v 22.505642 4.6672249 1.712806
v 22.687601 4.6672249 1.7202449
v 22.86936 4.6672249 1.7315891
v 23.036797 4.6672249 1.7446276
v 23.44581 -4.6672249 1.7846627
v 23.179922 4.6672249 1.757387
v 23.294647 4.6672249 1.7685906
v 22.194084 4.6672249 1.8721305
v 3.1463778 0.14428875 -1.1528164
v 3.1319258 0.14151093 -1.1520897
v 3.0547664 0.056084305 -1.1482127
v 3.1065238 0.12538695 -1.150813
v 3.0884509 0.11270176 -1.1499046
v 3.0640929 0.079212748 -1.1486809
v 3.0737445 0.093358032 -1.1491657
v 3.0495584 0.0366906 -1.1479527
v 3.0461385 0.011342601 -1.1477833
v 3.0477548 0.027568156 -1.1478628
v 3.0467467 0.017903434 -1.1478132
v 3.1585271 0.14662401 -1.153428
v 3.2279704 0.14743815 -1.1569252
v 3.2232528 0.14809954 -1.1566875
v 3.1926963 0.15242334 -1.1551481
v 3.1926963 -0.15242334 -1.1551481
v 3.2232528 -0.14809954 -1.1566875
v 3.2279704 -0.14743815 -1.1569252
v 3.1463778 -0.14428875 -1.1528164
v 3.1585271 -0.14662401 -1.153428
v 3.0525246 -0.050018806 -1.1481005
v 3.0547664 -0.056084305 -1.1482127
v 3.0459411 -0.0045800693 -1.1477741
v 3.0461385 -0.011342601 -1.1477833
v 3.0495584 -0.0366906 -1.1479527
v 3.0477548 -0.027568156 -1.1478628
v 3.0467467 -0.017903434 -1.1478132
v 3.1319258 -0.14151093 -1.1520897
v 3.0569651 -0.062032789 -1.1483231
v 3.1065238 -0.12538695 -1.150813
v 3.0640929 -0.079212748 -1.1486809
v 3.0737445 -0.093358032 -1.1491657
v 3.0884509 -0.11270176 -1.1499046
v 3.3473916 0.11029079 -1.1623963
v 3.3230941 0.12133861 -1.1612827
v 3.292516 0.13200024 -1.1598816
v 3.2593827 0.14304575 -1.1583635
v 3.3512847 0.1085205 -1.1625751
v 3.4751215 0.039112236 -1.1682634
v 3.4743273 0.039644245 -1.1682268
v 3.4617879 0.047612868 -1.1676507
v 3.3792245 0.095162027 -1.1638579
v 3.401792 0.083083853 -1.1648945
v 3.4427524 0.059499964 -1.1667761
v 3.4255857 0.069672689 -1.1659875
v 3.4743273 -0.039644245 -1.1682268
v 3.4751215 -0.039112236 -1.1682634
v 3.3473916 -0.11029079 -1.1623963
v 3.3512847 -0.1085205 -1.1625751
v 3.3792245 -0.095162027 -1.1638579
v 3.4617879 -0.047612868 -1.1676507
v 3.4427524 -0.059499964 -1.1667761
v 3.401792 -0.083083853 -1.1648945
v 3.4255857 -0.069672689 -1.1659875
v 3.3230941 -0.12133861 -1.1612827
v 3.2593827 -0.14304575 -1.1583635
v 3.292516 -0.13200024 -1.1598816
v 3.500325 0.022200577 -1.1692801
v 3.4977231 0.024027832 -1.1691751
v 3.4888186 0.029959528 -1.1688159
v 3.5083053 0.016595874 -1.1696023
v 3.521986 0.0068746293 -1.1701548
v 3.5144827 0.012333173 -1.1698518
v 3.5083053 -0.016595874 -1.1696023
v 3.5144827 -0.012333173 -1.1698518
v 3.500325 -0.022200577 -1.1692801
v 3.521986 -0.0068746293 -1.1701548
v 3.4977231 -0.024027832 -1.1691751
v 3.4888186 -0.029959528 -1.1688159
v 6.3394914 1.7195661 -0.54870552
v 6.334847 1.7151334 -0.55791199
v 6.4784184 1.7778256 -0.4277924
v 6.4636431 1.7740558 -0.43560946
v 6.4432178 1.7678338 -0.44851619
v 6.4245296 1.7621582 -0.46028939
v 6.4081602 1.756088 -0.47288525
v 6.3917084 1.7500045 -0.48550886
v 6.3791099 1.7441024 -0.49775994
v 6.3651738 1.7375911 -0.51127541
v 6.3561444 1.7318944 -0.52310395
v 6.3451252 1.7249609 -0.5375002
v 6.337595 1.6495082 -0.65267301
v 6.3393984 1.6467024 -0.65660608
v 6.3318872 1.7111614 -0.56386721
v 6.3293791 1.7042311 -0.57407081
v 6.3255272 1.6936517 -0.58964902
v 6.3254151 1.6877508 -0.59819496
v 6.3251972 1.6773913 -0.61319965
v 6.3298974 1.6615285 -0.63582164
v 6.328383 1.6666167 -0.62856567
v 6.3581791 1.6287384 -0.68260437
v 6.3741193 1.6185105 -0.69718176
v 6.3406997 1.6447678 -0.659437
v 6.3537412 1.6327991 -0.6767357
v 6.4121971 1.5895549 -0.72552317
v 6.4161224 1.5873259 -0.72762489
v 6.3768563 1.6159424 -0.69974703
v 6.4069324 1.5933025 -0.72188228
v 6.3821311 1.6110064 -0.70467633
v 6.4481797 1.5700753 -0.74470669
v 6.4735398 1.5589795 -0.75539029
v 6.4433579 1.5726629 -0.7421453
v 6.443357 -1.5726727 -0.74214417
v 6.4161148 -1.5873415 -0.72761989
v 6.4481797 -1.5700843 -0.74470603
v 6.473536 -1.5589886 -0.75538802
v 6.3768554 -1.6159568 -0.69974536
v 6.3741069 -1.6185365 -0.69716877
v 6.4121971 -1.5895665 -0.72552228
v 6.3821311 -1.6110197 -0.70467532
v 6.4069314 -1.5933149 -0.72188085
v 6.3406997 -1.6447866 -0.65943557
v 6.3393898 -1.6467341 -0.65658599
v 6.3581791 -1.6287566 -0.682603
v 6.3537402 -1.6328181 -0.67673343
v 6.3375945 -1.6495273 -0.65267068
v 6.3318872 -1.711181 -0.56386572
v 6.3348641 -1.7151763 -0.55787599
v 6.3293786 -1.7042501 -0.57407027
v 6.3255272 -1.693671 -0.58964753
v 6.3251972 -1.6774101 -0.61319816
v 6.3254151 -1.6877693 -0.59819436
v 6.3298974 -1.6615469 -0.63582021
v 6.328383 -1.666636 -0.6285634
v 6.4432163 -1.7678512 -0.44851568
v 6.4636431 -1.7740728 -0.43560818
v 6.4245296 -1.7621768 -0.46028796
v 6.4784093 -1.7778399 -0.42779586
v 6.3394904 -1.7195911 -0.54870486
v 6.356144 -1.7319173 -0.52310336
v 6.3651738 -1.7376136 -0.51127368
v 6.3451252 -1.7249856 -0.53749835
v 6.3917084 -1.7500249 -0.48550731
v 6.4081588 -1.7561071 -0.47288471
v 6.3791084 -1.7441232 -0.49775937
v 6.4843764 1.7792343 -0.4246487
v 6.620811 1.8054589 -0.36519957
v 6.5860696 1.7996259 -0.37858161
v 6.5614944 1.795519 -0.38800776
v 6.6220293 1.8056302 -0.36479935
v 6.5092087 1.7851261 -0.4115029
v 6.5319147 1.789629 -0.40132126
v 6.6471066 1.8095942 -0.35652807
v 6.685452 1.8156831 -0.34381989
v 6.4900908 1.551483 -0.76237565
v 6.5237727 1.5387663 -0.77377641
v 6.4860907 1.5532899 -0.76069278
v 6.5924301 1.517678 -0.79329872
v 6.6146674 1.5121683 -0.79812592
v 6.5352855 1.5346988 -0.77765185
v 6.5380912 1.5337118 -0.77859151
v 6.5910497 1.5180833 -0.79292732
v 6.65453 1.4969676 -0.80716604
v 6.6554656 1.4966615 -0.80733675
v 6.6326075 1.5053115 -0.80220717
v 6.6534028 1.4973377 -0.80695903
v 6.6784821 1.489694 -0.81149077
v 6.6784797 -1.4896858 -0.81149107
v 6.6554594 -1.4966558 -0.80733621
v 6.6325984 -1.5053115 -0.80220538
v 6.6146674 -1.5121683 -0.79812592
v 6.654531 -1.4969594 -0.80716687
v 6.6534028 -1.4973302 -0.80695963
v 6.535285 -1.5347024 -0.77765143
v 6.5237713 -1.5387708 -0.77377564
v 6.5924301 -1.5176789 -0.79329866
v 6.5910497 -1.5180843 -0.79292727
v 6.5380912 -1.533715 -0.77859128
v 6.4860902 -1.5532966 -0.76069206
v 6.4900908 -1.5514891 -0.76237518
v 6.6471047 -1.809607 -0.35652763
v 6.6854453 -1.8156943 -0.34382108
v 6.6220117 -1.8056413 -0.36480421
v 6.5614944 -1.7955333 -0.38800666
v 6.5860677 -1.7996397 -0.37858117
v 6.620811 -1.8054725 -0.36519852
v 6.484375 -1.7792501 -0.42464823
v 6.5092087 -1.7851416 -0.41150171
v 6.5319133 -1.7896438 -0.40132082
v 6.6874847 1.8159698 -0.34314889
v 6.791297 1.8276807 -0.31526145
v 6.7618284 1.8247842 -0.32224688
v 6.8420334 1.8327034 -0.30315712
v 6.7153687 1.8192635 -0.33533621
v 6.8440895 1.8329438 -0.30266374
v 6.9100471 1.8394949 -0.289482
v 6.8749518 1.8359983 -0.29652062
v 6.8048387 1.4542378 -0.83086997
v 6.8062234 1.4539242 -0.83102012
v 6.7213144 1.4762299 -0.81926101
v 6.7258415 1.4750137 -0.81991029
v 6.7964501 1.4561507 -0.82994998
v 6.8913469 1.436713 -0.83977199
v 6.9028497 1.4347311 -0.84066373
v 6.8790426 1.4388506 -0.83880323
v 6.902844 -1.4347112 -0.84066492
v 6.8913512 -1.436691 -0.83977401
v 6.8790421 -1.4388292 -0.83880496
v 6.8061996 -1.4539062 -0.8310194
v 6.8048429 -1.4542136 -0.83087224
v 6.7964501 -1.4561281 -0.82995176
v 6.7213144 -1.4762157 -0.81926215
v 6.7258439 -1.4749984 -0.81991184
v 6.8749504 -1.836008 -0.2965202
v 6.9100418 -1.8395032 -0.28948238
v 6.8440895 -1.8329546 -0.30266291
v 6.8420243 -1.8327132 -0.30315843
v 6.7618284 -1.8247956 -0.32224602
v 6.7912951 -1.8276917 -0.31526101
v 6.6874847 -1.8159819 -0.34314796
v 6.7153668 -1.819275 -0.33533579
v 6.9344401 1.8415111 -0.28462222
v 6.9665775 1.8436334 -0.27943516
v 7.0329313 1.8480589 -0.26862642
v 7.0650287 1.8496971 -0.26454192
v 7.0663834 1.849788 -0.26436785
v 7.1635585 1.8560216 -0.25254145
v 7.139482 1.8547329 -0.25486535
v 6.9692483 1.4230926 -0.84582692
v 6.9831753 1.4210516 -0.84657121
v 7.0875626 1.4078208 -0.8514815
v 7.1580887 1.4003757 -0.8535161
v 6.9857106 1.4207146 -0.84670389
v 7.067121 1.4100074 -0.85086715
v 7.1580825 -1.4003613 -0.85351717
v 7.0875664 -1.4078014 -0.85148317
v 7.067121 -1.4099872 -0.85086882
v 6.9857154 -1.4206897 -0.84670615
v 6.9831419 -1.4210317 -0.84657139
v 6.9692483 -1.4230683 -0.84582883
v 7.0650239 -1.8497044 -0.26454195
v 7.0663819 -1.8497953 -0.26436746
v 7.139482 -1.8547376 -0.25486499
v 7.1635542 -1.8560253 -0.25254157
v 7.0329313 -1.8480666 -0.26862583
v 6.9344401 -1.8415196 -0.28462154
v 6.9665761 -1.8436415 -0.27943477
v 7.1738653 1.8564054 -0.25155988
v 7.3125682 1.8608799 -0.23998477
v 7.2894788 1.8603022 -0.24151526
v 7.2538357 1.8594326 -0.24382527
v 7.3755617 1.8631084 -0.23575735
v 7.462985 1.8651468 -0.23246694
v 7.4122314 1.8639505 -0.23440868
v 7.1725893 1.398922 -0.85392821
v 7.1939015 1.3972347 -0.85414797
v 7.4052682 1.3845122 -0.85400683
v 7.4213157 1.3839191 -0.85367292
v 7.1968794 1.3970196 -0.85417706
v 7.2854328 1.3907486 -0.85493356
v 7.313066 1.3892809 -0.85474551
v 7.4212036 -1.3839191 -0.85367554
v 7.4052682 -1.3845073 -0.85400724
v 7.3130684 -1.3892714 -0.85474628
v 7.1968827 -1.3970042 -0.85417831
v 7.1938701 -1.3972217 -0.85414892
v 7.2854328 -1.3907378 -0.85493445
v 7.1725893 -1.3989067 -0.8539294
v 7.3755617 -1.863109 -0.23575731
v 7.4122314 -1.8639498 -0.23440874
v 7.4629827 -1.8651443 -0.23246722
v 7.3125653 -1.8608823 -0.23998474
v 7.2894778 -1.8603048 -0.2415151
v 7.2538357 -1.8594357 -0.24382503
v 7.1738644 -1.8564091 -0.25155964
v 7.6015711 1.8652477 -0.23006205
v 7.5419912 1.8653928 -0.23063548
v 7.5040321 1.8655081 -0.23094484
v 7.6384268 1.8652751 -0.22969794
v 7.8338175 1.8627472 -0.2343732
v 7.8187909 1.8630447 -0.23375882
v 7.677906 1.8648635 -0.23039772
v 7.7777443 1.8638822 -0.23201969
v 7.6015677 -1.8652447 -0.23006232
v 7.6384268 -1.8652717 -0.22969823
v 7.677907 -1.8648596 -0.23039806
v 7.7777443 -1.8638771 -0.23202011
v 7.8187923 -1.863039 -0.23375934
v 7.8338165 -1.8627414 -0.23437364
v 7.5419922 -1.8653901 -0.2306357
v 7.5040321 -1.8655055 -0.23094505
v 7.9443841 1.8592883 -0.23948759
v 7.9208293 1.8601869 -0.23799846
v 7.963902 1.858481 -0.24072656
v 8.0664291 1.8543025 -0.2470829
v 8.3105021 1.8419734 -0.26801914
v 8.2132139 1.8472582 -0.25877121
v 8.1116953 1.852111 -0.25073394
v 8.2281666 1.3920867 -0.81441945
v 8.3105021 1.3961931 -0.80795431
v 8.0700779 1.3857808 -0.82547295
v 8.0838604 1.3862021 -0.82462001
v 8.1175652 1.3875396 -0.82226926
v 8.0838604 -1.3862046 -0.82461977
v 8.0700455 -1.3857825 -0.82547474
v 8.3105021 -1.3961931 -0.80795431
v 8.2281666 -1.3920877 -0.81441939
v 8.1175642 -1.3875418 -0.82226908
v 8.2132139 -1.8472567 -0.25877133
v 8.3105021 -1.8419734 -0.26801914
v 7.9443793 -1.859283 -0.23948774
v 7.9639034 -1.8584757 -0.24072708
v 8.0664291 -1.8542987 -0.2470832
v 8.1116962 -1.852108 -0.25073427
v 7.9208293 -1.8601813 -0.2379989
v 8.3242388 1.8395146 -0.26948413
v 8.3116159 1.8417747 -0.26813626
v 8.3598204 1.8328562 -0.27330694
v 8.38237 1.8285123 -0.2760267
v 8.4488792 1.8129164 -0.28427678
v 8.5247698 1.794897 -0.29405776
v 8.5048971 1.7997241 -0.29131824
v 8.5610962 1.7857809 -0.29908949
v 8.327404 1.3934871 -0.80692244
v 8.4767456 1.3693848 -0.79727435
v 8.4890614 1.3674098 -0.7964679
v 8.3723984 1.3859636 -0.80423957
v 8.3398495 1.3914195 -0.80616891
v 8.4938049 -1.3667084 -0.79615229
v 8.4767599 -1.369436 -0.79726887
v 8.3723984 -1.3859814 -0.80423808
v 8.3398504 -1.391426 -0.80616826
v 8.3274269 -1.3934857 -0.80692083
v 8.5248556 -1.7947179 -0.29408264
v 8.561101 -1.7856003 -0.29910493
v 8.5048971 -1.7995807 -0.29133007
v 8.3825102 -1.8284264 -0.27604842
v 8.4488516 -1.8128208 -0.28428173
v 8.3598204 -1.832816 -0.27331024
v 8.3242416 -1.8395034 -0.26948527
v 8.311615 -1.8417739 -0.26813632
v 8.7075262 1.7493533 -0.32018086
v 8.64713 1.7646306 -0.31107175
v 8.5830193 1.7804081 -0.3021155
v 8.7140265 1.7476258 -0.32116821
v 8.7948818 1.7259946 -0.33368117
v 8.785326 1.7286046 -0.33211723
v 8.785326 -1.7280065 -0.33216706
v 8.7949047 -1.7253754 -0.33373585
v 8.7077713 -1.7488137 -0.32025746
v 8.7139034 -1.7471746 -0.32118949
v 8.647131 -1.7642761 -0.31110114
v 8.5829601 -1.7801989 -0.30212578
v 8.8787718 1.7037809 -0.34741265
v 8.8408184 1.7138528 -0.34116521
v 8.9184294 1.6926105 -0.35399479
v 9.0180025 1.6639174 -0.37153029
v 8.9628305 1.6798426 -0.36177227
v 8.9625883 -1.6788834 -0.36181587
v 9.0180645 -1.6627508 -0.3716377
v 8.8792839 -1.7027881 -0.34756869
v 8.9184303 -1.691677 -0.35407293
v 8.8406343 -1.7131562 -0.34119722
v 9.0415926 1.6573626 -0.3756811
v 9.0455551 1.6561868 -0.37638468
v 9.0794983 1.6459287 -0.38269603
v 9.1017675 1.6391734 -0.38687509
v 9.1660032 1.6142507 -0.39938784
v 9.1950016 1.6027914 -0.40527257
v 9.188756 1.605267 -0.40399644
v 9.23559 1.586037 -0.41362262
v 9.1965313 -1.6010338 -0.40568274
v 9.2357311 -1.5849112 -0.4137421
v 9.1885204 -1.6042188 -0.40404493
v 9.1055937 -1.6366456 -0.38770834
v 9.1660042 -1.6131351 -0.39948204
v 9.0792074 -1.6447133 -0.38275144
v 9.0455561 -1.6549644 -0.37648746
v 9.0425158 -1.6558739 -0.37594712
v 9.3426323 1.5420173 -0.43612614
v 9.2916393 1.5631615 -0.4252117
v 9.2792597 1.5682747 -0.42258418
v 9.3849897 1.5237224 -0.44525424
v 9.4528198 1.4939232 -0.46042293
v 9.4291039 1.5043455 -0.45511553
v 9.3884735 1.522197 -0.44602743
v 9.4271173 -1.5043463 -0.45474553
v 9.4530678 -1.4930117 -0.460547
v 9.3448505 -1.5399691 -0.43669686
v 9.3849897 -1.5227371 -0.4453381
v 9.388299 -1.5212976 -0.44607154
v 9.2914267 -1.5621494 -0.42525971
v 9.2792606 -1.5671811 -0.42267689
v 9.4875202 1.4788948 -0.46820605
v 9.4830351 1.4808632 -0.46717155
v 9.4788103 1.482694 -0.46622279
v 9.5513697 1.4497422 -0.4830313
v 9.5624094 1.4432747 -0.48571688
v 9.6239977 1.4067367 -0.50107813
v 9.5733929 1.4368199 -0.48840532
v 9.6386547 1.3979218 -0.5047574
v 9.674264 1.3763304 -0.51384103
v 9.6561966 1.3873403 -0.50918686
v 9.6561966 -1.3886099 -0.50907737
v 9.6748037 -1.3773799 -0.5138613
v 9.6291246 -1.4047651 -0.50226945
v 9.6388292 -1.3989846 -0.5047009
v 9.5733929 -1.4376987 -0.48832968
v 9.5612688 -1.4447784 -0.4853678
v 9.5625458 -1.4440349 -0.48567805
v 9.4906578 -1.4767301 -0.46899739
v 9.4830351 -1.4800715 -0.4672395
v 9.4786673 -1.4819623 -0.46625879
v 9.7544804 1.3272469 -0.53467429
v 9.731679 1.3413064 -0.52866358
v 9.70924 1.3550191 -0.52285039
v 9.774332 1.3149052 -0.53991604
v 9.8572531 1.2628828 -0.56219786
v 9.8340797 1.2774864 -0.5559172
v 9.8001595 1.2988018 -0.54677385
v 9.8620205 1.2589929 -0.56356657
v 9.8818474 1.2426986 -0.5693326
v 9.8881273 1.2376665 -0.57114774
v 9.9056082 1.2236177 -0.57622707
v 9.8935137 -1.2399169 -0.57214147
v 9.9066238 -1.2292718 -0.57596034
v 9.8888083 -1.2438087 -0.57076466
v 9.8796091 -1.2513949 -0.56808728
v 9.7620859 -1.3243434 -0.53652495
v 9.7745724 -1.3166704 -0.53981417
v 9.8001595 -1.3009012 -0.54659206
v 9.8620195 -1.262427 -0.56326878
v 9.8343477 -1.2796646 -0.55578643
v 9.731678 -1.3429502 -0.52852154
v 9.7094517 -1.3564296 -0.52277225
v 10.002319 1.1440638 -0.60491586
v 9.9817181 1.1611326 -0.59872544
v 9.9675951 1.172801 -0.59450299
v 9.9176836 1.2137804 -0.57974726
v 9.9371338 1.197839 -0.58547932
v 10.012208 1.1361154 -0.60786617
v 10.095235 1.068682 -0.63309616
v 10.091666 1.071607 -0.63199437
v 10.022178 1.1280674 -0.61086351
v 10.051974 1.1039443 -0.61986709
v 10.087331 1.07515 -0.6306625
v 10.058751 1.0984378 -0.62192804
v 10.118697 1.0422765 -0.64096564
v 10.11971 1.0411348 -0.64130646
v 10.120787 1.0399983 -0.64166236
v 10.153747 1.0050908 -0.65262115
v 10.146961 1.0123047 -0.65035123
v 10.146469 1.0128263 -0.65018737
v 10.147471 -1.0227439 -0.64956176
v 10.155074 -1.0143141 -0.65213543
v 10.137139 -1.0341477 -0.64608991
v 10.146468 -1.0238527 -0.64922386
v 10.124195 -1.0491941 -0.64167523
v 10.016084 -1.1385045 -0.60855097
v 10.022583 -1.1331831 -0.61051154
v 10.051974 -1.1090497 -0.61942214
v 10.121424 -1.0515101 -0.64080906
v 10.118697 -1.053782 -0.63996106
v 10.059086 -1.1031888 -0.62159204
v 10.087331 -1.0798452 -0.6302529
v 10.091942 -1.0760226 -0.63167423
v 10.012208 -1.1417521 -0.60737538
v 9.9176826 -1.2202005 -0.57918972
v 9.9822197 -1.1667727 -0.59834886
v 9.9675951 -1.1789397 -0.59396917
v 9.9377136 -1.2036709 -0.5851025
v 10.156365 1.002244 -0.65350276
v 10.170276 0.98712325 -0.65818483
v 10.171016 0.98631746 -0.65843463
v 10.191046 0.96445423 -0.66522259
v 10.165789 -1.0022417 -0.6557793
v 10.170743 -0.99666059 -0.65746391
v 10.171016 -0.99635231 -0.65755707
v 10.191426 -0.9732604 -0.66454506
v 20.908863 -0.10976759 2.5235515
v 20.893751 -0.10660678 2.5246277
v 21.000114 -0.1247144 2.5177455
v 20.968969 -0.12029915 2.5196123
v 20.913269 -0.11068891 2.5232377
v 20.963799 -0.11940697 2.519949
v 20.748949 -0.064363092 2.5351117
v 20.735788 -0.057844162 2.5359669
v 20.78389 -0.077910013 2.5330477
v 20.781124 -0.07685864 2.5332098
v 20.751205 -0.065481015 2.534965
v 20.723854 -0.051920298 2.536773
v 20.687616 -0.019165859 2.5400827
v 20.701017 -0.035296377 2.538624
v 20.722099 -0.050687995 2.5369124
v 20.702188 -0.036705554 2.5384965
v 20.735788 0.057844162 2.5359669
v 20.722099 0.050687995 2.5369124
v 20.687248 0.017620308 2.5401871
v 20.748949 0.064363092 2.5351117
v 20.751205 0.065481015 2.534965
v 20.78389 0.077910013 2.5330477
v 20.80686 0.084893748 2.5317965
v 20.781124 0.07685864 2.5332098
v 20.818333 0.088498786 2.5307193
v 20.821533 0.089504063 2.5304189
v 20.864275 0.10041995 2.5268509
v 20.860525 0.099462323 2.527164
v 20.968969 0.12029915 2.5196123
v 21.000114 0.1247144 2.5177455
v 21.171963 -0.14359905 2.5095251
v 21.161438 -0.14263991 2.5099907
v 21.592371 -0.16094206 2.4944024
v 21.572113 -0.16084927 2.4950078
v 21.180557 -0.14438218 2.5091448
v 21.256538 -0.14972316 2.5060456
v 21.555716 -0.16054051 2.4955368
v 21.266705 -0.15043771 2.505631
v 21.348814 -0.15466821 2.5025373
v 21.025734 -0.1283237 2.516386
v 21.102343 -0.13725205 2.5126336
v 21.095087 -0.13642192 2.5129864
v 21.03186 -0.12918663 2.5160611
v 21.025734 0.1283237 2.516386
v 21.03186 0.12918663 2.5160611
v 21.102343 0.13725205 2.5126336
v 21.161438 0.14263991 2.5099907
v 21.095087 0.13642192 2.5129864
v 21.572113 0.16084927 2.4950078
v 21.592371 0.16094206 2.4944024
v 21.171963 0.14359905 2.5095251
v 21.462719 0.15878941 2.4985359
v 21.448652 0.15830585 2.4990258
v 21.889261 0.70371014 1.8196193
v 21.905096 0.69757658 1.7579776
v 21.941141 0.69437873 1.7423958
v 21.875608 0.70152986 1.7858207
v 22.315336 0.66432792 1.6964844
v 22.353638 0.66202575 1.695441
v 21.942579 0.69416898 1.741774
v 21.962769 0.69204807 1.7369363
v 22.018351 0.68620896 1.7236179
v 22.263519 0.66744238 1.697896
v 22.163752 0.67448419 1.7055519
v 22.047419 0.68375438 1.7194841
v 22.123869 0.6772992 1.7086123
v 21.942579 -0.69416898 1.741774
v 21.941141 -0.69437873 1.7423958
v 22.353638 -0.66202575 1.695441
v 22.315336 -0.66432792 1.6964844
v 22.163752 -0.67448419 1.7055519
v 21.962769 -0.69204807 1.7369363
v 22.018351 -0.68620896 1.7236179
v 22.047419 -0.68375438 1.7194841
v 21.905096 -0.69757658 1.7579776
v 21.875576 -0.70287794 1.8010201
v 21.879362 -0.70314276 1.8061647
v 21.875608 -0.70152986 1.7858207
v 21.889261 -0.70371014 1.8196193
v 21.904816 -0.70250487 1.828782
v 21.933105 -0.70053351 1.8410108
v 22.312086 -0.67982668 1.890255
v 22.358606 -0.67752266 1.8915205
v 22.263262 -0.68224466 1.8889269
v 21.962189 -0.69871169 1.8498002
v 22.046183 -0.69381648 1.867204
v 21.907589 -0.15844463 2.4836061
v 21.809864 -0.16039859 2.4866283
v 21.669184 -0.16131125 2.4915118
v 21.604988 -0.16100223 2.4939439
v 21.687925 -0.16140147 2.490802
v 21.78854 -0.16057396 2.4873581
v 21.593641 -0.16094811 2.4943564
v 22.237017 -0.14675771 2.4738367
v 22.201626 -0.14847943 2.4748085
v 22.172338 -0.14965549 2.4756541
v 21.593641 0.16094811 2.4943564
v 22.201626 0.14847943 2.4748085
v 22.237017 0.14675771 2.4738367
v 21.907589 0.15844463 2.4836061
v 21.913004 0.15833646 2.4834316
v 22.172338 0.14965549 2.4756541
v 21.604988 0.16100223 2.4939439
v 21.669184 0.16131125 2.4915118
v 21.809864 0.16039859 2.4866283
v 21.687925 0.16140147 2.490802
v 21.78854 0.16057396 2.4873581
v 22.046183 0.69381648 1.867204
v 21.962189 0.69871169 1.8498002
v 21.933105 0.70053351 1.8410108
v 21.904816 0.70250487 1.828782
v 22.263262 0.68224466 1.8889269
v 22.358606 0.67752266 1.8915205
v 22.312086 0.67982668 1.890255
v 22.501945 0.65061486 1.6938413
v 22.639839 0.64065039 1.6953806
v 22.438231 0.65521914 1.6931301
v 22.715483 0.63561022 1.6983591
v 22.837164 0.62754655 1.7032877
v 22.642746 0.64043039 1.695413
v 22.642746 -0.64043039 1.695413
v 22.639839 -0.64065039 1.6953806
v 22.837164 -0.62754655 1.7032877
v 22.438231 -0.65521914 1.6931301
v 22.501945 -0.65061486 1.6938413
v 22.710896 -0.65212172 1.8886193
v 22.497763 -0.66734856 1.8930131
v 22.335201 -0.14197136 2.4691305
v 22.332325 -0.14211161 2.4692688
v 22.798962 -0.11201981 2.4480491
v 22.761381 -0.11481517 2.4496958
v 22.366947 -0.14018184 2.4676437
v 22.501009 -0.13240241 2.4614024
v 22.304186 -0.14348337 2.4706175
v 22.304186 0.14348337 2.4706175
v 22.332325 0.14211161 2.4692688
v 22.761381 0.11481517 2.4496958
v 22.798962 0.11201981 2.4480491
v 22.727335 0.11734748 2.4511876
v 22.632961 0.12387108 2.455406
v 22.501009 0.13240241 2.4614024
v 22.497763 0.66734856 1.8930131
v 22.710896 0.65212172 1.8886193
v 23.123308 0.59398872 1.7208896
v 23.139345 0.59212291 1.7221245
v 22.914545 0.6184116 1.7074676
v 23.007347 0.60750681 1.7131871
v 23.087183 0.5981257 1.7181075
v 22.864664 0.6241827 1.7043927
v 22.840025 0.62720072 1.7034026
v 22.840025 -0.62720072 1.7034026
v 22.864664 -0.6241827 1.7043927
v 22.914545 -0.6184116 1.7074676
v 23.123308 -0.59398872 1.7208896
v 23.087183 -0.5981257 1.7181075
v 23.007347 -0.60750681 1.7131871
v 23.139345 -0.59212291 1.7221245
v 23.086397 -0.61279535 1.8687292
v 23.139345 -0.60637319 1.8646541
v 22.97654 -0.62622464 1.8754965
v 23.010122 -0.62211943 1.8734277
v 22.863964 -0.64014959 1.8824298
v 23.07267 -0.089740962 2.4168313
v 23.047056 -0.091915801 2.4197302
v 23.139345 -0.083821006 2.4093273
v 22.9937 -0.096446566 2.4257863
v 22.849323 0.1082072 2.442256
v 22.881008 0.10565478 2.4386368
v 22.9937 0.096446566 2.4257863
v 23.047056 0.091915801 2.4197302
v 22.963903 0.098976873 2.4291682
v 23.139345 0.083821006 2.4093273
v 23.07267 0.089740962 2.4168313
v 22.97654 0.62622464 1.8754965
v 22.863964 0.64014959 1.8824298
v 23.010122 0.62211943 1.8734277
v 23.139345 0.60637319 1.8646541
v 23.086397 0.61279535 1.8687292
v 23.202896 0.57433486 1.7269403
v 23.208099 0.57284117 1.7273344
v 23.202896 -0.57433486 1.7269403
v 23.208099 -0.57284117 1.7273344
v 23.155766 -0.60159343 1.8634112
v 23.207964 -0.58625329 1.8594613
v 23.210051 -0.077369913 2.399395
v 23.201021 -0.078210779 2.4007094
v 23.174551 -0.080671526 2.4043994
v 23.199718 -0.078331932 2.4008911
v 23.174551 0.080671526 2.4043994
v 23.199718 0.078331932 2.4008911
v 23.201021 0.078210779 2.4007094
v 23.210051 0.077369913 2.399395
v 23.155766 0.60159343 1.8634112
v 23.207964 0.58625329 1.8594613
v 23.270113 0.55473763 1.732028
v 23.275291 0.55319893 1.7324196
v 23.211672 0.57179862 1.7276046
v 23.211672 -0.57179862 1.7276046
v 23.270113 -0.55473763 1.732028
v 23.275291 -0.55319893 1.7324196
v 23.218908 -0.58298367 1.8586335
v 23.275042 -0.56609553 1.8543886
v 23.21373 -0.58453041 1.8590251
v 23.278822 -0.070881292 2.3874815
v 23.275028 -0.071249977 2.3881531
v 23.268059 -0.071926668 2.3893554
v 23.268059 0.071926668 2.3893554
v 23.275028 0.071249977 2.3881531
v 23.218908 0.58298367 1.8586335
v 23.21373 0.58453041 1.8590251
v 23.275042 0.56609553 1.8543886
v 23.340897 0.54548347 1.8488903
v 23.323278 0.55115151 1.8504144
v 23.336359 0.5346368 1.7375017
v 23.341232 0.53313929 1.737924
v 23.294283 0.54740059 1.7338552
v 23.294283 -0.54740059 1.7338552
v 23.336359 -0.5346368 1.7375017
v 23.341232 -0.53313929 1.737924
v 23.323278 -0.55115151 1.8504144
v 23.340897 -0.54548347 1.8488903
v 23.293472 -0.56038344 1.8529961
v 23.280052 -0.56454849 1.85401
v 23.289948 -0.06979163 2.3852124
v 23.329773 -0.065891162 2.3770905
v 23.346035 -0.064295016 2.3736477
v 23.346035 0.064295016 2.3736477
v 23.289948 0.06979163 2.3852124
v 23.280052 0.56454849 1.85401
v 23.293472 0.56038344 1.8529961
v 23.405935 0.52376032 1.8432699
v 23.39267 0.52819163 1.8444163
v 23.343384 0.54465461 1.8486753
v 23.402159 0.51373827 1.7431966
v 23.406322 0.51240116 1.7435569
v 23.391331 0.51718587 1.7422596
v 23.391331 -0.51718587 1.7422596
v 23.402159 -0.51373827 1.7431966
v 23.406322 -0.51240116 1.7435569
v 23.343384 -0.54465461 1.8486753
v 23.39267 -0.52819163 1.8444163
v 23.405935 -0.52376032 1.8432699
v 23.35317 -0.063588902 2.3719206
v 23.347267 -0.064173214 2.3733506
v 23.412119 -0.057574384 2.3576519
v 23.347267 0.064173214 2.3733506
v 23.35317 0.063588902 2.3719206
v 23.412119 0.057574384 2.3576519
v 23.47057 0.5012145 1.8376924
v 23.41868 0.51931959 1.84217
v 23.468243 0.49161804 1.7489069
v 23.470987 0.49069259 1.749144
v 23.468243 -0.49161804 1.7489069
v 23.470987 -0.49069259 1.749144
v 23.41868 -0.51931959 1.84217
v 23.47057 -0.5012145 1.8376924
v 23.430176 -0.055716317 2.3527248
v 23.418522 -0.056915607 2.3559072
v 23.445564 -0.054089859 2.3485253
v 23.477524 -0.050711729 2.3398035
v 23.418522 0.056915607 2.3559072
v 23.430176 0.055716317 2.3527248
v 23.445564 0.054089859 2.3485253
v 23.477524 0.050711729 2.3398035
v 23.535227 0.47746766 1.831601
v 23.495544 0.49204612 1.8353482
v 23.472279 0.5005883 1.8375453
v 23.534504 0.46818838 1.7551321
v 23.473022 0.48996872 1.7493194
v 23.473022 -0.48996872 1.7493194
v 23.534504 -0.46818838 1.7551321
v 23.472279 -0.5005883 1.8375453
v 23.495544 -0.49204612 1.8353482
v 23.535227 -0.47746766 1.831601
v 23.499714 -0.048344973 2.3330238
v 23.489492 -0.04943528 2.3361483
v 23.542686 -0.043652438 2.319896
v 23.489492 0.04943528 2.3361483
v 23.499714 0.048344973 2.3330238
v 23.542686 0.043652438 2.319896
v 23.600304 0.45212391 1.8254687
v 23.575628 0.46173352 1.827794
v 23.544054 0.47402996 1.8307693
v 23.543346 0.46487182 1.7559664
v 23.600725 0.44306147 1.7613783
v 23.600725 -0.44306147 1.7613783
v 23.543346 -0.46487182 1.7559664
v 23.544054 -0.47402996 1.8307693
v 23.575628 -0.46173352 1.827794
v 23.600304 -0.45212391 1.8254687
v 23.562178 -0.041502912 2.3132401
v 23.560926 -0.04164106 2.3136678
v 23.572117 -0.040383648 2.3098476
v 23.608002 -0.036342729 2.2975993
v 23.560926 0.04164106 2.3136678
v 23.562178 0.041502912 2.3132401
v 23.572117 0.040383648 2.3098476
v 23.608002 0.036342729 2.2975993
v 23.666138 0.42463863 1.8189687
v 23.666065 0.42466876 1.8189759
v 23.660362 0.4270488 1.8195481
v 23.616833 0.445227 1.8239151
v 23.602346 0.44239277 1.7615305
v 23.617525 0.43614259 1.7629582
v 23.666546 0.41604713 1.7678792
v 23.602346 -0.44239277 1.7615305
v 23.617525 -0.43614259 1.7629582
v 23.666546 -0.41604713 1.7678792
v 23.665768 -0.4163664 1.7678012
v 23.616833 -0.445227 1.8239151
v 23.666065 -0.42466876 1.8189759
v 23.633635 -0.033389475 2.2877884
v 23.673611 -0.02873911 2.2725022
v 23.618027 -0.035200953 2.2937617
v 23.625731 -0.034306832 2.2908134
v 23.618027 0.035200953 2.2937617
v 23.625731 0.034306832 2.2908134
v 23.633635 0.033389475 2.2877884
v 23.673611 0.02873911 2.2725022
v 23.673782 0.028718892 2.2724366
v 23.667698 0.029436905 2.2747629
v 23.6831 0.41695008 1.8172728
v 23.727898 0.39567652 1.8128026
v 23.733004 0.39324826 1.8122684
v 23.672295 0.41345894 1.7684543
v 23.728497 0.38827598 1.7740766
v 23.733335 0.38611442 1.7745842
v 23.672295 -0.41345894 1.7684543
v 23.728497 -0.38827598 1.7740766
v 23.733335 -0.38611442 1.7745842
v 23.727898 -0.39567652 1.8128026
v 23.733004 -0.39324826 1.8122684
v 23.6831 -0.41695008 1.8172728
v 23.708391 -0.024579272 2.2574761
v 23.715868 -0.023677368 2.2542484
v 23.708391 0.024579272 2.2574761
v 23.715868 0.023677368 2.2542484
v 23.800858 0.35761565 1.8052016
v 23.760361 0.37885836 1.8094195
v 23.75996 0.37906864 1.8094612
v 23.745459 0.38005006 1.7758496
v 23.760353 0.3726446 1.7774048
v 23.801081 0.3523958 1.7816575
v 23.745459 -0.38005006 1.7758496
v 23.760353 -0.3726446 1.7774048
v 23.801081 -0.3523958 1.7816575
v 23.75996 -0.37906864 1.8094612
v 23.760361 -0.37885836 1.8094195
v 23.800858 -0.35761565 1.8052016
v 23.786434 -0.014953339 2.2208512
v 23.786049 -0.015002107 2.2210417
v 23.80719 -0.012327245 2.2105918
v 23.750393 -0.019465342 2.2386971
v 23.784399 -0.015211077 2.2218592
v 23.750393 0.019465342 2.2386971
v 23.784399 0.015211077 2.2218592
v 23.786049 0.015002107 2.2210417
v 23.786434 0.014953339 2.2208512
v 23.80719 0.012327245 2.2105918
v 23.854475 0.32565111 1.7994943
v 23.830894 0.33971098 1.8020189
v 23.810038 0.35214767 1.8042519
v 23.868973 0.31649804 1.7979473
v 23.869226 0.31633881 1.7979198
v 23.823162 0.33977038 1.7839929
v 23.831011 0.33531952 1.7848353
v 23.869221 0.31364822 1.7889374
v 23.869322 0.31359088 1.7889485
v 23.810471 0.34702188 1.7826309
v 23.810471 -0.34702188 1.7826309
v 23.823162 -0.33977038 1.7839929
v 23.831011 -0.33531952 1.7848353
v 23.869322 -0.31359088 1.7889485
v 23.869221 -0.31364822 1.7889374
v 23.868973 -0.31649804 1.7979473
v 23.869226 -0.31633881 1.7979198
v 23.854475 -0.32565111 1.7994943
v 23.830894 -0.33971098 1.8020189
v 23.810038 -0.35214767 1.8042519
v 23.874157 -0.0035273149 2.1716917
v 23.867287 -0.0044409134 2.1756763
v 23.814318 -0.011404365 2.2064493
v 23.863266 -0.004975494 2.1780112
v 23.840887 -0.0079286741 2.1910119
v 23.815563 -0.011241457 2.2057254
v 23.815563 0.011241457 2.2057254
v 23.863266 0.004975494 2.1780112
v 23.867287 0.0044409134 2.1756763
v 23.863039 0.005005802 2.1781437
v 23.840887 0.0079286741 2.1910119
v 23.874157 0.0035273149 2.1716917
v 23.908539 0.28688535 1.7932152
v 23.90451 0.29002437 1.7941041
v 23.882269 0.30661091 1.7965091
v 23.882357 0.30471411 1.7903668
v 23.882357 -0.30471411 1.7903668
v 23.908539 -0.28688535 1.7932152
v 23.882269 -0.30661091 1.7965091
v 23.90451 -0.29002437 1.7941041
v 2.8374403 -0.017058551 -2.6896086
v 2.8442531 -0.013152975 -2.6914029
v 2.835696 -0.018052446 -2.6891756
v 2.8263965 -0.023710275 -2.6868935
v 2.8449771 -0.012694458 -2.6915903
v 2.850728 -0.0090527879 -2.6930797
v 2.8567936 -0.0054542907 -2.6946683
v 2.8011789 -0.03783894 -2.6807466
v 2.8016288 -0.037612099 -2.6808529
v 2.7860022 -0.045490943 -2.6771655
v 2.8230896 -0.025506064 -2.6860662
v 2.8146203 -0.030105447 -2.6839471
v 2.8088238 -0.033467367 -2.6825125
v 2.7791665 -0.049163986 -2.6756103
v 2.7812986 -0.048024494 -2.6760676
v 2.7702818 -0.05391239 -2.6737044
v 2.6643727 -0.096973866 -2.6616621
v 2.6713839 -0.09504851 -2.6622314
v 2.6413529 -0.10312285 -2.6610997
v 2.6431816 -0.10264552 -2.6610599
v 2.6598587 -0.098186597 -2.6614993
v 2.6459937 -0.10191152 -2.6609986
v 2.7163463 -0.077865615 -2.6662929
v 2.6994903 -0.08411891 -2.6643534
v 2.6777666 -0.092588447 -2.6625917
v 2.6845853 -0.089960314 -2.6629765
v 2.6964607 -0.085306235 -2.6640735
v 2.5811231 -0.11548303 -2.6640198
v 2.5839906 -0.11511632 -2.663868
v 2.5784295 -0.11582751 -2.6641624
v 2.6070647 -0.11216025 -2.6627138
v 2.6092806 -0.11187293 -2.6626472
v 2.6295722 -0.10637543 -2.6613958
v 2.5182393 -0.11765997 -2.6652019
v 2.533726 -0.11916134 -2.6656456
v 2.5396464 -0.11973532 -2.6658151
v 2.5440993 -0.12016738 -2.6659615
v 2.4317045 -0.087861449 -2.6588295
v 2.440824 -0.096970394 -2.660687
v 2.4295752 -0.085734554 -2.6583958
v 2.4139266 -0.071985021 -2.6556289
v 2.4131198 -0.071278453 -2.6554933
v 2.4077432 -0.060409736 -2.6532111
v 2.4092703 -0.063497044 -2.6538594
v 2.4058847 -0.057075892 -2.6525168
v 2.3990531 -0.046109974 -2.6518948
v 2.3939135 -0.028849954 -2.6507647
v 2.3965814 -0.037359759 -2.6513183
v 2.392916 -0.025668019 -2.6505578
v 2.3921793 -0.019219855 -2.6501038
v 2.3910739 0.010595127 -2.6494999
v 2.3910358 0.0060471343 -2.6491668
v 2.3910358 -0.0060471343 -2.6491668
v 2.3910739 -0.010595127 -2.6494999
v 2.3965814 0.037359759 -2.6513183
v 2.3939135 0.028849954 -2.6507647
v 2.392916 0.025668019 -2.6505578
v 2.3921793 0.019219855 -2.6501038
v 2.3990531 0.046109974 -2.6518948
v 2.4077432 0.060409736 -2.6532111
v 2.4058847 0.057075892 -2.6525168
v 2.4131198 0.071278453 -2.6554933
v 2.4092703 0.063497044 -2.6538594
v 2.4139266 0.071985021 -2.6556289
v 2.4295752 0.085734554 -2.6583958
v 2.4317045 0.087861449 -2.6588295
v 2.440824 0.096970394 -2.660687
v 2.4546258 0.10220783 -2.661587
v 2.466953 0.10689788 -2.6624732
v 2.4603577 0.1043886 -2.6619992
v 2.4933541 0.11589026 -2.6647515
v 2.4856796 0.11534496 -2.664649
v 2.5182393 0.11765997 -2.6652019
v 2.4965286 0.11611582 -2.664794
v 2.4782503 0.11193791 -2.6634514
v 2.4603577 -0.1043886 -2.6619992
v 2.466953 -0.10689788 -2.6624732
v 2.4546258 -0.10220783 -2.661587
v 2.4965286 -0.11611582 -2.664794
v 2.4856796 -0.11534496 -2.664649
v 2.4933541 -0.11589026 -2.6647515
v 2.4782503 -0.11193791 -2.6634514
v 2.6431816 0.10264552 -2.6610599
v 2.6413529 0.10312285 -2.6610997
v 2.6713839 0.09504851 -2.6622314
v 2.6643727 0.096973866 -2.6616621
v 2.6598587 0.098186597 -2.6614993
v 2.6459937 0.10191152 -2.6609986
v 2.5784295 0.11582751 -2.6641624
v 2.5440993 0.12016738 -2.6659615
v 2.6295722 0.10637543 -2.6613958
v 2.6092806 0.11187293 -2.6626472
v 2.5811231 0.11548303 -2.6640198
v 2.6070647 0.11216025 -2.6627138
v 2.5839906 0.11511632 -2.663868
v 2.533726 0.11916134 -2.6656456
v 2.5396464 0.11973532 -2.6658151
v 2.7246332 0.074774086 -2.6673491
v 2.6777666 0.092588447 -2.6625917
v 2.6994903 0.08411891 -2.6643534
v 2.6964607 0.085306235 -2.6640735
v 2.6845853 0.089960314 -2.6629765
v 2.7065079 0.081535831 -2.6650388
v 2.7163463 0.077865615 -2.6662929
v 2.7549884 0.060825296 -2.6712828
v 2.7683523 0.054913152 -2.6734276
v 2.7576907 0.059629809 -2.6717165
v 2.8011789 0.03783894 -2.6807466
v 2.7860022 0.045490943 -2.6771655
v 2.8016288 0.037612099 -2.6808529
v 2.8088238 0.033467367 -2.6825125
v 2.8146203 0.030105447 -2.6839471
v 2.8230896 0.025506064 -2.6860662
v 2.8263965 0.023710275 -2.6868935
v 2.8374403 0.017058551 -2.6896086
v 2.835696 0.018052446 -2.6891756
v 2.8442531 0.013152975 -2.6914029
v 2.8449771 0.012694458 -2.6915903
v 2.850728 0.0090527879 -2.6930797
v 2.8567936 0.0054542907 -2.6946683
v 2.7702818 0.05391239 -2.6737044
v 2.7812986 0.048024494 -2.6760676
v 2.7791665 0.049163986 -2.6756103
v 3.0548434 -0.0044140178 -3.3061526
v 3.0546775 -0.030434223 -3.3043036
v 3.0546892 -0.028631819 -3.3044317
v 3.0546505 -0.034686271 -3.3040013
v 3.0546422 -0.035965942 -3.3039105
v 3.0548329 -0.0060868445 -3.3060338
v 3.0547941 -0.012173689 -3.3056011
v 3.0547163 -0.024347378 -3.3047361
v 3.0547278 -0.02257737 -3.3048618
v 3.0547552 -0.018260533 -3.3051686
v 3.0546505 0.034686271 -3.3040013
v 3.0546422 0.035965942 -3.3039105
v 3.0548434 0.0044140178 -3.3061526
v 3.0547941 0.012173689 -3.3056011
v 3.0546775 0.030434223 -3.3043036
v 3.0547278 0.02257737 -3.3048618
v 3.0547163 0.024347378 -3.3047361
v 3.0546892 0.028631819 -3.3044317
v 3.0547552 0.018260533 -3.3051686
v 3.0546389 0.036521066 -3.3038709
v 3.0546157 0.04013906 -3.3036139
v 3.053283 0.070106395 -3.2974298
v 3.0531008 0.072764866 -3.2969058
v 3.0546041 0.040734258 -3.3034854
v 3.0544879 0.046723675 -3.3021913
v 3.0543718 0.052713089 -3.3008971
v 3.0526969 0.078666411 -3.2957425
v 3.0482545 0.10371755 -3.2879791
v 3.0480862 0.10431417 -3.2878196
v 3.0526197 0.079608105 -3.2954144
v 3.050257 0.092658095 -3.2913899
v 3.0006161 0.19838801 -3.2481635
v 2.9938517 0.20574073 -3.2443149
v 2.9925604 0.20714426 -3.2435803
v 3.0078592 0.19051522 -3.252284
v 3.0083666 0.18987489 -3.2526615
v 3.008621 0.18955399 -3.2528505
v 3.0251257 0.16345148 -3.2649755
v 3.0213869 0.17050879 -3.2613654
v 3.0287509 0.15660129 -3.2684333
v 3.0325642 0.14929137 -3.2715118
v 3.0307324 0.15285653 -3.2703238
v 3.0396543 0.13165073 -3.2782409
v 3.0383976 0.13477769 -3.2770481
v 3.0299237 0.15438505 -3.2695522
v 3.0452385 0.11439964 -3.2851214
v 3.0447578 0.11610239 -3.2846661
v 3.0415289 0.12698647 -3.2800202
v 3.0546389 -0.036521066 -3.3038709
v 3.0546157 -0.04013906 -3.3036139
v 3.0526969 -0.078666411 -3.2957425
v 3.0531008 -0.072764866 -3.2969058
v 3.0546041 -0.040734258 -3.3034854
v 3.053283 -0.070106395 -3.2974298
v 3.0544879 -0.046723675 -3.3021913
v 3.0543718 -0.052713089 -3.3008971
v 3.0452385 -0.11439964 -3.2851214
v 3.0383976 -0.13477769 -3.2770481
v 3.0396543 -0.13165073 -3.2782409
v 3.0307324 -0.15285653 -3.2703238
v 3.0325642 -0.14929137 -3.2715118
v 3.0415289 -0.12698647 -3.2800202
v 3.0213869 -0.17050879 -3.2613654
v 3.0251257 -0.16345148 -3.2649755
v 3.0160978 -0.17863144 -3.2576625
v 3.0200713 -0.17252898 -3.2604444
v 3.0287509 -0.15660129 -3.2684333
v 3.0299237 -0.15438505 -3.2695522
v 2.9692881 -0.22877522 -3.2336438
v 2.9783871 -0.22066391 -3.2371829
v 2.9831474 -0.21621746 -3.2392373
v 2.9722452 -0.22640125 -3.2345319
v 2.9906738 -0.20918721 -3.2424855
v 3.0115416 -0.18562882 -3.2544725
v 3.008621 -0.18955399 -3.2528505
v 3.0083666 -0.18987489 -3.2526615
v 3.0078592 -0.19051522 -3.252284
v 2.9722452 0.22640125 -3.2345319
v 2.9692881 0.22877522 -3.2336438
v 2.9831474 0.21621746 -3.2392373
v 2.9783871 0.22066391 -3.2371829
v 2.9906738 0.20918721 -3.2424855
v 2.9483716 0.24470496 -3.2246466
v 2.9439416 0.24791473 -3.2229223
v 2.9603438 0.23567301 -3.2297802
v 2.9520583 0.2420339 -3.2260814
v 2.9638731 0.23295125 -3.2313046
v 2.9620423 0.23436317 -3.2305138
v 2.9416883 0.24954714 -3.2220454
v 2.9310238 0.25633618 -3.2191374
v 2.9291925 0.2573472 -3.218843
v 2.9285998 0.25767443 -3.2187479
v 2.9212637 0.26170513 -3.2174468
v 2.9200745 0.26235843 -3.217236
v 2.9191451 0.2627928 -3.2171724
v 2.8977547 0.27171084 -3.2171347
v 2.8974521 0.27182224 -3.2171535
v 2.8971522 0.27193183 -3.2171671
v 2.8943186 0.27276051 -3.2175684
v 2.9416883 -0.24954714 -3.2220454
v 2.9439416 -0.24791473 -3.2229223
v 2.9285998 -0.25767443 -3.2187479
v 2.9291925 -0.2573472 -3.218843
v 2.9389365 -0.25129899 -3.2212951
v 2.9310238 -0.25633618 -3.2191374
v 2.9520583 -0.2420339 -3.2260814
v 2.9483716 -0.24470496 -3.2246466
v 2.9074228 -0.26814932 -3.2165298
v 2.8974521 -0.27182224 -3.2171535
v 2.9191451 -0.2627928 -3.2171724
v 2.9200745 -0.26235843 -3.217236
v 2.9089203 -0.26757118 -3.2164712
v 2.9088292 -0.26760638 -3.2164748
v 2.8620393 -0.27947441 -3.225636
v 2.8621669 -0.27945742 -3.225594
v 2.8506904 -0.28 -3.2306802
v 2.8374403 -0.27865219 -3.2391684
v 2.8864741 -0.27505457 -3.2186794
v 2.8670244 -0.27880967 -3.2239952
v 2.8735919 -0.27792609 -3.2216909
v 2.8971522 -0.27193183 -3.2171671
v 2.8099871 0.26742095 -3.2672365
v 2.8088238 0.26677558 -3.2683578
v 2.8374403 0.27865219 -3.2391684
v 2.8358891 0.27849594 -3.2401204
v 2.8348899 0.2783953 -3.2407339
v 2.8299611 0.27669698 -3.2453516
v 2.8207171 0.27376118 -3.2536817
v 2.8185394 0.27247441 -3.2564325
v 2.8621669 0.27945742 -3.225594
v 2.8620393 0.27947441 -3.225636
v 2.8506904 0.28 -3.2306802
v 2.8864741 0.27505457 -3.2186794
v 2.8853011 0.27539766 -3.2188456
v 2.8735919 0.27792609 -3.2216909
v 2.8670244 0.27880967 -3.2239952
v 2.8751328 0.27759334 -3.2213166
v 2.79002 0.2474521 -3.2949221
v 2.7871239 0.24438171 -3.2991076
v 2.7861726 0.24292873 -3.3009269
v 2.7777462 0.23032929 -3.3147454
v 2.770874 0.2151632 -3.3283708
v 2.770638 0.21478173 -3.3287337
v 2.7812986 0.23555252 -3.3096769
v 2.7659235 0.20349984 -3.3387432
v 2.7642806 0.19953699 -3.3422551
v 2.7705235 0.21459715 -3.3289092
v 2.7825401 0.23738164 -3.3078728
v 2.7849553 0.24106972 -3.3032548
v 2.808084 0.26636758 -3.2690506
v 2.7552769 0.19371921 -3.348089
v 2.7549884 0.19371921 -3.3481724
v 2.7634583 0.19745523 -3.343648
v 2.7621922 0.1914096 -3.3473682
v 2.7596319 0.17918795 -3.3548894
v 2.7596653 0.17947079 -3.354723
v 2.7604232 0.1928357 -3.3470893
v 2.760354 0.19148277 -3.3478599
v 2.7596672 0.17948723 -3.3547132
v 2.7602849 0.19012982 -3.3486304
v 2.7601991 0.18845291 -3.3495855
v 2.7601318 0.18713634 -3.3503354
v 2.7597585 0.18038858 -3.3541868
v 2.7597842 0.18069017 -3.354012
v 2.7598288 0.18129501 -3.3536637
v 2.7598698 0.18201216 -3.3532538
v 2.7598476 0.18159825 -3.3534899
v 2.7596319 -0.17918795 -3.3548894
v 2.7621922 -0.1914096 -3.3473682
v 2.7634583 -0.19745523 -3.343648
v 2.7642806 -0.19953699 -3.3422551
v 2.7549884 -0.19371921 -3.3481724
v 2.7552769 -0.19371921 -3.348089
v 2.7597284 -0.18006723 -3.3543737
v 2.7597566 -0.18036631 -3.3541996
v 2.760354 -0.19148277 -3.3478599
v 2.7602849 -0.19012982 -3.3486304
v 2.7601991 -0.18845291 -3.3495855
v 2.7597585 -0.18038858 -3.3541868
v 2.7597842 -0.18069017 -3.354012
v 2.7597826 -0.18066595 -3.3540261
v 2.7598059 -0.18096617 -3.3538525
v 2.7601318 -0.18713634 -3.3503354
v 2.7598078 -0.18099232 -3.3538375
v 2.7599971 -0.1845032 -3.351835
v 2.7600083 -0.18471806 -3.3517127
v 2.7598288 -0.18129501 -3.3536637
v 2.7659235 -0.20349984 -3.3387432
v 2.770638 -0.21478173 -3.3287337
v 2.7777462 -0.23032929 -3.3147454
v 2.7812986 -0.23555252 -3.3096769
v 2.7825401 -0.23738164 -3.3078728
v 2.7849553 -0.24106972 -3.3032548
v 2.7861726 -0.24292873 -3.3009269
v 2.808084 -0.26636758 -3.2690506
v 2.8088238 -0.26677558 -3.2683578
v 2.8058035 -0.26437595 -3.2719204
v 2.8099871 -0.26742095 -3.2672365
v 2.79002 -0.2474521 -3.2949221
v 2.7967677 -0.25648445 -3.2832913
v 2.7871239 -0.24438171 -3.2991076
v 2.8014331 -0.26055902 -3.2774203
v 2.8299611 -0.27669698 -3.2453516
v 2.8348899 -0.2783953 -3.2407339
v 2.8207171 -0.27376118 -3.2536817
v 2.8358891 -0.27849594 -3.2401204
v 2.8185394 -0.27247441 -3.2564325
v 2.7239668 -0.19371921 -3.3561997
v 2.7245417 -0.19371921 -3.3560643
v 2.7142429 -0.19371921 -3.3584878
v 2.7065079 -0.19371921 -3.3603082
v 2.7277465 -0.19371921 -3.3553102
v 2.7300169 -0.19371921 -3.3547759
v 2.7427847 -0.19371921 -3.3513997
v 2.7508559 -0.19371921 -3.3492653
v 2.7417257 -0.19371921 -3.3516796
v 2.7508559 0.19371921 -3.3492653
v 2.7427847 0.19371921 -3.3513997
v 2.7300169 0.19371921 -3.3547759
v 2.7417257 0.19371921 -3.3516796
v 2.7245417 0.19371921 -3.3560643
v 2.7239668 0.19371921 -3.3561997
v 2.7142429 0.19371921 -3.3584878
v 2.7065079 0.19371921 -3.3603082
v 2.6779895 0.19371921 -3.3657613
v 2.6723545 0.19371921 -3.366658
v 2.667712 0.19371921 -3.3673968
v 2.6643727 0.19371921 -3.3679283
v 2.6782095 0.19371921 -3.3657262
v 2.6845853 0.19371921 -3.3647115
v 2.7002318 0.19371921 -3.3615687
v 2.6975231 0.19371921 -3.3621128
v 2.6847389 0.19371921 -3.3646808
v 2.7019496 0.19371921 -3.3612237
v 2.7049251 0.19371921 -3.360626
v 2.6779895 -0.19371921 -3.3657613
v 2.6782095 -0.19371921 -3.3657262
v 2.6845853 -0.19371921 -3.3647115
v 2.6975231 -0.19371921 -3.3621128
v 2.7002318 -0.19371921 -3.3615687
v 2.6897051 -0.19371921 -3.3636832
v 2.7049251 -0.19371921 -3.360626
v 2.7019496 -0.19371921 -3.3612237
v 2.6723545 -0.19371921 -3.366658
v 2.6643727 -0.19371921 -3.3679283
v 2.6368868 -0.19371921 -3.3702724
v 2.6399474 -0.19371921 -3.3701475
v 2.6314542 -0.19371921 -3.3704941
v 2.641959 -0.19371921 -3.3700655
v 2.6403365 -0.19371921 -3.3701317
v 2.6577623 -0.19371921 -3.3686378
v 2.6578753 -0.19371921 -3.3686256
v 2.6484039 -0.19371921 -3.369642
v 2.6629586 -0.19371921 -3.3680801
v 2.6578753 0.19371921 -3.3686256
v 2.6577623 0.19371921 -3.3686378
v 2.6484039 0.19371921 -3.369642
v 2.6403365 0.19371921 -3.3701317
v 2.6399474 0.19371921 -3.3701475
v 2.641959 0.19371921 -3.3700655
v 2.6323986 0.19371921 -3.3704557
v 2.6314542 0.19371921 -3.3704941
v 2.6368868 0.19371921 -3.3702724
v 2.5839906 0.19371921 -3.3705151
v 2.5822134 0.19371921 -3.3705072
v 2.573314 0.19371921 -3.3704674
v 2.5569489 0.19371921 -3.3703945
v 2.5560834 0.19371921 -3.3703907
v 2.6009505 0.19371921 -3.3705359
v 2.5991387 0.19371921 -3.3705337
v 2.5962491 0.19371921 -3.3705301
v 2.5890048 0.19371921 -3.3705213
v 2.5911534 0.19371921 -3.3705239
v 2.6246722 0.19371921 -3.3705649
v 2.6225362 0.19371921 -3.3705623
v 2.6035006 0.19371921 -3.3705389
v 2.6145399 0.19371921 -3.3705525
v 2.5551417 0.19371921 -3.3703864
v 2.5396464 0.19371921 -3.3703172
v 2.5523386 0.19371921 -3.370374
v 2.5351279 0.19371921 -3.3702772
v 2.521482 0.19371921 -3.3701556
v 2.5315802 0.19371921 -3.3702455
v 2.5124691 0.19371921 -3.3700752
v 2.512382 0.19371921 -3.3700743
v 2.4965286 0.19371921 -3.3699331
v 2.4951868 0.19371921 -3.3699133
v 2.4934704 0.19371921 -3.3698883
v 2.4755728 0.19371921 -3.3696256
v 2.4698224 0.19371921 -3.3695412
v 2.5081863 0.19371921 -3.3700371
v 2.4599848 0.17923078 -3.377434
v 2.4567556 0.18953042 -3.3716729
v 2.4546258 0.19633417 -3.3678672
v 2.4599192 0.17953019 -3.3772671
v 2.4598076 0.18006723 -3.3769674
v 2.459856 0.17983019 -3.3770998
v 2.4656277 0.19371921 -3.3694794
v 2.4577787 0.19304366 -3.3697391
v 2.459795 0.18013078 -3.3769321
v 2.4580784 0.19108605 -3.3708293
v 2.4588845 0.18581977 -3.3737626
v 2.4594891 0.18187004 -3.3759627
v 2.4595249 0.18164217 -3.3760896
v 2.4597363 0.18043195 -3.3767641
v 2.4596798 0.18073368 -3.376596
v 2.4596381 0.18096617 -3.3764663
v 2.459626 0.18103597 -3.3764274
v 2.4519281 0.20213233 -3.3645918
v 2.4475617 0.21083686 -3.3596673
v 2.4542742 0.19745523 -3.3672378
v 2.4393909 0.22498637 -3.3487926
v 2.4362478 0.2302006 -3.3447819
v 2.4458163 0.21419296 -3.3570926
v 2.4091947 0.2581031 -3.3219116
v 2.4090617 0.25819835 -3.3218112
v 2.3820519 0.27376118 -3.3052247
v 2.3976498 0.26636758 -3.3132093
v 2.3744199 0.27582404 -3.3028724
v 2.4139266 0.25394377 -3.3262501
v 2.4114559 0.25648445 -3.3236158
v 2.4142289 0.25363317 -3.3265688
v 2.4165332 0.25131887 -3.3283708
v 2.4361701 0.23032929 -3.3446829
v 2.4227417 0.24585235 -3.3326454
v 2.4244118 0.24438171 -3.3337953
v 2.4317861 0.23556887 -3.3406234
v 2.3360946 0.27956107 -3.2971866
v 2.326755 0.2785522 -3.2975783
v 2.3152225 0.27653843 -3.29883
v 2.3119173 0.2758418 -3.2993083
v 2.3463919 0.27999574 -3.2972755
v 2.3386559 0.2796692 -3.2972088
v 2.3717692 0.27654135 -3.3020203
v 2.3464928 0.28 -3.2972765
v 2.364918 0.2783953 -3.299818
v 2.3098099 0.27539766 -3.2996132
v 2.2989395 0.27217978 -3.3021128
v 2.4656277 -0.19371921 -3.3694794
v 2.4546258 -0.19633417 -3.3678672
v 2.4567556 -0.18953042 -3.3716729
v 2.4599848 -0.17923078 -3.377434
v 2.4599192 -0.17953019 -3.3772671
v 2.4577787 -0.19304366 -3.3697391
v 2.4580784 -0.19108605 -3.3708293
v 2.459856 -0.17983019 -3.3770998
v 2.4598076 -0.18006723 -3.3769674
v 2.4588845 -0.18581977 -3.3737626
v 2.4590859 -0.1845032 -3.374496
v 2.4594374 -0.18220849 -3.3757741
v 2.4592876 -0.18318662 -3.3752294
v 2.4595363 -0.18156822 -3.3761308
v 2.4595249 -0.18164217 -3.3760896
v 2.4594891 -0.18187004 -3.3759627
v 2.459795 -0.18013078 -3.3769321
v 2.4597487 -0.18036631 -3.3768008
v 2.4597363 -0.18043195 -3.3767641
v 2.4596922 -0.18066595 -3.3766336
v 2.4596798 -0.18073368 -3.376596
v 2.4596381 -0.18096617 -3.3764663
v 2.459626 -0.18103597 -3.3764274
v 2.4595742 -0.1813388 -3.3762586
v 2.4595861 -0.18126692 -3.3762987
v 2.4951868 -0.19371921 -3.3699133
v 2.4965286 -0.19371921 -3.3699331
v 2.4755728 -0.19371921 -3.3696256
v 2.512382 -0.19371921 -3.3700743
v 2.5551417 -0.19371921 -3.3703864
v 2.5560834 -0.19371921 -3.3703907
v 2.5396464 -0.19371921 -3.3703172
v 2.5450575 -0.19371921 -3.3703415
v 2.5315802 -0.19371921 -3.3702455
v 2.5839906 -0.19371921 -3.3705151
v 2.5812666 -0.19371921 -3.3705029
v 2.5569489 -0.19371921 -3.3703945
v 2.573314 -0.19371921 -3.3704674
v 2.5650735 -0.19371921 -3.3704307
v 2.6009505 -0.19371921 -3.3705359
v 2.5962491 -0.19371921 -3.3705301
v 2.5890048 -0.19371921 -3.3705213
v 2.6225362 -0.19371921 -3.3705623
v 2.6035006 -0.19371921 -3.3705389
v 2.6101718 -0.19371921 -3.3705473
v 2.6145399 -0.19371921 -3.3705525
v 2.4139266 -0.25394377 -3.3262501
v 2.4142289 -0.25363317 -3.3265688
v 2.4165332 -0.25131887 -3.3283708
v 2.4227417 -0.24585235 -3.3326454
v 2.4114559 -0.25648445 -3.3236158
v 2.4475617 -0.21083686 -3.3596673
v 2.4458163 -0.21419296 -3.3570926
v 2.4393909 -0.22498637 -3.3487926
v 2.3820519 -0.27376118 -3.3052247
v 2.4542742 -0.19745523 -3.3672378
v 2.4519281 -0.20213233 -3.3645918
v 2.3360946 -0.27956107 -3.2971866
v 2.3463919 -0.27999574 -3.2972755
v 2.334044 -0.27947441 -3.297138
v 2.3119173 -0.2758418 -3.2993083
v 2.3152225 -0.27653843 -3.29883
v 2.326755 -0.2785522 -3.2975783
v 2.3218062 -0.27792609 -3.2978776
v 2.2989395 -0.27217978 -3.3021128
v 2.3040621 -0.27369618 -3.300935
v 2.3098099 -0.27539766 -3.2996132
v 2.2837372 -0.26614195 -3.3068769
v 2.2551506 -0.24954714 -3.3209167
v 2.2598045 -0.25268692 -3.3182621
v 2.2629428 -0.25480416 -3.3164721
v 2.2632902 -0.25503808 -3.3162673
v 2.2652178 -0.25633618 -3.3151307
v 2.2828627 -0.26572657 -3.307219
v 2.2757699 -0.26235843 -3.3099928
v 2.2728636 -0.26069972 -3.3114078
v 2.2541511 -0.2487554 -3.3215303
v 2.2385347 -0.23558444 -3.3300283
v 2.2411716 -0.23810324 -3.3283708
v 2.2451549 -0.24152495 -3.3261564
v 2.2289205 -0.22640125 -3.336071
v 2.2280939 -0.22543181 -3.3367262
v 2.2385347 0.23558444 -3.3300283
v 2.2289205 0.22640125 -3.336071
v 2.2280939 0.22543181 -3.3367262
v 2.2545512 0.24907552 -3.3213258
v 2.2541511 0.2487554 -3.3215303
v 2.2411716 0.23810324 -3.3283708
v 2.2457473 0.2420339 -3.3258269
v 2.2551506 0.24954714 -3.3209167
v 2.2598045 0.25268692 -3.3182621
v 2.2629428 0.25480416 -3.3164721
v 2.2837372 0.26614195 -3.3068769
v 2.2828627 0.26572657 -3.307219
v 2.2757699 0.26235843 -3.3099928
v 2.2632902 0.25503808 -3.3162673
v 2.2652178 0.25633618 -3.3151307
v 2.2728636 0.26069972 -3.3114078
v 2.2981031 0.27193183 -3.3022909
v 2.2932701 0.27007601 -3.3037417
v 2.286747 0.26757118 -3.3056998
v 2.2197142 0.21562119 -3.3431826
v 2.2142186 0.20918721 -3.3474166
v 2.2111957 0.20480901 -3.3503788
v 2.2270153 0.22416903 -3.3375573
v 2.194381 0.17867959 -3.3631375
v 2.1880088 0.16654263 -3.3690746
v 2.2027445 0.1928715 -3.3561282
v 2.2010763 0.19051522 -3.3572631
v 2.1960938 0.18170723 -3.3616347
v 2.2102087 0.2034149 -3.3510501
v 2.1642249 -0.079608105 -3.396642
v 2.1647553 -0.083546013 -3.3958211
v 2.1668506 -0.099105775 -3.3925772
v 2.1634572 -0.05484283 -3.4020925
v 2.1635277 -0.057122983 -3.4015906
v 2.1634543 -0.054781601 -3.4020965
v 2.1634729 -0.051990408 -3.4023037
v 2.1674716 -0.10371755 -3.3916156
v 2.1683464 -0.10735204 -3.3909011
v 2.1752529 -0.13428529 -3.3814344
v 2.168709 -0.10895372 -3.3903325
v 2.1803098 -0.14929137 -3.3763015
v 2.1840107 -0.15743609 -3.3736272
v 2.18435 -0.15820871 -3.3732409
v 2.1880088 -0.16654263 -3.3690746
v 2.18975 -0.17050879 -3.3670919
v 2.194381 -0.17867959 -3.3631375
v 2.2010763 -0.19051522 -3.3572631
v 2.2027445 -0.1928715 -3.3561282
v 2.1960938 -0.18170723 -3.3616347
v 2.2142186 -0.20918721 -3.3474166
v 2.2197142 -0.21562119 -3.3431826
v 2.2111957 -0.20480901 -3.3503788
v 2.2102087 -0.2034149 -3.3510501
v 2.1638176 0.00023119984 -3.4061441
v 2.1638193 0 -3.4061613
v 2.1634729 0.051990408 -3.4023037
v 2.1635354 0.042607911 -3.4029999
v 2.1636977 0.018260533 -3.4048064
v 2.1637383 0.012173689 -3.4052582
v 2.1637788 0.0060868445 -3.4057097
v 2.1637788 -0.0060868445 -3.4057097
v 2.1637383 -0.012173689 -3.4052582
v 2.1636977 -0.018260533 -3.4048064
v 2.1636546 -0.02471536 -3.4043274
v 2.1634915 -0.049199522 -3.4025109
v 2.1634948 -0.048694756 -3.4025483
v 2.1635354 -0.042607911 -3.4029999
v 2.1636138 -0.030836402 -3.4038734
v 2.1668506 0.099105775 -3.3925772
v 2.1647553 0.083546013 -3.3958211
v 2.1642249 0.079608105 -3.396642
v 2.1635277 0.057122983 -3.4015906
v 2.1634572 0.05484283 -3.4020925
v 2.1634543 0.054781601 -3.4020965
v 2.1752529 0.13428529 -3.3814344
v 2.168709 0.10895372 -3.3903325
v 2.1683464 0.10735204 -3.3909011
v 2.1674716 0.10371755 -3.3916156
v 2.1840107 0.15743609 -3.3736272
v 2.1803098 0.14929137 -3.3763015
v 2.3464928 -0.28 -3.2972765
v 2.353157 -0.2794196 -3.2981958
v 7.2161932 -2.3147259 -0.78188378
v 7.2166882 -2.3162651 -0.78176516
v 7.2430797 -2.1983922 -0.79093933
v 7.2338786 -2.2063639 -0.79030877
v 7.2098327 -2.283401 -0.78430361
v 7.2095637 -2.2769248 -0.7848053
v 7.2283273 -2.2154653 -0.7895956
v 7.2163253 -2.2387166 -0.78777665
v 7.2122383 -2.251415 -0.78678662
v 7.2187595 -2.2311521 -0.78836644
v 7.2113924 -2.2570789 -0.78634638
v 7.210001 -2.2663913 -0.78562254
v 7.2098341 -2.2704122 -0.78531057
v 7.3691368 -2.16099 -0.79270464
v 7.2911239 -2.1703043 -0.79304391
v 7.3068032 -2.3896089 -0.77574831
v 7.3146367 -2.3901558 -0.77559882
v 7.28616 -2.3815954 -0.77665424
v 7.2886324 -2.3825552 -0.77654576
v 7.2522674 -2.1904297 -0.79155678
v 7.2626362 -2.1814442 -0.79225355
v 7.2187595 -2.322701 -0.78126317
v 7.2278366 -2.337584 -0.78010094
v 7.4868789 -2.1870797 -0.78796446
v 7.4799113 -2.1844916 -0.78835064
v 7.4421177 -2.173959 -0.79017091
v 7.4218574 -2.1683125 -0.7911467
v 7.4058151 -2.166106 -0.79174215
v 7.4218574 -2.3847854 -0.77420151
v 7.4385285 -2.3799865 -0.77413791
v 7.4059968 -2.3871126 -0.77443719
v 7.4009953 -2.1654336 -0.79186863
v 7.39747 -2.3883474 -0.77447116
v 7.3393631 -2.3918743 -0.77508539
v 7.3621678 -2.3934596 -0.77461189
v 7.4981217 -2.191252 -0.78732115
v 7.5321097 -2.2038715 -0.78537571
v 7.5320115 -2.2038288 -0.78538185
v 7.5320115 -2.3482203 -0.77401859
v 7.5322261 -2.348125 -0.77402008
v 7.4452348 -2.3780541 -0.77410203
v 7.4799113 -2.3680632 -0.77391678
v 7.5004301 -2.3602486 -0.77395684
v 7.6039009 -2.236248 -0.78018326
v 7.5876956 -2.2284889 -0.78139079
v 7.5756202 -2.2227073 -0.78229064
v 7.5472965 -2.2104459 -0.7842989
v 7.5756202 -2.3287838 -0.77394342
v 7.5802522 -2.3265066 -0.77395201
v 7.5487857 -2.3407443 -0.77399081
v 7.6641326 -2.2824476 -0.77420813
v 7.6676855 -2.2804108 -0.77420855
v 7.6709261 -2.278507 -0.77421254
v 7.6676855 -2.2698493 -0.7750442
v 7.6641212 -2.2678618 -0.77536273
v 7.6709099 -2.2716925 -0.77475244
v 7.6099997 -2.2391663 -0.7797175
v 7.6591692 -2.265095 -0.77577233
v 7.6545124 -2.2624931 -0.77615756
v 7.619091 -2.2438304 -0.77899832
v 7.6358209 -2.252414 -0.77767485
v 7.642416 -2.2559702 -0.77713948
v 7.6592383 -2.2852478 -0.77417505
v 7.5885415 -2.3224292 -0.7739554
v 7.6099997 -2.3118746 -0.77396423
v 7.6545124 -2.2879515 -0.7741431
v 7.6426044 -2.2945323 -0.77408093
v 7.6358209 -2.2982812 -0.77404553
v 7.6195164 -2.3068647 -0.77399421
v 7.3621678 2.1600158 -0.79287565
v 7.3691368 2.16099 -0.79270464
v 7.2911239 2.1703043 -0.79304391
v 7.3427486 2.1614635 -0.79302794
v 7.3146367 2.3901558 -0.77559882
v 7.3068032 2.3896089 -0.77574831
v 7.2886324 2.3825552 -0.77654576
v 7.28616 2.3815954 -0.77665424
v 7.2338786 2.2063639 -0.79030877
v 7.2430797 2.1983922 -0.79093933
v 7.2166882 2.3162651 -0.78176516
v 7.2161932 2.3147259 -0.78188378
v 7.2283273 2.2154653 -0.7895956
v 7.2098327 2.283401 -0.78430361
v 7.2095637 2.2769248 -0.7848053
v 7.2098341 2.2704122 -0.78531057
v 7.210001 2.2663913 -0.78562254
v 7.2113924 2.2570789 -0.78634638
v 7.2122383 2.251415 -0.78678662
v 7.2187595 2.2311521 -0.78836644
v 7.2163253 2.2387166 -0.78777665
v 7.2626362 2.1814442 -0.79225355
v 7.2522674 2.1904297 -0.79155678
v 7.2626362 2.3724091 -0.77737719
v 7.2187595 2.322701 -0.78126317
v 7.2278366 2.337584 -0.78010094
v 7.2509561 2.3622882 -0.77816927
v 7.2338786 2.3474901 -0.77932733
v 7.4009953 2.1654336 -0.79186863
v 7.4058151 2.166106 -0.79174215
v 7.4059968 2.3871126 -0.77443719
v 7.39747 2.3883474 -0.77447116
v 7.3393631 2.3918743 -0.77508539
v 7.3621678 2.3934596 -0.77461189
v 7.5876956 2.2284889 -0.78139079
v 7.6039009 2.236248 -0.78018326
v 7.5802522 2.3265066 -0.77395201
v 7.5756202 2.3287838 -0.77394342
v 7.5487857 2.3407443 -0.77399081
v 7.5322261 2.348125 -0.77402008
v 7.6641326 2.2824476 -0.77420813
v 7.6592383 2.2852478 -0.77417505
v 7.6545124 2.2879515 -0.7741431
v 7.6426044 2.2945323 -0.77408093
v 7.6358209 2.2982812 -0.77404553
v 7.5885415 2.3224292 -0.7739554
v 7.6099997 2.3118746 -0.77396423
v 7.6195164 2.3068647 -0.77399421
v 7.5320115 2.2038288 -0.78538185
v 7.4868789 2.1870797 -0.78796446
v 7.4981217 2.191252 -0.78732115
v 7.5320115 2.3482203 -0.77401859
v 7.5004301 2.3602486 -0.77395684
v 7.4452348 2.3780541 -0.77410203
v 7.4385285 2.3799865 -0.77413791
v 7.4799113 2.3680632 -0.77391678
v 7.4799113 2.1844916 -0.78835064
v 7.4218574 2.1683125 -0.7911467
v 7.4421177 2.173959 -0.79017091
v 7.4218574 2.3847854 -0.77420151
v 7.6676855 2.2698493 -0.7750442
v 7.6676855 2.2804108 -0.77420855
v 7.6709261 2.278507 -0.77421254
v 7.6709099 2.2716925 -0.77475244
v 2.4613788 -0.17917345 -3.3824925
v 2.4728627 -0.17917345 -3.4066641
v 2.6068375 -0.17917345 -3.4835441
v 2.6347151 -0.17917345 -3.4810421
v 2.6609595 -0.17917345 -3.4738295
v 2.7595091 -0.17917345 -3.3562481
v 2.7522962 -0.17917345 -3.3824925
v 2.7408125 -0.17917345 -3.4066641
v 2.7254972 -0.17917345 -3.4283233
v 2.7067902 -0.17917345 -3.4470303
v 2.6851311 -0.17917345 -3.4623456
v 2.5789602 -0.17917345 -3.4810421
v 2.5527158 -0.17917345 -3.4738295
v 2.5285442 -0.17917345 -3.4623456
v 2.5068851 -0.17917345 -3.4470303
v 2.488178 -0.17917345 -3.4283233
v 2.7595091 0.17917345 -3.3562481
v 2.7522962 0.17917345 -3.3824925
v 2.4613788 0.17917345 -3.3824925
v 2.4728627 0.17917345 -3.4066641
v 2.488178 0.17917345 -3.4283233
v 2.5068851 0.17917345 -3.4470303
v 2.5285442 0.17917345 -3.4623456
v 2.5527158 0.17917345 -3.4738295
v 2.5789602 0.17917345 -3.4810421
v 2.6068375 0.17917345 -3.4835441
v 2.6347151 0.17917345 -3.4810421
v 2.6609595 0.17917345 -3.4738295
v 2.6851311 0.17917345 -3.4623456
v 2.7067902 0.17917345 -3.4470303
v 2.7254972 0.17917345 -3.4283233
v 2.7408125 0.17917345 -3.4066641
v 23.877312 -0.003093607 2.16945
v 23.882635 -0.0023618566 2.1656682
v 23.882755 -0.0023454519 2.1655836
v 23.882635 0.0023618566 2.1656682
v 23.877312 0.003093607 2.16945
v 23.882755 0.0023454519 2.1655836
v 7.6762705 2.510313 -2.1066601
v 7.6762719 2.5097029 -2.1067052
v 7.6676855 2.5044401 -2.1054754
v 7.6676855 2.515012 -2.1046987
v 7.6536989 2.4961526 -2.1038606
v 7.6505613 2.4943564 -2.1035244
v 7.6358209 2.4861526 -2.1032734
v 7.6390934 2.4879527 -2.1032076
v 7.6409049 2.4889641 -2.1032577
v 7.6670089 2.504035 -2.1053779
v 7.6620317 2.5010695 -2.1047423
v 7.6088729 2.4721377 -2.1041081
v 7.6099997 2.4726784 -2.1040313
v 7.6348658 2.485652 -2.1032872
v 7.6211443 2.4784553 -2.1034851
v 7.6162891 2.475909 -2.1035552
v 7.5741563 2.4556906 -2.1073036
v 7.5756202 2.4563177 -2.1071618
v 7.6027851 2.4692159 -2.1045232
v 7.5959139 2.4659183 -2.1049917
v 7.4775562 2.4180117 -2.116544
v 7.530127 2.4369538 -2.1115727
v 7.5320115 2.4376435 -2.1114104
v 7.4866848 2.4210529 -2.1153131
v 7.4834218 2.4198904 -2.1157751
v 7.5393572 2.4407859 -2.1106765
v 7.4164805 2.4024019 -2.123126
v 7.4218574 2.4031148 -2.1227751
v 7.3788443 2.3974111 -2.1255827
v 7.3655634 2.3956659 -2.1265392
v 7.4308367 2.4055092 -2.1217299
v 7.3594937 2.3954127 -2.1267688
v 7.3621678 2.3952198 -2.1267838
v 7.3100562 2.3990076 -2.1266413
v 7.3117814 2.3988807 -2.1266367
v 7.3283458 2.397661 -2.1265938
v 7.2548223 2.4223695 -2.1196809
v 7.2626362 2.4158847 -2.1218328
v 7.2399931 2.4350016 -2.1174412
v 7.2353468 2.4389596 -2.1167395
v 7.2338786 2.4402101 -2.1165178
v 7.2195158 2.4632988 -2.1120667
v 7.2317739 2.4435902 -2.115845
v 7.2187595 2.4645147 -2.1118336
v 7.2101092 2.4983461 -2.105267
v 7.21066 2.494653 -2.105511
v 7.2126203 2.5363054 -2.1023524
v 7.2122383 2.5351217 -2.1024585
v 7.2101231 2.5209713 -2.1036041
v 7.2187595 2.5553439 -2.1006463
v 7.2142067 2.541225 -2.1019115
v 7.2338786 2.5802941 -2.0996246
v 7.2296591 2.5732217 -2.099292
v 7.2359815 2.5821514 -2.0996799
v 7.2626362 2.6056907 -2.1003821
v 7.2587914 2.6022954 -2.1002808
v 7.3120041 2.6235101 -2.1001089
v 7.3068032 2.6231511 -2.1002319
v 7.2963963 2.61903 -2.1002283
v 7.2793269 2.6122708 -2.1002221
v 7.2650232 2.414983 -2.1220787
v 7.3068032 2.3992472 -2.1266496
v 7.2793269 2.4095795 -2.1235514
v 7.2723322 2.4122219 -2.1228311
v 7.4799113 2.6011531 -2.0958354
v 7.4756894 2.6023877 -2.0959613
v 7.3676777 2.6261961 -2.0990298
v 7.3621678 2.6270208 -2.0992033
v 7.4576869 2.6076524 -2.0964985
v 7.4308367 2.6155045 -2.0972998
v 7.4218574 2.6181393 -2.0976169
v 7.3949885 2.6221282 -2.0982797
v 7.3788443 2.6245248 -2.0986779
v 7.3416581 2.6255755 -2.0995181
v 7.3283458 2.6246376 -2.0997221
v 7.5735354 2.5624323 -2.0937645
v 7.5568247 2.5697834 -2.0932436
v 7.5393572 2.5776694 -2.0938432
v 7.5320115 2.5809896 -2.0941179
v 7.5289683 2.5821669 -2.0942171
v 7.4843359 2.5994377 -2.0956724
v 7.5309596 2.5813966 -2.0941522
v 7.6099997 2.5449085 -2.0955651
v 7.6084743 2.5456393 -2.095453
v 7.6346202 2.5324624 -2.0985641
v 7.6262698 2.5366604 -2.0974157
v 7.6162891 2.5416784 -2.0960431
v 7.6358209 2.5318587 -2.0987294
v 7.6545124 2.5221016 -2.1020753
v 7.653563 2.5225959 -2.1018975
v 7.6390934 2.5301278 -2.0991857
v 7.6669679 2.5153947 -2.1045353
v 7.6641726 2.5168853 -2.1038997
v 7.6014886 2.5489855 -2.0949399
v 7.5860176 2.5564635 -2.0941887
v 7.6545124 -2.4966183 -2.1039476
v 7.6536989 -2.4961526 -2.1038606
v 7.6505613 -2.4943564 -2.1035244
v 7.6390934 -2.4879527 -2.1032076
v 7.6358209 -2.4861526 -2.1032734
v 7.6670089 -2.504035 -2.1053779
v 7.6620317 -2.5010695 -2.1047423
v 7.6099997 -2.4726784 -2.1040313
v 7.6088729 -2.4721377 -2.1041081
v 7.6348658 -2.485652 -2.1032872
v 7.6211443 -2.4784553 -2.1034851
v 7.6162891 -2.475909 -2.1035552
v 7.6027851 -2.4692159 -2.1045232
v 7.5959139 -2.4659183 -2.1049917
v 7.5756202 -2.4563177 -2.1071618
v 7.5320115 -2.4376435 -2.1114104
v 7.530127 -2.4369538 -2.1115727
v 7.4866848 -2.4210529 -2.1153131
v 7.4834218 -2.4198904 -2.1157751
v 7.5741563 -2.4556906 -2.1073036
v 7.5624723 -2.4506862 -2.1084361
v 7.5393572 -2.4407859 -2.1106765
v 7.3655634 -2.3956659 -2.1265392
v 7.3621678 -2.3952198 -2.1267838
v 7.4775562 -2.4180117 -2.116544
v 7.4218574 -2.4031148 -2.1227751
v 7.4164805 -2.4024019 -2.123126
v 7.3788443 -2.3974111 -2.1255827
v 7.4308367 -2.4055092 -2.1217299
v 7.3594937 -2.3954127 -2.1267688
v 7.3117814 -2.3988807 -2.1266367
v 7.2626362 -2.4158847 -2.1218328
v 7.2548223 -2.4223695 -2.1196809
v 7.2399931 -2.4350016 -2.1174412
v 7.2353468 -2.4389596 -2.1167395
v 7.3068032 -2.3992472 -2.1266496
v 7.2195158 -2.4632988 -2.1120667
v 7.2187595 -2.4645147 -2.1118336
v 7.2338786 -2.4402101 -2.1165178
v 7.2317739 -2.4435902 -2.115845
v 7.2166038 -2.4710665 -2.1104794
v 7.212554 -2.4833744 -2.1079352
v 7.2122383 -2.4843342 -2.1077368
v 7.21066 -2.494653 -2.105511
v 7.2101092 -2.4983461 -2.105267
v 7.2126203 -2.5363054 -2.1023524
v 7.2142067 -2.541225 -2.1019115
v 7.2187595 -2.5553439 -2.1006463
v 7.2095861 -2.5090747 -2.1045051
v 7.210001 -2.4990718 -2.1052191
v 7.2197165 -2.5569057 -2.1004834
v 7.2338786 -2.5802941 -2.0996246
v 7.2359815 -2.5821514 -2.0996799
v 7.2317739 -2.5767643 -2.0994463
v 7.2276063 -2.5697834 -2.0991423
v 7.2296591 -2.5732217 -2.099292
v 7.2587914 -2.6022954 -2.1002808
v 7.2626362 -2.6056907 -2.1003821
v 7.2664709 -2.6072025 -2.1003451
v 7.2963963 -2.61903 -2.1002283
v 7.3120041 -2.6235101 -2.1001089
v 7.3416581 -2.6255755 -2.0995181
v 7.3676777 -2.6261961 -2.0990298
v 7.4799113 -2.6011531 -2.0958354
v 7.4218574 -2.6181393 -2.0976169
v 7.3788443 -2.6245248 -2.0986779
v 7.5735354 -2.5624323 -2.0937645
v 7.5393572 -2.5776694 -2.0938432
v 7.5320115 -2.5809896 -2.0941179
v 7.4843359 -2.5994377 -2.0956724
v 7.5289683 -2.5821669 -2.0942171
v 7.5309596 -2.5813966 -2.0941522
v 7.6099997 -2.5449085 -2.0955651
v 7.6014886 -2.5489855 -2.0949399
v 7.5860176 -2.5564635 -2.0941887
v 7.6262698 -2.5366604 -2.0974157
v 7.6346202 -2.5324624 -2.0985641
v 7.6162891 -2.5416784 -2.0960431
v 7.653563 -2.5225959 -2.1018975
v 7.6545124 -2.5221016 -2.1020753
v 7.6641726 -2.5168853 -2.1038997
v 7.6669679 -2.5153947 -2.1045353
v 7.6390934 -2.5301278 -2.0991857
v 7.6358209 -2.5318587 -2.0987294
v 8.1833076 -2.6626773 -2.9308949
v 8.1876364 -2.6408696 -2.9338834
v 8.1824093 -2.6667535 -2.9303751
v 8.1826715 -2.6658821 -2.9304557
v 8.178586 -2.6781926 -2.927752
v 8.1879883 -2.6379042 -2.9343932
v 8.1898661 -2.6189244 -2.9378178
v 8.1877527 -2.6402845 -2.9339638
v 8.1904688 -2.5972896 -2.9391503
v 8.190197 -2.6138833 -2.9380472
v 8.1903782 -2.6028209 -2.9387825
v 8.190835 -2.5749691 -2.9406343
v 8.1909199 -2.5697834 -2.940979
v 8.1905632 -2.5915108 -2.9395344
v 8.1908312 -2.575165 -2.9406211
v 8.1907406 -2.5806961 -2.9402535
v 8.1905546 -2.547509 -2.9394979
v 8.1904907 -2.5435874 -2.9392374
v 8.190917 -2.5696337 -2.940969
v 8.1908264 -2.5641026 -2.9406013
v 8.1907358 -2.5585713 -2.9402335
v 8.1905584 -2.5477576 -2.9395146
v 8.1405573 -2.3792357 -2.9061971
v 8.138979 -2.377027 -2.9057195
v 8.1525917 -2.3969834 -2.9103413
v 8.1495247 -2.391788 -2.9089119
v 8.1539536 -2.3992915 -2.9109762
v 8.1682034 -2.4256485 -2.9188466
v 8.1627016 -2.414113 -2.9150541
v 8.1343327 -2.3708408 -2.9034617
v 8.1335945 -2.3700113 -2.903219
v 8.173501 -2.4376726 -2.921026
v 8.1807489 -2.4593561 -2.9259977
v 8.1752167 -2.4428051 -2.9222028
v 8.1871872 -2.4879205 -2.9316702
v 8.1842327 -2.4730375 -2.9296305
v 8.1881952 -2.4981055 -2.9335079
v 8.1874714 -2.4907939 -2.9321887
v 8.1817398 -2.462323 -2.9266782
v 8.1826439 -2.4662085 -2.9277489
v 8.1901922 -2.5253842 -2.9380271
v 8.1904678 -2.5422437 -2.9391479
v 8.190464 -2.5419779 -2.9391303
v 8.1903734 -2.5364466 -2.9387627
v 8.1900911 -2.5201907 -2.9376187
v 8.1898184 -2.5147114 -2.9365125
v 8.1653919 -2.7111042 -2.9211709
v 8.1637497 -2.7146733 -2.9205379
v 8.1682034 -2.7047393 -2.9223523
v 8.1759176 -2.6861765 -2.9259214
v 8.1744614 -2.6905324 -2.9249225
v 8.1547375 -2.7299418 -2.916337
v 8.1509161 -2.7364171 -2.9145558
v 8.1488171 -2.7393556 -2.9139202
v 8.141242 -2.7499585 -2.9116271
v 8.135951 -2.7573643 -2.9100251
v 8.0729561 -2.8132815 -2.9007313
v 8.0800648 -2.8105254 -2.8993227
v 8.0463009 -2.8228767 -2.9065707
v 8.0553293 -2.8197901 -2.9044695
v 8.0624304 -2.8173623 -2.9028168
v 8.0801239 -2.8105025 -2.8993111
v 8.0867071 -2.8052678 -2.9000311
v 8.1001434 -2.7945504 -2.9013348
v 8.1060858 -2.7889206 -2.9025824
v 8.0912142 -2.8016722 -2.9004686
v 8.1260996 -2.7687159 -2.9077241
v 8.1093082 -2.7858684 -2.9032588
v 8.086175 -2.3240139 -2.8925297
v 8.1116838 -2.3463678 -2.8965268
v 8.1086702 -2.3435133 -2.8958941
v 8.0982628 -2.3336546 -2.8937092
v 8.0907125 -2.3276315 -2.8929765
v 8.117012 -2.3514152 -2.8976455
v 8.1273928 -2.3630431 -2.9011786
v 8.12533 -2.3607323 -2.9004765
v 8.0148706 -2.297065 -2.9046969
v 8.0063276 -2.2949257 -2.9071479
v 8.0187273 -2.2980306 -2.9035904
v 8.0463009 -2.3061035 -2.896848
v 8.0422287 -2.3047225 -2.8976552
v 8.03687 -2.3031433 -2.8989546
v 8.0240355 -2.2993598 -2.9020677
v 8.0533705 -2.3085093 -2.8953381
v 8.054739 -2.3089752 -2.8950458
v 8.078042 -2.3177025 -2.8908648
v 8.0602264 -2.3108428 -2.8938737
v 8.0723248 -2.3155012 -2.8918304
v 8.0040789 -2.8342478 -2.9180524
v 8.0063276 -2.8337872 -2.9173641
v 8.0374012 -2.825587 -2.9087617
v 8.0433846 -2.8238189 -2.9072475
v 8.0263729 -2.8288453 -2.911552
v 8.0080557 -2.8334322 -2.9168093
v 8.0445223 -2.8234828 -2.9069598
v 8.0006723 -2.8349452 -2.919095
v 7.9669404 -2.8406599 -2.9303203
v 7.9708838 -2.8402073 -2.9288452
v 7.9895358 -2.8372254 -2.9225039
v 7.9818811 -2.8384492 -2.9251063
v 7.9141397 -2.8441026 -2.9509389
v 7.9183555 -2.8440053 -2.9492121
v 7.8905387 -2.843281 -2.9616363
v 7.8911428 -2.8433418 -2.9613323
v 7.901577 -2.8436871 -2.9566166
v 7.9238229 -2.8438795 -2.9469726
v 7.9282928 -2.8437765 -2.9451418
v 7.9520736 -2.8423593 -2.9356439
v 7.9623199 -2.841188 -2.9319749
v 7.9331651 -2.8436637 -2.9430616
v 7.94346 -2.8429534 -2.939023
v 7.9628119 -2.8411317 -2.9317985
v 7.9312177 -2.2845414 -2.9351602
v 7.9284892 -2.2844775 -2.9364648
v 7.9669404 -2.2877998 -2.9205008
v 7.9626656 -2.287308 -2.922153
v 7.9499588 -2.2858458 -2.9270644
v 7.9434233 -2.2853909 -2.9298875
v 7.9732742 -2.2887394 -2.9181473
v 7.9686556 -2.287998 -2.919807
v 7.9816256 -2.2900805 -2.9151461
v 8.0057154 -2.2947729 -2.9073133
v 7.987226 -2.2909796 -2.9131334
v 7.9282928 -2.2844729 -2.9365587
v 7.8826399 -2.2855237 -2.9567382
v 7.8779373 -2.2859952 -2.9590137
v 7.8667579 -2.2871163 -2.9644232
v 7.8538318 -2.2893095 -2.971355
v 7.9274464 -2.2844532 -2.9369469
v 7.9238896 -2.2843714 -2.9384038
v 7.9022264 -2.2844336 -2.9477005
v 7.889225 -2.2848635 -2.9535518
v 7.8449097 -2.2908163 -2.9759505
v 7.8341637 -2.2934017 -2.9820671
v 7.8538313 -2.2893095 -2.9713552
v 7.8529501 -2.8384209 -2.9806297
v 7.8225102 -2.8313022 -2.9978015
v 7.8289213 -2.8330779 -2.9939761
v 7.8686786 -2.841089 -2.972214
v 7.8719668 -2.8414187 -2.9706228
v 7.8771758 -2.8419411 -2.9681022
v 7.818325 -2.8299816 -3.0004203
v 7.7738276 -2.8138516 -3.0247469
v 7.7551551 -2.8052013 -3.0353255
v 7.7515273 -2.8033557 -3.0374722
v 7.7835221 -2.818049 -3.0194175
v 7.7841725 -2.8182836 -3.0190861
v 7.8049774 -2.8258243 -3.0079746
v 7.8051224 -2.8258686 -3.0079019
v 7.8098273 -2.8273144 -3.005533
v 7.8039589 -2.8254344 -3.0085301
v 7.7830253 -2.3101561 -3.0132685
v 7.7829971 -2.3101683 -3.013284
v 7.7841725 -2.3097422 -3.0126836
v 7.7871614 -2.3086505 -3.0110826
v 7.7866192 -2.3088579 -3.0113785
v 7.7824368 -2.310411 -3.013592
v 7.818325 -2.2976148 -2.9913859
v 7.8062134 -2.3014164 -2.9986734
v 7.8031402 -2.3023808 -3.0005221
v 7.8299327 -2.2944195 -2.9844751
v 7.8236985 -2.2959194 -2.9880238
v 7.7259817 -2.2903218 -3.0173216
v 7.7205434 -2.2903218 -3.019006
v 7.7414498 -2.3004735 -3.0201921
v 7.7401834 -2.2919211 -3.0141299
v 7.7404103 -2.2932336 -3.0150502
v 7.7413387 -2.298605 -3.0188165
v 7.7069941 -2.2903218 -3.0227406
v 7.6943765 -2.2903218 -3.0262182
v 7.7082324 -2.2903218 -3.0223992
v 7.7263198 -2.3381467 -3.0456736
v 7.7280059 -2.3366091 -3.0443439
v 7.7298336 -2.3349428 -3.0429027
v 7.7244906 -2.3394563 -3.0469172
v 7.7330017 -2.3347161 -3.0418811
v 7.7351446 -2.3334565 -3.0405765
v 7.7415991 -2.3033316 -3.0220397
v 7.7416034 -2.3034251 -3.0220904
v 7.7415376 -2.3080466 -3.0246727
v 7.7311778 -2.3333929 -3.0416627
v 7.7329555 -2.3313429 -3.0400229
v 7.7396402 -2.3185244 -3.0310216
v 7.739913 -2.3174474 -3.0303471
v 7.7339807 -2.329838 -3.0388982
v 7.7356529 -2.327383 -3.0370634
v 7.7363882 -2.3259757 -3.0360749
v 7.7378922 -2.3230982 -3.0340533
v 7.7383747 -2.3218355 -3.0332165
v 7.7419281 -2.3294697 -3.0364466
v 7.7289352 -2.7919896 -3.0501654
v 7.7261486 -2.7895796 -3.0522904
v 7.7258196 -2.7889755 -3.0527186
v 7.7303557 -2.7916412 -3.0499573
v 7.7424264 -2.7987356 -3.0426087
v 7.741888 -2.818501 -3.031796
v 7.7415519 -2.8159506 -3.0333059
v 7.7320538 -2.7952483 -3.0474758
v 7.7334533 -2.7968621 -3.046185
v 7.7348013 -2.798841 -3.0447061
v 7.725472 -2.7890952 -3.0527506
v 7.7420268 -2.8195529 -3.031173
v 7.7415409 -2.8375602 -3.0213208
v 7.7415905 -2.8364275 -3.0219352
v 7.7416544 -2.8349714 -3.0227249
v 7.741775 -2.8322165 -3.0242193
v 7.7417822 -2.8320596 -3.0243042
v 7.742044 -2.8207655 -3.0304954
v 7.7421012 -2.82478 -3.0282524
v 7.741838 -2.8307831 -3.0249965
v 7.7418461 -2.8306038 -3.0250938
v 7.7420893 -2.8250496 -3.0281062
v 7.7419734 -2.8276918 -3.0266731
v 7.7420263 -2.826483 -3.0273287
v 7.7420373 -2.826236 -3.0274627
v 7.7419009 -2.8293498 -3.025774
v 7.7419095 -2.8291478 -3.0258834
v 7.7419639 -2.8279161 -3.0265515
v 7.7205434 -2.8378832 -3.0270789
v 7.7391472 -2.8378832 -3.0218186
v 7.7192898 -2.8378832 -3.0273945
v 7.7078753 -2.8378832 -3.0302663
v 7.6913738 -2.8378832 -3.0344183
v 7.7396102 -2.8378832 -3.0216751
v 7.6402354 -2.8378832 -3.0443339
v 7.660552 -2.8378832 -3.0408766
v 7.6390934 -2.8378832 -3.0445282
v 7.6641726 -2.8378832 -3.0402606
v 7.6741219 -2.8378832 -3.0381236
v 7.6886368 -2.8378832 -3.0350063
v 7.6654415 -2.8378832 -3.039988
v 7.6397238 -2.2903218 -3.0380027
v 7.6393342 -2.2903218 -3.0380754
v 7.6641726 -2.2903218 -3.0334454
v 7.6654778 -2.2903218 -3.0331385
v 7.6721873 -2.2903218 -3.0315597
v 7.6913738 -2.2903218 -3.0270457
v 7.6735654 -2.2903218 -3.0312357
v 7.6915689 -2.2903218 -3.0269921
v 7.6390934 -2.2903218 -3.0381203
v 7.6368098 -2.2903218 -3.0384073
v 7.6295004 -2.2903218 -3.0393262
v 7.616055 -2.2903218 -3.0408523
v 7.6056027 -2.2903218 -3.0413086
v 7.6039848 -2.2903218 -3.0413792
v 7.6162891 -2.2903218 -3.0408421
v 7.6351094 -2.8378832 -3.0449855
v 7.6300259 -2.8378832 -3.0455687
v 7.6162891 -2.8378832 -3.0471449
v 7.6123772 -2.8378832 -3.0473156
v 7.6061101 -2.8378832 -3.0475893
v 7.5977006 -2.8378832 -3.0479565
v 7.5959139 -2.8378832 -3.0480344
v 7.5366464 -2.8378832 -3.0479472
v 7.5393572 -2.8378832 -3.04796
v 7.4996357 -2.8378832 -3.0477707
v 7.5012927 -2.8378832 -3.0477786
v 7.5504961 -2.8378832 -3.0479748
v 7.5717549 -2.8378832 -3.0480027
v 7.5637279 -2.8378832 -3.0479922
v 7.4828672 -2.8378832 -3.0476837
v 7.4411016 -2.8378832 -3.0472858
v 7.4431171 -2.8378832 -3.0473051
v 7.4470925 -2.8378832 -3.047343
v 7.4720888 -2.8378832 -3.047581
v 7.4645152 -2.8378832 -3.047509
v 7.4626217 -2.8378832 -3.0474908
v 7.4652472 -2.8378832 -3.0475159
v 7.4308367 -2.8378832 -3.047188
v 7.4245715 -2.8378832 -3.0470898
v 7.3885303 -2.8378832 -3.046524
v 7.3988051 -2.8378832 -3.0466852
v 7.4097176 -2.8378832 -3.0468566
v 7.406765 -2.8378832 -3.0468102
v 7.4138279 -2.8378832 -3.046921
v 7.4358974 -2.8378832 -3.0472362
v 7.3873091 -2.8378832 -3.0465047
v 7.3788443 -2.8378832 -3.0463719
v 7.3357849 -2.8378832 -3.0453641
v 7.337338 -2.8378832 -3.0454006
v 7.3283458 -2.8378832 -3.0451901
v 7.3710823 -2.8378832 -3.0461903
v 7.3510518 -2.8378832 -3.0457215
v 7.3694901 -2.8378832 -3.0461531
v 7.3671341 -2.8378832 -3.046098
v 7.3264136 -2.8378832 -3.0451267
v 7.2980094 -2.8378832 -3.0441957
v 7.2874985 -2.8378832 -3.0438511
v 7.2063971 -2.8378832 -3.0400424
v 7.2317739 -2.8378832 -3.0414922
v 7.1917763 -2.8378832 -3.039207
v 7.2381744 -2.8378832 -3.0417738
v 7.2317891 -2.8378832 -3.0414929
v 7.2793269 -2.8378832 -3.0435834
v 7.2660556 -2.8378832 -3.0429997
v 7.281702 -2.8378832 -3.0436611
v 7.3791375 -2.2903218 -3.0400736
v 7.3788443 -2.2903218 -3.0400691
v 7.4308367 -2.2903218 -3.0408852
v 7.4212852 -2.2903218 -3.0407352
v 7.415391 -2.2903218 -3.0406427
v 7.4151535 -2.2903218 -3.0406389
v 7.4094281 -2.2903218 -3.040549
v 7.3800087 -2.2903218 -3.0400875
v 7.4020648 -2.2903218 -3.0404336
v 7.3967543 -2.2903218 -3.0403502
v 7.4314675 -2.2903218 -3.0408912
v 7.4312816 -2.2903218 -3.0408895
v 7.4843359 -2.2903218 -3.0413949
v 7.4783673 -2.2903218 -3.041338
v 7.4737506 -2.2903218 -3.0412941
v 7.4358974 -2.2903218 -3.0409334
v 7.4452085 -2.2903218 -3.0410221
v 7.4691286 -2.2903218 -3.04125
v 7.4636898 -2.2903218 -3.0411983
v 7.4560146 -2.2903218 -3.0411251
v 7.5393572 -2.2903218 -3.0416572
v 7.5350909 -2.2903218 -3.0416369
v 7.4987135 -2.2903218 -3.0414634
v 7.489213 -2.2903218 -3.0414181
v 7.5403504 -2.2903218 -3.0416586
v 7.5759177 -2.2903218 -3.0417054
v 7.5704184 -2.2903218 -3.041698
v 7.5490952 -2.2903218 -3.0416701
v 7.3470931 -2.2903218 -3.039326
v 7.3467684 -2.2903218 -3.0393176
v 7.3373351 -2.2903218 -3.0390759
v 7.3283458 -2.2903218 -3.0388453
v 7.3281636 -2.2903218 -3.0388389
v 7.3193164 -2.2903218 -3.0385213
v 7.30231 -2.2903218 -3.0379105
v 7.2923207 -2.2903218 -3.0375519
v 7.2793269 -2.2903218 -3.0370853
v 7.3628535 -2.2903218 -3.0396948
v 7.3784614 -2.2903218 -3.04006
v 7.3737216 -2.2903218 -3.0399492
v 7.2301302 -2.2903218 -3.0346918
v 7.2006369 -2.2903218 -3.0328457
v 7.1856723 -2.2903218 -3.0319092
v 7.2317739 -2.2903218 -3.0347948
v 7.2784963 -2.2903218 -3.0370452
v 7.2324462 -2.2903218 -3.0348272
v 7.2673435 -2.2903218 -3.0365081
v 7.2628307 -2.2903218 -3.0362906
v 7.1830373 -2.2903218 -3.0316999
v 7.1686506 -2.2903218 -3.0305579
v 7.1639266 -2.2903218 -3.0301828
v 7.1410089 -2.2903218 -3.0283637
v 7.1371894 -2.2903218 -3.0279865
v 7.1389728 -2.3325744 -3.0525744
v 7.1410089 -2.3348863 -3.0540407
v 7.1410089 -2.3365493 -3.0549631
v 7.128777 -2.3294697 -3.049933
v 7.1378884 -2.3313429 -3.0517936
v 7.1202517 -2.3252077 -3.0467999
v 7.1168456 -2.3235047 -3.0455482
v 7.1362047 -2.3289087 -3.0502913
v 7.1294475 -2.295783 -3.0313058
v 7.1294556 -2.2955942 -3.0312018
v 7.1293836 -2.2972162 -3.032095
v 7.1351495 -2.327383 -3.04935
v 7.1338544 -2.3249438 -3.0478799
v 7.1293015 -2.2990572 -3.0331089
v 7.132875 -2.3230982 -3.046768
v 7.1319489 -2.3207116 -3.0453603
v 7.1292558 -2.3000822 -3.0336735
v 7.1291924 -2.3015151 -3.0344627
v 7.1291718 -2.3019691 -3.0347126
v 7.1311007 -2.3185244 -3.0440705
v 7.1305137 -2.3162436 -3.0427523
v 7.129858 -2.3136971 -3.0412805
v 7.1291285 -2.3029482 -3.0352519
v 7.1295733 -2.3115711 -3.0400755
v 7.1291828 -2.3086522 -3.0384209
v 7.1291075 -2.3034251 -3.0355146
v 7.1291547 -2.3067248 -3.0373492
v 7.1433859 -2.337923 -3.0558975
v 7.1456761 -2.338882 -3.0565956
v 7.1421371 -2.3359096 -3.0546901
v 7.1446319 -2.3381467 -3.0561118
v 7.1410584 -2.3349428 -3.0540757
v 7.1082358 -2.3192005 -3.0423841
v 7.0977688 -2.3147473 -3.03897
v 7.145844 -2.8378832 -3.0359719
v 7.1458173 -2.788584 -3.0633185
v 7.1410089 -2.7913632 -3.0614283
v 7.1446619 -2.789681 -3.0626264
v 7.1411777 -2.7927017 -3.060698
v 7.1410089 -2.7928529 -3.0606019
v 7.1441255 -2.7900586 -3.0623779
v 7.1856723 -2.8378832 -3.0388582
v 7.1633563 -2.8378832 -3.037241
v 7.1300254 -2.7977204 -3.0569115
v 7.140553 -2.7932622 -3.0603337
v 7.1380725 -2.7960789 -3.0585475
v 7.140594 -2.8378832 -3.035584
v 7.1290774 -2.8354669 -3.035886
v 7.1290135 -2.8340337 -3.0366755
v 7.1289258 -2.8320596 -3.0377626
v 7.128861 -2.8306038 -3.0385644
v 7.1287313 -2.8276918 -3.040168
v 7.1286664 -2.826236 -3.0409698
v 7.137383 -2.7968621 -3.0580509
v 7.1353631 -2.7997828 -3.0562487
v 7.1346436 -2.8008223 -3.0556071
v 7.1330733 -2.803781 -3.0538239
v 7.1323695 -2.8051069 -3.053025
v 7.1312304 -2.8080428 -3.0512938
v 7.1305947 -2.8096807 -3.0503278
v 7.1286016 -2.82478 -3.0417717
v 7.1286402 -2.8220971 -3.0432637
v 7.1298599 -2.8125365 -3.0486772
v 7.1293526 -2.814508 -3.0475378
v 7.1286769 -2.8195529 -3.0446782
v 7.1289878 -2.8172314 -3.045994
v 7.0155048 -2.8379383 -3.021651
v 7.0160022 -2.8378601 -3.0217829
v 7.0559387 -2.828306 -3.0324163
v 7.042088 -2.8322856 -3.0283589
v 7.0190115 -2.8373888 -3.0224462
v 7.0270329 -2.8356149 -3.0245016
v 7.0645924 -2.8258243 -3.0347488
v 7.0667424 -2.8250608 -3.0354097
v 7.0864902 -2.818049 -3.0414803
v 7.0977688 -2.8132427 -3.0453923
v 7.075316 -2.8220165 -3.0380454
v 7.1282716 -2.7987356 -3.05619
v 7.0990911 -2.8126802 -3.0458233
v 7.1077304 -2.8090045 -3.0486414
v 7.0559387 -2.2997544 -3.0260332
v 7.0542507 -2.2992692 -3.0255387
v 7.0564613 -2.2999041 -3.0261741
v 7.0492983 -2.2978384 -3.0237343
v 7.0426569 -2.2959194 -3.0213144
v 7.0196853 -2.2908163 -3.0141027
v 7.0155048 -2.2901592 -3.012995
v 7.0246978 -2.2919297 -3.0156763
v 7.0969338 -2.3143916 -3.0386806
v 7.0869951 -2.3101561 -3.0352333
v 7.0650969 -2.3023808 -3.0285015
v 7.0732832 -2.3052876 -3.031018
v 7.0055013 -2.2885833 -3.0100548
v 6.9999433 -2.2877076 -3.0084214
v 6.9961896 -2.2871163 -3.0073183
v 6.9764524 -2.2852645 -3.0024667
v 6.97507 -2.2851346 -3.0020816
v 6.972188 -2.2848635 -3.0012791
v 6.9613037 -2.2845247 -2.9987652
v 6.9499664 -2.2841716 -2.9961464
v 6.9477544 -2.2841027 -2.9956353
v 6.9387684 -2.2842987 -2.9939189
v 6.9520531 -2.8439476 -3.005219
v 6.970048 -2.8433871 -3.0093756
v 6.9387684 -2.8439214 -3.0024824
v 6.947073 -2.8441026 -3.0040686
v 6.9715066 -2.8433418 -3.0097125
v 6.9764524 -2.8428767 -3.0110896
v 7.0023065 -2.8400176 -3.017772
v 7.0154099 -2.8379533 -3.0216231
v 6.9772925 -2.8427978 -3.011296
v 6.9955063 -2.841089 -3.0157733
v 6.8927341 -2.8407841 -2.9932137
v 6.9269986 -2.8436637 -2.9998038
v 6.9296622 -2.8437221 -3.0004101
v 6.9071169 -2.8423593 -2.9959354
v 6.910388 -2.8425739 -2.9965718
v 6.9306145 -2.8437428 -3.0006268
v 6.8674479 -2.837106 -2.988776
v 6.8851461 -2.2884591 -2.9832578
v 6.8697219 -2.2908273 -2.9806449
v 6.8687291 -2.2909796 -2.9804766
v 6.8674479 -2.2912328 -2.9803023
v 6.9024382 -2.2864313 -2.9866605
v 6.8892212 -2.2878804 -2.9839838
v 6.8881497 -2.287998 -2.9837668
v 6.9077964 -2.2858458 -2.9875264
v 6.909049 -2.2857635 -2.9877701
v 6.9291558 -2.2845089 -2.9917312
v 6.9276776 -2.2845414 -2.991395
v 6.8514357 -2.2944093 -2.977391
v 6.850493 -2.2945962 -2.9772196
v 6.8496027 -2.2947729 -2.9770577
v 6.8337836 -2.2986174 -2.9747148
v 6.8316193 -2.2991455 -2.9742835
v 6.8307409 -2.2993598 -2.9741085
v 6.8201256 -2.3024321 -2.9723568
v 6.8130417 -2.3044822 -2.9711878
v 6.8122115 -2.3047225 -2.971051
v 6.8014317 -2.3083391 -2.9696472
v 6.8115392 -2.8234828 -2.9793677
v 6.8139215 -2.824172 -2.9797609
v 6.8325825 -2.8294585 -2.9829264
v 6.8515396 -2.8339503 -2.9858837
v 6.8585982 -2.8353505 -2.9871671
v 6.848928 -2.8334322 -2.9854088
v 6.7714996 -2.8072109 -2.9745548
v 6.7754807 -2.8105025 -2.9738288
v 6.7777038 -2.8113565 -2.9741657
v 6.7490606 -2.7870796 -2.9754083
v 6.7706771 -2.806524 -2.9746044
v 6.7448764 -2.3458819 -2.9698086
v 6.7417817 -2.3490307 -2.9701235
v 6.7406082 -2.3502245 -2.970243
v 6.7545176 -2.3360727 -2.9688272
v 6.7569237 -2.3336546 -2.9682214
v 6.7657847 -2.3262913 -2.9671547
v 6.7703781 -2.3224742 -2.9666018
v 6.790844 -2.3120565 -2.967777
v 6.7769728 -2.3173862 -2.9656742
v 6.7761497 -2.3177025 -2.9655492
v 6.7948303 -2.310564 -2.968411
v 6.794003 -2.3108428 -2.968256
v 6.7121091 -2.3885014 -2.9763916
v 6.7099514 -2.391788 -2.9769111
v 6.7094769 -2.3926864 -2.977123
v 6.7259498 -2.3681417 -2.9724231
v 6.723772 -2.3708408 -2.9727678
v 6.7129669 -2.3872023 -2.976125
v 6.7264657 -2.3675022 -2.9723415
v 6.7394438 -2.3514152 -2.9702871
v 6.7066631 -2.3980181 -2.9783807
v 6.7013211 -2.408371 -2.9793096
v 6.6983585 -2.414113 -2.9798245
v 6.6953869 -2.4215758 -2.9809909
v 6.6917138 -2.4308 -2.9824328
v 6.6889772 -2.4376726 -2.9835069
v 6.684866 -2.4519417 -2.9866254
v 6.7128229 -2.7414951 -2.9818342
v 6.7138691 -2.7431083 -2.9817374
v 6.7406082 -2.7784801 -2.9762688
v 6.7389555 -2.7767899 -2.9763315
v 6.7095428 -2.7364171 -2.9819665
v 6.6980238 -2.714092 -2.9839692
v 6.7013755 -2.720588 -2.9833865
v 6.6777644 -2.6422901 -2.9929364
v 6.6841903 -2.6746707 -2.9896591
v 6.6817746 -2.6658821 -2.9901347
v 6.6861157 -2.6816506 -2.9891918
v 6.6763997 -2.6246824 -2.995605
v 6.6756554 -2.589684 -2.9977274
v 6.6756668 -2.5917585 -2.997582
v 6.6757741 -2.6106436 -2.996259
v 6.6757298 -2.6028209 -2.9968071
v 6.6757426 -2.6051297 -2.9966452
v 6.6755428 -2.5697834 -2.9991217
v 6.6755552 -2.5720458 -2.9989631
v 6.6756492 -2.5885878 -2.9978042
v 6.6755729 -2.575165 -2.9987445
v 6.6755867 -2.5775599 -2.9985769
v 6.6756554 -2.5498829 -2.9977274
v 6.6756063 -2.5585713 -2.9983361
v 6.6755748 -2.5641026 -2.9987235
v 6.6755433 -2.5696337 -2.9991112
v 6.6759825 -2.5120823 -2.9951475
v 6.675838 -2.5175967 -2.9954655
v 6.675807 -2.5231109 -2.9958518
v 6.6757941 -2.5253842 -2.996011
v 6.6757627 -2.5309155 -2.9963987
v 6.6756821 -2.5451667 -2.9973969
v 6.6765342 -2.5039349 -2.9936664
v 6.6770773 -2.4959202 -2.9922094
v 8.178586 2.6781926 -2.927752
v 8.1759176 2.6861765 -2.9259214
v 8.1744614 2.6905324 -2.9249225
v 8.1682034 2.7047393 -2.9223523
v 8.1824093 2.6667535 -2.9303751
v 8.1826715 2.6658821 -2.9304557
v 8.1876364 2.6408696 -2.9338834
v 8.1833076 2.6626773 -2.9308949
v 8.1877527 2.6402845 -2.9339638
v 8.1879883 2.6379042 -2.9343932
v 8.1898661 2.6189244 -2.9378178
v 8.1905594 2.5917585 -2.939518
v 8.1904907 2.5959792 -2.9392374
v 8.1908312 2.575165 -2.9406211
v 8.1909199 2.5697834 -2.940979
v 8.1905632 2.5915108 -2.9395344
v 8.190197 2.6138833 -2.9380472
v 8.1904736 2.5970247 -2.9391677
v 8.1904688 2.5972896 -2.9391503
v 8.1903782 2.6028209 -2.9387825
v 8.1902924 2.6080527 -2.9384346
v 8.1902018 2.6135666 -2.9380682
v 8.1904678 2.5422437 -2.9391479
v 8.190115 2.520658 -2.9377129
v 8.1901922 2.5253842 -2.9380271
v 8.190197 2.5257015 -2.9380484
v 8.1902828 2.5309155 -2.9383948
v 8.1902876 2.5312157 -2.9384148
v 8.1903734 2.5364466 -2.9387627
v 8.1903782 2.5367296 -2.9387815
v 8.190464 2.5419779 -2.9391303
v 8.190917 2.5696337 -2.940969
v 8.1908264 2.5641026 -2.9406013
v 8.1909142 2.5694528 -2.9409568
v 8.1900911 2.5201907 -2.9376187
v 8.1898184 2.5147114 -2.9365125
v 8.1900749 2.5198531 -2.9375505
v 8.1897993 2.5143218 -2.9364338
v 8.1881952 2.4981055 -2.9335079
v 8.1682034 2.4256485 -2.9188466
v 8.1682119 2.4256661 -2.9188523
v 8.1682158 2.4256752 -2.9188552
v 8.0907125 2.3276315 -2.8929765
v 8.0982628 2.3336546 -2.8937092
v 8.1335945 2.3700113 -2.903219
v 8.1495247 2.391788 -2.9089119
v 8.1525917 2.3969834 -2.9103413
v 8.138979 2.377027 -2.9057195
v 8.1405573 2.3792357 -2.9061971
v 8.1343327 2.3708408 -2.9034617
v 8.1656818 2.4203622 -2.9171088
v 8.1627016 2.414113 -2.9150541
v 8.1539536 2.3992915 -2.9109762
v 8.1874714 2.4907939 -2.9321887
v 8.1842327 2.4730375 -2.9296305
v 8.1871872 2.4879205 -2.9316702
v 8.1752167 2.4428051 -2.9222028
v 8.1807489 2.4593561 -2.9259977
v 8.173501 2.4376726 -2.921026
v 8.1826439 2.4662085 -2.9277489
v 8.1817398 2.462323 -2.9266782
v 8.164073 2.714092 -2.9206164
v 8.1637497 2.7146733 -2.9205379
v 8.1653919 2.7111042 -2.9211709
v 8.1664343 2.7087457 -2.9216087
v 8.135951 2.7573643 -2.9100251
v 8.1488171 2.7393556 -2.9139202
v 8.141242 2.7499585 -2.9116271
v 8.1509161 2.7364171 -2.9145558
v 8.1547375 2.7299418 -2.916337
v 8.1093082 2.7858684 -2.9032588
v 8.1060858 2.7889206 -2.9025824
v 8.1260996 2.7687159 -2.9077241
v 8.1188917 2.7767899 -2.9052708
v 8.1001434 2.7945504 -2.9013348
v 8.0912142 2.8016722 -2.9004686
v 8.0867071 2.8052678 -2.9000311
v 8.0801239 2.8105025 -2.8993111
v 8.0800648 2.8105254 -2.8993227
v 8.0729561 2.8132815 -2.9007313
v 8.0624304 2.8173623 -2.9028168
v 8.0553293 2.8197901 -2.9044695
v 8.0463009 2.8228767 -2.9065707
v 8.0445223 2.8234828 -2.9069598
v 8.0433846 2.8238189 -2.9072475
v 8.086175 2.3240139 -2.8925297
v 8.0463009 2.3061035 -2.896848
v 8.0148706 2.297065 -2.9046969
v 8.0187273 2.2980306 -2.9035904
v 8.03687 2.3031433 -2.8989546
v 8.0533705 2.3085093 -2.8953381
v 8.054739 2.3089752 -2.8950458
v 8.0723248 2.3155012 -2.8918304
v 8.0063276 2.2949257 -2.9071479
v 7.9626656 2.287308 -2.922153
v 7.9669404 2.2877998 -2.9205008
v 7.9434233 2.2853909 -2.9298875
v 7.9499588 2.2858458 -2.9270644
v 7.9686556 2.287998 -2.919807
v 7.9732742 2.2887394 -2.9181473
v 8.0057154 2.2947729 -2.9073133
v 7.9816256 2.2900805 -2.9151461
v 7.987226 2.2909796 -2.9131334
v 7.9628119 2.8411317 -2.9317985
v 7.9623199 2.841188 -2.9319749
v 7.9669404 2.8406599 -2.9303203
v 7.9895358 2.8372254 -2.9225039
v 7.9708838 2.8402073 -2.9288452
v 7.9818811 2.8384492 -2.9251063
v 8.0374012 2.825587 -2.9087617
v 8.0080557 2.8334322 -2.9168093
v 8.0263729 2.8288453 -2.911552
v 7.9520736 2.8423593 -2.9356439
v 7.94346 2.8429534 -2.939023
v 7.9331651 2.8436637 -2.9430616
v 7.9282928 2.8437765 -2.9451418
v 7.9238229 2.8438795 -2.9469726
v 7.9183555 2.8440053 -2.9492121
v 7.9141397 2.8441026 -2.9509389
v 7.901577 2.8436871 -2.9566166
v 7.8911428 2.8433418 -2.9613323
v 7.8905387 2.843281 -2.9616363
v 7.8771758 2.8419411 -2.9681022
v 7.8719668 2.8414187 -2.9706228
v 7.8826399 2.2855237 -2.9567382
v 7.889225 2.2848635 -2.9535518
v 7.8905387 2.2848201 -2.9529829
v 7.9238896 2.2843714 -2.9384038
v 7.9274464 2.2844532 -2.9369469
v 7.9122272 2.2841027 -2.9431808
v 7.9022264 2.2844336 -2.9477005
v 7.8779373 2.2859952 -2.9590137
v 7.8667579 2.2871163 -2.9644232
v 7.818325 2.2976148 -2.9913859
v 7.8031402 2.3023808 -3.0005221
v 7.7871614 2.3086505 -3.0110826
v 7.8299327 2.2944195 -2.9844751
v 7.8341637 2.2934017 -2.9820671
v 7.8236985 2.2959194 -2.9880238
v 7.7841725 2.3097422 -3.0126836
v 7.7866192 2.3088579 -3.0113785
v 7.8098273 2.8273144 -3.005533
v 7.8051224 2.8258686 -3.0079019
v 7.8049774 2.8258243 -3.0079746
v 7.8039589 2.8254344 -3.0085301
v 7.7841725 2.8182836 -3.0190861
v 7.818325 2.8299816 -3.0004203
v 7.8225102 2.8313022 -2.9978015
v 7.8538318 2.8385699 -2.9801757
v 7.8529501 2.8384209 -2.9806297
v 7.8289213 2.8330779 -2.9939761
v 7.8686786 2.841089 -2.972214
v 7.7391472 2.8378832 -3.0218186
v 7.7205434 2.8378832 -3.0270789
v 7.7415867 2.8365166 -3.0218871
v 7.7415409 2.8375602 -3.0213208
v 7.741888 2.818501 -3.031796
v 7.742044 2.8207655 -3.0304954
v 7.7420893 2.8250496 -3.0281062
v 7.7420263 2.826483 -3.0273287
v 7.7419734 2.8276918 -3.0266731
v 7.7419095 2.8291478 -3.0258834
v 7.741838 2.8307831 -3.0249965
v 7.741775 2.8322165 -3.0242193
v 7.7416544 2.8349714 -3.0227249
v 7.7415905 2.8364275 -3.0219352
v 7.725472 2.7890952 -3.0527506
v 7.7261486 2.7895796 -3.0522904
v 7.7258196 2.7889755 -3.0527186
v 7.7396102 2.8378832 -3.0216751
v 7.7289352 2.7919896 -3.0501654
v 7.7424264 2.7987356 -3.0426087
v 7.7303557 2.7916412 -3.0499573
v 7.7515273 2.8033557 -3.0374722
v 7.7415519 2.8159506 -3.0333059
v 7.7320538 2.7952483 -3.0474758
v 7.7334533 2.7968621 -3.046185
v 7.739078 2.8069069 -3.0390222
v 7.73839 2.8051069 -3.0402153
v 7.7348013 2.798841 -3.0447061
v 7.7361507 2.8008223 -3.0432253
v 7.7371516 2.802737 -3.0418804
v 7.7738276 2.8138516 -3.0247469
v 7.7551551 2.8052013 -3.0353255
v 7.7835221 2.818049 -3.0194175
v 7.7351446 2.3334565 -3.0405765
v 7.7419281 2.3294697 -3.0364466
v 7.7515273 2.3245966 -3.0310292
v 7.7621346 2.3192005 -3.0247524
v 7.7824368 2.310411 -3.013592
v 7.7829971 2.3101683 -3.013284
v 7.7576475 2.3214831 -3.0274074
v 7.7830253 2.3101561 -3.0132685
v 7.7330017 2.3347161 -3.0418811
v 7.7415409 2.3020065 -3.0213208
v 7.7415991 2.3033316 -3.0220397
v 7.7416034 2.3034251 -3.0220904
v 7.7280059 2.3366091 -3.0443439
v 7.7415376 2.3080466 -3.0246727
v 7.7298336 2.3349428 -3.0429027
v 7.7311778 2.3333929 -3.0416627
v 7.739913 2.3174474 -3.0303471
v 7.7396402 2.3185244 -3.0310216
v 7.7329555 2.3313429 -3.0400229
v 7.7356529 2.327383 -3.0370634
v 7.7378922 2.3230982 -3.0340533
v 7.7363882 2.3259757 -3.0360749
v 7.7383747 2.3218355 -3.0332165
v 7.7259817 2.2903218 -3.0173216
v 7.7415347 2.3018987 -3.0212417
v 7.7413654 2.2990572 -3.0191495
v 7.7413387 2.298605 -3.0188165
v 7.6641726 2.2903218 -3.0334454
v 7.6654778 2.2903218 -3.0331385
v 7.6735654 2.2903218 -3.0312357
v 7.6913738 2.2903218 -3.0270457
v 7.6721873 2.2903218 -3.0315597
v 7.6915689 2.2903218 -3.0269921
v 7.6943765 2.2903218 -3.0262182
v 7.7082324 2.2903218 -3.0223992
v 7.6913738 2.8378832 -3.0344183
v 7.6886368 2.8378832 -3.0350063
v 7.7192898 2.8378832 -3.0273945
v 7.7078753 2.8378832 -3.0302663
v 7.6741219 2.8378832 -3.0381236
v 7.6641726 2.8378832 -3.0402606
v 7.6351094 2.8378832 -3.0449855
v 7.6300259 2.8378832 -3.0455687
v 7.6162891 2.8378832 -3.0471449
v 7.6390934 2.8378832 -3.0445282
v 7.660552 2.8378832 -3.0408766
v 7.6402354 2.8378832 -3.0443339
v 7.6162891 2.2903218 -3.0408421
v 7.6368098 2.2903218 -3.0384073
v 7.6393342 2.2903218 -3.0380754
v 7.6397238 2.2903218 -3.0380027
v 7.5759177 2.2903218 -3.0417054
v 7.5704184 2.2903218 -3.041698
v 7.5403504 2.2903218 -3.0416586
v 7.6056027 2.2903218 -3.0413086
v 7.616055 2.2903218 -3.0408523
v 7.6039848 2.2903218 -3.0413792
v 7.5393572 2.2903218 -3.0416572
v 7.5350909 2.2903218 -3.0416369
v 7.4987135 2.2903218 -3.0414634
v 7.489213 2.2903218 -3.0414181
v 7.4851947 2.2903218 -3.041399
v 7.5265193 2.2903218 -3.0415962
v 7.5183005 2.2903218 -3.0415568
v 7.4411016 2.8378832 -3.0472858
v 7.4394655 2.8378832 -3.0472703
v 7.4358974 2.8378832 -3.0472362
v 7.4323182 2.8378832 -3.0472021
v 7.4308367 2.8378832 -3.047188
v 7.4843359 2.8378832 -3.0476978
v 7.4720888 2.8378832 -3.047581
v 7.4431171 2.8378832 -3.0473051
v 7.4470925 2.8378832 -3.047343
v 7.4574461 2.8378832 -3.0474415
v 7.49508 2.8378832 -3.047749
v 7.5504961 2.8378832 -3.0479748
v 7.5423331 2.8378832 -3.0479641
v 7.5393572 2.8378832 -3.04796
v 7.5177522 2.8378832 -3.047857
v 7.4996357 2.8378832 -3.0477707
v 7.5959139 2.8378832 -3.0480344
v 7.5717549 2.8378832 -3.0480027
v 7.5637279 2.8378832 -3.0479922
v 7.6123772 2.8378832 -3.0473156
v 7.6061101 2.8378832 -3.0475893
v 7.5977006 2.8378832 -3.0479565
v 7.337338 2.8378832 -3.0454006
v 7.3357849 2.8378832 -3.0453641
v 7.3283458 2.8378832 -3.0451901
v 7.3264136 2.8378832 -3.0451267
v 7.2980094 2.8378832 -3.0441957
v 7.2874985 2.8378832 -3.0438511
v 7.3788443 2.8378832 -3.0463719
v 7.3710823 2.8378832 -3.0461903
v 7.3510518 2.8378832 -3.0457215
v 7.3885303 2.8378832 -3.046524
v 7.3873091 2.8378832 -3.0465047
v 7.4308367 2.2903218 -3.0408852
v 7.4314675 2.2903218 -3.0408912
v 7.426518 2.2903218 -3.0408175
v 7.3923645 2.2903218 -3.0402813
v 7.3791375 2.2903218 -3.0400736
v 7.4212852 2.2903218 -3.0407352
v 7.4165277 2.2903218 -3.0406606
v 7.4094281 2.2903218 -3.040549
v 7.3467684 2.2903218 -3.0393176
v 7.3419108 2.2903218 -3.0391932
v 7.3283458 2.2903218 -3.0388453
v 7.3737216 2.2903218 -3.0399492
v 7.3784614 2.2903218 -3.04006
v 7.3628535 2.2903218 -3.0396948
v 7.2793269 2.2903218 -3.0370853
v 7.3281636 2.2903218 -3.0388389
v 7.30231 2.2903218 -3.0379105
v 7.2923207 2.2903218 -3.0375519
v 7.2628307 2.2903218 -3.0362906
v 7.2317739 2.2903218 -3.0347948
v 7.2318373 2.2903218 -3.0347979
v 7.2381744 2.8378832 -3.0417738
v 7.2317739 2.8378832 -3.0414922
v 7.2793269 2.8378832 -3.0435834
v 7.2660556 2.8378832 -3.0429997
v 7.281702 2.8378832 -3.0436611
v 7.2063971 2.8378832 -3.0400424
v 7.1975589 2.8378832 -3.0395374
v 7.1917763 2.8378832 -3.039207
v 7.1856723 2.8378832 -3.0388582
v 7.1737852 2.8378832 -3.0379968
v 7.1633563 2.8378832 -3.037241
v 7.145844 2.8378832 -3.0359719
v 7.1446619 2.789681 -3.0626264
v 7.1458173 2.788584 -3.0633185
v 7.1410089 2.7913632 -3.0614283
v 7.1410089 2.7928529 -3.0606019
v 7.1411777 2.7927017 -3.060698
v 7.1410089 2.8378832 -3.0356214
v 7.1639266 2.2903218 -3.0301828
v 7.1856723 2.2903218 -3.0319092
v 7.2301302 2.2903218 -3.0346918
v 7.2006369 2.2903218 -3.0328457
v 7.1359248 2.2903218 -3.0278616
v 7.1371894 2.2903218 -3.0279865
v 7.0969338 2.3143916 -3.0386806
v 7.0977688 2.3147473 -3.03897
v 7.0564613 2.2999041 -3.0261741
v 7.0650969 2.3023808 -3.0285015
v 7.0869951 2.3101561 -3.0352333
v 7.0732832 2.3052876 -3.031018
v 7.1082358 2.3192005 -3.0423841
v 7.1168456 2.3235047 -3.0455482
v 7.1291924 2.3015151 -3.0344627
v 7.1293015 2.2990572 -3.0331089
v 7.1293664 2.2976015 -3.0323071
v 7.1294312 2.2961454 -3.0315053
v 7.1294475 2.295783 -3.0313058
v 7.1202517 2.3252077 -3.0467999
v 7.128777 2.3294697 -3.049933
v 7.1410089 2.3348863 -3.0540407
v 7.1389728 2.3325744 -3.0525744
v 7.1291285 2.3029482 -3.0352519
v 7.1378884 2.3313429 -3.0517936
v 7.1291075 2.3034251 -3.0355146
v 7.1291547 2.3067248 -3.0373492
v 7.1362047 2.3289087 -3.0502913
v 7.1351495 2.327383 -3.04935
v 7.1291828 2.3086522 -3.0384209
v 7.1295733 2.3115711 -3.0400755
v 7.1338544 2.3249438 -3.0478799
v 7.132875 2.3230982 -3.046768
v 7.129858 2.3136971 -3.0412805
v 7.1305137 2.3162436 -3.0427523
v 7.1319489 2.3207116 -3.0453603
v 7.1311007 2.3185244 -3.0440705
v 7.1410584 2.3349428 -3.0540757
v 7.1446319 2.3381467 -3.0561118
v 7.1421371 2.3359096 -3.0546901
v 7.0667424 2.8250608 -3.0354097
v 7.0645924 2.8258243 -3.0347488
v 7.0559387 2.828306 -3.0324163
v 7.0977688 2.8132427 -3.0453923
v 7.0864902 2.818049 -3.0414803
v 7.075316 2.8220165 -3.0380454
v 7.1300254 2.7977204 -3.0569115
v 7.1282716 2.7987356 -3.05619
v 7.1225452 2.8015983 -3.0540857
v 7.0990911 2.8126802 -3.0458233
v 7.1077304 2.8090045 -3.0486414
v 7.140553 2.7932622 -3.0603337
v 7.140594 2.8378832 -3.035584
v 7.1380725 2.7960789 -3.0585475
v 7.1353631 2.7997828 -3.0562487
v 7.137383 2.7968621 -3.0580509
v 7.1346436 2.8008223 -3.0556071
v 7.1290774 2.8354669 -3.035886
v 7.1290135 2.8340337 -3.0366755
v 7.128861 2.8306038 -3.0385644
v 7.1286945 2.8268688 -3.0406215
v 7.1287313 2.8276918 -3.040168
v 7.1298599 2.8125365 -3.0486772
v 7.1323695 2.8051069 -3.053025
v 7.1330733 2.803781 -3.0538239
v 7.0155048 2.8379383 -3.021651
v 7.0154099 2.8379533 -3.0216231
v 7.0160022 2.8378601 -3.0217829
v 7.0023065 2.8400176 -3.017772
v 6.9955063 2.841089 -3.0157733
v 6.9772925 2.8427978 -3.011296
v 6.9764524 2.8428767 -3.0110896
v 7.0190115 2.8373888 -3.0224462
v 7.0513277 2.8296309 -3.0310657
v 7.042088 2.8322856 -3.0283589
v 7.0559387 2.2997544 -3.0260332
v 7.0542507 2.2992692 -3.0255387
v 7.0055013 2.2885833 -3.0100548
v 6.9764524 2.2852645 -3.0024667
v 6.9961896 2.2871163 -3.0073183
v 7.0492983 2.2978384 -3.0237343
v 7.0196853 2.2908163 -3.0141027
v 7.0246978 2.2919297 -3.0156763
v 7.0426569 2.2959194 -3.0213144
v 6.9291558 2.2845089 -2.9917312
v 6.9387684 2.2842987 -2.9939189
v 6.9276776 2.2845414 -2.991395
v 6.9613037 2.2845247 -2.9987652
v 6.9477544 2.2841027 -2.9956353
v 6.97507 2.2851346 -3.0020816
v 6.972188 2.2848635 -3.0012791
v 6.9077964 2.2858458 -2.9875264
v 6.909049 2.2857635 -2.9877701
v 6.9296622 2.8437221 -3.0004101
v 6.9269986 2.8436637 -2.9998038
v 6.910388 2.8425739 -2.9965718
v 6.9071169 2.8423593 -2.9959354
v 6.9024382 2.8418481 -2.9951792
v 6.9387684 2.8439214 -3.0024824
v 6.9306145 2.8437428 -3.0006268
v 6.970048 2.8433871 -3.0093756
v 6.9520531 2.8439476 -3.005219
v 6.947073 2.8441026 -3.0040686
v 6.9715066 2.8433418 -3.0097125
v 6.8674479 2.837106 -2.988776
v 6.8585982 2.8353505 -2.9871671
v 6.8927341 2.8407841 -2.9932137
v 6.8904586 2.8405347 -2.9927528
v 6.8874726 2.8402073 -2.9921482
v 6.868052 2.8372254 -2.9888582
v 6.8708572 2.8376563 -2.9893334
v 6.8515396 2.8339503 -2.9858837
v 6.848928 2.8334322 -2.9854088
v 6.8337836 2.8297517 -2.9831657
v 6.850493 2.2945962 -2.9772196
v 6.8514357 2.2944093 -2.977391
v 6.8337836 2.2986174 -2.9747148
v 6.8496027 2.2947729 -2.9770577
v 6.8674479 2.2912328 -2.9803023
v 6.8687291 2.2909796 -2.9804766
v 6.8851461 2.2884591 -2.9832578
v 6.794003 2.3108428 -2.968256
v 6.7948303 2.310564 -2.968411
v 6.8014317 2.3083391 -2.9696472
v 6.8130417 2.3044822 -2.9711878
v 6.8201256 2.3024321 -2.9723568
v 6.8122115 2.3047225 -2.971051
v 6.8316193 2.2991455 -2.9742835
v 6.8307409 2.2993598 -2.9741085
v 6.7706771 2.806524 -2.9746044
v 6.7714996 2.8072109 -2.9745548
v 6.7972674 2.8186879 -2.9772718
v 6.7956357 2.8181381 -2.9769664
v 6.793334 2.8173623 -2.9765356
v 6.7754807 2.8105025 -2.9738288
v 6.7777038 2.8113565 -2.9741657
v 6.8014317 2.8200915 -2.9780517
v 6.8115392 2.8234828 -2.9793677
v 6.8139215 2.824172 -2.9797609
v 6.8325825 2.8294585 -2.9829264
v 6.8300691 2.8288453 -2.9824257
v 6.7406082 2.7784801 -2.9762688
v 6.7389555 2.7767899 -2.9763315
v 6.7297711 2.7654057 -2.9777853
v 6.7490606 2.7870796 -2.9754083
v 6.7422051 2.7801049 -2.9761062
v 6.7267718 2.761688 -2.97826
v 6.7232838 2.7573643 -2.9788122
v 6.7138691 2.7431083 -2.9817374
v 6.7128229 2.7414951 -2.9818342
v 6.7545176 2.3360727 -2.9688272
v 6.7417817 2.3490307 -2.9701235
v 6.7394438 2.3514152 -2.9702871
v 6.7264657 2.3675022 -2.9723415
v 6.7259498 2.3681417 -2.9724231
v 6.7657847 2.3262913 -2.9671547
v 6.7569237 2.3336546 -2.9682214
v 6.7066631 2.3980181 -2.9783807
v 6.7094769 2.3926864 -2.977123
v 6.7099514 2.391788 -2.9769111
v 6.7121091 2.3885014 -2.9763916
v 6.723772 2.3708408 -2.9727678
v 6.7129669 2.3872023 -2.976125
v 6.7013211 2.408371 -2.9793096
v 6.6953869 2.4215758 -2.9809909
v 6.6983585 2.414113 -2.9798245
v 6.6889772 2.4376726 -2.9835069
v 6.6861157 2.6816506 -2.9891918
v 6.6841903 2.6746707 -2.9896591
v 6.6790729 2.6499875 -2.9920223
v 6.6978402 2.7136314 -2.9840412
v 6.6916876 2.6981807 -2.9864562
v 6.688642 2.6905324 -2.9876516
v 6.6980238 2.714092 -2.9839692
v 6.7095428 2.7364171 -2.9819665
v 6.6774235 2.6402845 -2.9931746
v 6.6765599 2.6275358 -2.9954922
v 6.6756554 2.589684 -2.9977274
v 6.6756492 2.5885878 -2.9978042
v 6.6755552 2.5720458 -2.9989631
v 6.6755867 2.5775599 -2.9985769
v 6.6755729 2.575165 -2.9987445
v 6.6763997 2.6246824 -2.995605
v 6.6757741 2.6106436 -2.996259
v 6.6756668 2.5917585 -2.997582
v 6.6756983 2.5972896 -2.9971945
v 6.6757116 2.5996156 -2.9970317
v 6.6755748 2.5641026 -2.9987235
v 6.6756196 2.5561948 -2.9981697
v 6.6756506 2.5506806 -2.9977832
v 6.6756554 2.5498829 -2.9977274
v 6.6758566 2.5143218 -2.9952362
v 6.6756821 2.5451667 -2.9973969
v 6.6791854 2.4787054 -2.9896607
v 7.4783673 2.2903218 -3.041338
v 7.4358974 2.2903218 -3.0409334
v 7.4503365 2.2903218 -3.0410709
v 7.4560146 2.2903218 -3.0411251
v 7.4691286 2.2903218 -3.04125
v 7.4286275 2.8378832 -3.0471535
v 7.4245715 2.8378832 -3.0470898
v 7.3925776 2.8378832 -3.0465875
v 7.3988051 2.8378832 -3.0466852
v 7.406765 2.8378832 -3.0468102
v 7.7241192 2.3409188 -3.0689905
v 7.7203436 2.3409188 -3.1157155
v 7.709415 2.3409188 -3.1600499
v 7.6919279 2.3409188 -3.2013979
v 7.6396608 2.3409188 -3.272754
v 7.6684785 2.3409188 -3.2391644
v 7.7203436 2.7872863 -3.1157155
v 7.7241192 2.7872863 -3.0689905
v 7.709415 2.7872863 -3.1600499
v 7.6919279 2.7872863 -3.2013979
v 7.6060715 2.3409188 -3.3015714
v 7.568305 2.3409188 -3.325021
v 7.2033167 2.3409188 -3.2391644
v 7.2321339 2.3409188 -3.272754
v 7.1798668 2.3409188 -3.2013979
v 7.2657237 2.3409188 -3.3015714
v 7.3034902 2.3409188 -3.325021
v 7.4826226 2.3409188 -3.3534367
v 7.526957 2.3409188 -3.3425081
v 7.526957 2.7872863 -3.3425081
v 7.568305 2.7872863 -3.325021
v 7.4826226 2.7872863 -3.3534367
v 7.4358974 2.7872863 -3.3572121
v 7.3891721 2.7872863 -3.3534367
v 7.4358974 2.3409188 -3.3572121
v 7.3891721 2.3409188 -3.3534367
v 7.3448381 2.3409188 -3.3425081
v 7.3034902 2.7872863 -3.325021
v 7.3448381 2.7872863 -3.3425081
v 7.2657237 2.7872863 -3.3015714
v 7.2321339 2.7872863 -3.272754
v 7.1623797 2.3409188 -3.1600499
v 7.1514511 2.3409188 -3.1157155
v 7.147676 2.3409188 -3.0689905
v 7.1798668 2.7872863 -3.2013979
v 7.2033167 2.7872863 -3.2391644
v 7.1623797 2.7872863 -3.1600499
v 7.1514511 2.7872863 -3.1157155
v 7.147676 2.7872863 -3.0689905
v 7.6060715 2.7872863 -3.3015714
v 7.6396608 2.7872863 -3.272754
v 7.6684785 2.7872863 -3.2391644
v 7.7203436 -2.3409188 -3.1157155
v 7.7241192 -2.3409188 -3.0689905
v 7.709415 -2.3409188 -3.1600499
v 7.6919279 -2.3409188 -3.2013979
v 7.7203436 -2.7872863 -3.1157155
v 7.709415 -2.7872863 -3.1600499
v 7.6919279 -2.7872863 -3.2013979
v 7.6396608 -2.7872863 -3.272754
v 7.6684785 -2.7872863 -3.2391644
v 7.6684785 -2.3409188 -3.2391644
v 7.6396608 -2.3409188 -3.272754
v 7.6060715 -2.3409188 -3.3015714
v 7.568305 -2.3409188 -3.325021
v 7.6060715 -2.7872863 -3.3015714
v 7.568305 -2.7872863 -3.325021
v 7.4826226 -2.7872863 -3.3534367
v 7.526957 -2.7872863 -3.3425081
v 7.526957 -2.3409188 -3.3425081
v 7.4826226 -2.3409188 -3.3534367
v 7.1359248 -2.2903218 -3.0278616
v 7.4358974 -2.3409188 -3.3572121
v 7.3891721 -2.3409188 -3.3534367
v 7.4358974 -2.7872863 -3.3572121
v 7.3891721 -2.7872863 -3.3534367
v 7.3448381 -2.7872863 -3.3425081
v 7.3034902 -2.7872863 -3.325021
v 7.3034902 -2.3409188 -3.325021
v 7.3448381 -2.3409188 -3.3425081
v 7.1295104 -2.2946897 -3.0305245
v 7.1295304 -2.2943571 -3.0302756
v 7.1295986 -2.2932336 -3.0294342
v 7.1296167 -2.292932 -3.0292084
v 7.2657237 -2.3409188 -3.3015714
v 7.2321339 -2.3409188 -3.272754
v 7.2657237 -2.7872863 -3.3015714
v 7.2321339 -2.7872863 -3.272754
v 7.2033167 -2.7872863 -3.2391644
v 7.1798668 -2.7872863 -3.2013979
v 7.1798668 -2.3409188 -3.2013979
v 7.2033167 -2.3409188 -3.2391644
v 7.1623797 -2.3409188 -3.1600499
v 7.1514511 -2.3409188 -3.1157155
v 7.1623797 -2.7872863 -3.1600499
v 7.1514511 -2.7872863 -3.1157155
v 7.147676 -2.7872863 -3.0689905
v 6.677619 -2.4879205 -2.9907551
v 6.6791854 -2.4787054 -2.9896607
v 6.6819701 -2.462323 -2.9877152
v 7.147676 -2.3409188 -3.0689905
v 7.7241192 -2.7872863 -3.0689905
v 6.6841984 -2.4542725 -2.9870846
# </points>

# <edges count="4746">
l 84 627
l 627 85
l 83 85
l 85 628
l 628 83
l 87 88
l 629 88
l 89 629
l 90 630
l 630 91
l 631 93
l 92 631
l 1 94
l 94 632
l 632 1
l 95 1
l 1 633
l 633 95
l 97 96
l 96 634
l 634 97
l 100 99
l 104 105
l 105 635
l 635 104
l 107 636
l 636 106
l 108 637
l 637 109
l 111 110
l 638 111
l 110 638
l 114 113
l 115 116
l 118 117
l 117 119
l 119 639
l 639 117
l 121 120
l 640 121
l 120 640
l 122 121
l 125 124
l 126 123
l 127 128
l 128 641
l 641 127
l 130 129
l 131 133
l 134 132
l 136 135
l 137 138
l 139 140
l 141 142
l 144 143
l 146 145
l 642 643
l 643 644
l 642 645
l 645 80
l 150 149
l 149 646
l 646 150
l 151 152
l 647 151
l 152 647
l 154 155
l 648 154
l 155 648
l 158 157
l 159 156
l 161 160
l 163 162
l 164 163
l 649 165
l 166 649
l 167 168
l 168 169
l 171 170
l 650 172
l 173 650
l 175 174
l 174 651
l 651 175
l 177 176
l 176 652
l 652 177
l 653 180
l 179 653
l 182 181
l 184 183
l 654 184
l 183 654
l 187 186
l 188 655
l 655 189
l 186 190
l 190 191
l 191 192
l 194 193
l 656 194
l 193 656
l 194 192
l 195 657
l 657 196
l 194 197
l 199 198
l 201 200
l 203 202
l 202 658
l 658 203
l 205 204
l 659 205
l 204 659
l 206 205
l 208 206
l 207 208
l 209 206
l 210 209
l 210 211
l 213 214
l 660 213
l 214 660
l 215 212
l 212 661
l 661 215
l 217 216
l 219 218
l 220 221
l 224 223
l 225 226
l 229 228
l 228 230
l 232 231
l 233 662
l 662 234
l 236 235
l 663 236
l 235 663
l 237 235
l 238 664
l 664 239
l 237 232
l 241 242
l 243 240
l 240 665
l 665 243
l 245 244
l 248 247
l 252 251
l 252 250
l 253 666
l 666 251
l 251 254
l 255 254
l 256 246
l 257 258
l 259 260
l 260 667
l 667 259
l 261 262
l 262 668
l 668 261
l 265 669
l 669 264
l 266 267
l 270 269
l 3 670
l 671 3
l 670 671
l 272 3
l 3 672
l 672 272
l 273 3
l 273 271
l 274 273
l 276 275
l 277 276
l 279 278
l 278 277
l 281 280
l 263 283
l 283 673
l 673 263
l 674 82
l 675 676
l 676 674
l 677 678
l 678 675
l 679 680
l 680 681
l 682 683
l 684 683
l 685 686
l 686 687
l 679 688
l 689 688
l 690 689
l 691 687
l 692 691
l 693 692
l 693 694
l 695 696
l 697 696
l 695 698
l 698 690
l 699 697
l 700 699
l 701 702
l 694 702
l 701 703
l 703 704
l 4 704
l 700 4
l 4 705
l 705 706
l 706 707
l 707 708
l 708 709
l 710 711
l 710 709
l 677 712
l 712 713
l 713 714
l 714 715
l 715 716
l 716 717
l 717 718
l 718 719
l 719 720
l 720 721
l 721 722
l 722 723
l 723 724
l 724 725
l 725 726
l 726 711
l 727 684
l 727 728
l 729 728
l 730 731
l 730 732
l 732 733
l 734 735
l 736 735
l 734 729
l 737 738
l 738 736
l 739 740
l 741 739
l 737 742
l 741 743
l 743 744
l 745 744
l 746 745
l 747 748
l 749 748
l 750 751
l 752 751
l 750 753
l 754 755
l 756 755
l 756 757
l 758 759
l 759 760
l 761 757
l 760 762
l 762 746
l 763 764
l 761 764
l 763 765
l 766 752
l 767 766
l 768 769
l 767 770
l 771 768
l 772 771
l 773 769
l 749 773
l 774 740
l 733 774
l 284 285
l 775 284
l 285 775
l 287 776
l 776 288
l 286 288
l 777 289
l 290 777
l 778 731
l 779 778
l 779 681
l 780 770
l 781 782
l 782 780
l 783 784
l 785 783
l 786 787
l 787 781
l 788 785
l 788 789
l 790 789
l 791 792
l 792 786
l 791 793
l 793 794
l 784 772
l 765 742
l 795 796
l 747 796
l 754 753
l 795 758
l 682 685
l 81 797
l 798 797
l 799 798
l 800 799
l 801 800
l 802 801
l 803 802
l 804 803
l 805 804
l 806 805
l 807 806
l 808 807
l 809 808
l 810 809
l 811 810
l 812 811
l 813 812
l 814 813
l 815 814
l 816 815
l 817 816
l 817 818
l 818 819
l 819 820
l 821 822
l 823 821
l 824 825
l 824 826
l 827 825
l 828 827
l 828 829
l 830 829
l 831 832
l 5 831
l 830 833
l 833 5
l 5 834
l 835 834
l 835 836
l 837 832
l 822 837
l 836 820
l 826 838
l 838 839
l 840 841
l 842 841
l 843 842
l 844 845
l 844 846
l 846 847
l 847 848
l 848 849
l 850 851
l 852 851
l 853 852
l 854 855
l 854 856
l 857 856
l 857 858
l 858 859
l 859 860
l 860 861
l 862 863
l 864 863
l 864 865
l 866 865
l 867 868
l 869 867
l 870 871
l 870 872
l 873 872
l 873 874
l 875 874
l 875 876
l 877 871
l 878 877
l 879 868
l 880 879
l 881 882
l 881 880
l 883 884
l 883 878
l 885 884
l 886 887
l 861 886
l 866 888
l 885 887
l 888 882
l 849 855
l 839 845
l 889 890
l 876 889
l 891 892
l 893 892
l 893 894
l 895 896
l 890 895
l 897 896
l 897 898
l 899 898
l 899 900
l 901 900
l 902 903
l 904 902
l 894 904
l 891 905
l 906 905
l 907 906
l 908 909
l 908 907
l 869 909
l 862 910
l 910 911
l 911 912
l 912 913
l 853 913
l 293 292
l 295 294
l 294 914
l 914 295
l 850 915
l 915 916
l 916 843
l 297 296
l 296 917
l 917 297
l 298 6
l 6 918
l 918 298
l 7 299
l 919 7
l 299 919
l 6 7
l 7 920
l 920 6
l 840 921
l 921 823
l 922 249
l 922 923
l 924 925
l 926 924
l 927 928
l 929 928
l 930 929
l 931 930
l 931 926
l 932 925
l 933 932
l 934 933
l 935 934
l 936 935
l 936 937
l 937 204
l 927 923
l 166 165
l 268 282
l 231 938
l 938 939
l 940 941
l 941 185
l 940 942
l 942 943
l 943 944
l 944 945
l 946 945
l 947 946
l 948 949
l 949 947
l 950 948
l 950 951
l 951 952
l 952 953
l 939 953
l 954 955
l 954 956
l 957 958
l 8 957
l 956 8
l 959 8
l 960 8
l 960 961
l 961 962
l 959 963
l 963 964
l 965 964
l 965 966
l 967 968
l 969 967
l 970 971
l 972 971
l 972 958
l 962 968
l 973 974
l 973 975
l 976 977
l 978 979
l 976 980
l 981 980
l 975 982
l 983 978
l 983 984
l 984 985
l 981 986
l 986 987
l 988 989
l 989 990
l 991 990
l 991 992
l 993 994
l 995 996
l 993 997
l 996 998
l 999 1000
l 999 1001
l 1002 1003
l 1004 1002
l 1005 1006
l 1006 974
l 1005 1007
l 966 1007
l 1004 969
l 1001 1008
l 970 1008
l 995 1009
l 1010 1009
l 997 1011
l 1011 1012
l 1013 1014
l 1015 1014
l 1015 1016
l 1017 1012
l 1018 1016
l 1018 1019
l 1020 1021
l 1022 1020
l 1023 1024
l 1025 1026
l 1023 1027
l 1028 1027
l 1022 1029
l 1030 1025
l 1030 1031
l 1032 1031
l 1028 1033
l 1034 1026
l 1034 1035
l 1036 1024
l 1037 1036
l 1038 1021
l 1019 1038
l 1039 1037
l 1035 1040
l 1040 1041
l 1042 1041
l 1010 1043
l 1043 1042
l 1044 1045
l 1044 1046
l 1047 1033
l 1047 1048
l 1049 1032
l 1050 1049
l 1051 1052
l 1051 1050
l 1053 1054
l 1048 1053
l 1055 1056
l 1056 1057
l 1058 1057
l 1059 1060
l 1059 1061
l 1062 1063
l 1062 1064
l 1065 1066
l 1066 1067
l 1068 1067
l 1069 1068
l 1070 1071
l 1058 1072
l 1073 1070
l 1069 1052
l 1054 1073
l 1072 1060
l 1063 1071
l 1065 1074
l 1075 1074
l 1064 1076
l 1077 1078
l 1077 1061
l 1055 1046
l 1029 1045
l 1013 992
l 988 982
l 1017 1039
l 1003 977
l 979 1000
l 985 998
l 987 994
l 1079 301
l 1080 1079
l 1081 1080
l 1081 1082
l 1082 300
l 303 302
l 304 1083
l 1083 305
l 306 1084
l 1084 307
l 1085 308
l 307 1085
l 310 309
l 311 312
l 313 1086
l 1087 313
l 1086 1088
l 315 1087
l 1088 1089
l 1089 1090
l 291 1090
l 318 317
l 319 320
l 320 1091
l 1091 319
l 1092 321
l 322 1092
l 1093 322
l 323 1093
l 325 324
l 327 326
l 329 1094
l 1094 328
l 330 331
l 333 1095
l 332 335
l 334 1096
l 1096 335
l 1095 336
l 339 337
l 337 338
l 341 340
l 342 341
l 344 343
l 346 347
l 1097 346
l 347 1097
l 347 348
l 350 345
l 349 350
l 1098 353
l 354 1098
l 354 355
l 359 358
l 361 360
l 360 362
l 366 365
l 365 1099
l 1099 366
l 1100 1101
l 368 1100
l 370 369
l 1101 369
l 1102 374
l 373 1102
l 371 372
l 373 375
l 1103 373
l 375 1103
l 373 376
l 377 1104
l 1104 378
l 380 379
l 381 1105
l 1105 382
l 382 1106
l 1106 383
l 383 1107
l 1107 384
l 386 385
l 387 386
l 387 388
l 314 316
l 390 391
l 9 392
l 393 9
l 394 395
l 398 397
l 399 400
l 402 401
l 10 403
l 404 10
l 407 11
l 11 408
l 406 12
l 12 409
l 411 410
l 413 412
l 414 412
l 415 13
l 13 416
l 1108 13
l 416 1108
l 417 420
l 420 418
l 417 419
l 417 421
l 423 422
l 417 423
l 422 424
l 1109 428
l 427 1109
l 431 430
l 14 433
l 432 14
l 1110 435
l 434 1110
l 1111 439
l 438 1111
l 1112 442
l 441 1112
l 447 448
l 450 449
l 1113 450
l 449 1113
l 448 451
l 453 452
l 1114 453
l 452 1114
l 1115 455
l 454 1115
l 457 456
l 459 458
l 458 457
l 460 461
l 457 461
l 462 461
l 465 464
l 467 466
l 1116 467
l 466 1116
l 469 468
l 471 470
l 1117 471
l 470 1117
l 1118 473
l 472 1118
l 471 472
l 474 471
l 475 1119
l 1120 478
l 477 1120
l 1119 477
l 1121 480
l 479 1121
l 482 483
l 484 485
l 486 1122
l 1122 487
l 1123 488
l 489 1123
l 1124 490
l 491 1124
l 492 493
l 495 494
l 497 496
l 498 496
l 499 498
l 501 500
l 500 499
l 504 503
l 505 1125
l 1125 506
l 510 509
l 509 1126
l 1126 510
l 511 1127
l 1127 512
l 516 515
l 1128 516
l 515 1128
l 517 515
l 513 518
l 519 518
l 1129 521
l 520 1129
l 522 521
l 1130 522
l 521 1130
l 523 521
l 524 525
l 527 526
l 529 528
l 532 531
l 534 533
l 536 535
l 537 538
l 540 539
l 541 542
l 543 544
l 546 545
l 547 548
l 550 1131
l 1131 551
l 552 553
l 553 1132
l 1132 552
l 551 1133
l 1133 553
l 555 554
l 557 555
l 555 556
l 558 555
l 549 555
l 560 559
l 559 1134
l 1134 560
l 562 561
l 1135 562
l 561 1135
l 1136 565
l 564 1136
l 566 563
l 568 567
l 1137 568
l 567 1137
l 568 566
l 1138 570
l 569 1138
l 572 571
l 1139 572
l 571 1139
l 573 572
l 577 1140
l 1140 576
l 579 1141
l 1141 578
l 1142 582
l 581 1142
l 586 585
l 590 591
l 594 593
l 1143 594
l 593 1143
l 596 595
l 15 595
l 596 15
l 597 595
l 15 597
l 1144 598
l 592 1144
l 599 600
l 601 598
l 602 1145
l 1145 603
l 1146 606
l 605 1146
l 605 604
l 607 608
l 1147 607
l 608 1147
l 610 609
l 609 1148
l 1148 610
l 607 609
l 611 1149
l 612 613
l 587 1149
l 1150 587
l 530 614
l 616 615
l 618 617
l 1151 1152
l 1153 1151
l 481 476
l 514 1152
l 1153 1154
l 1154 1155
l 1156 1157
l 1155 1157
l 507 508
l 1158 1159
l 502 1159
l 1160 1161
l 1160 1158
l 1156 1162
l 1162 1163
l 1164 1165
l 1166 1164
l 1167 1165
l 1167 1168
l 1169 1170
l 1170 1171
l 1163 1171
l 1172 1173
l 1174 1172
l 1175 1176
l 1175 1174
l 1169 1177
l 1178 1177
l 1168 1178
l 1179 1180
l 1176 1180
l 1179 1181
l 1181 1182
l 1183 1184
l 1183 1166
l 552 1185
l 1185 1184
l 574 575
l 1186 580
l 611 1150
l 1187 1188
l 1182 1188
l 1187 1189
l 1189 1190
l 589 588
l 584 583
l 561 1191
l 1190 1191
l 1192 1173
l 1192 1193
l 1194 1161
l 1193 1194
l 1195 1196
l 1197 1195
l 1197 1198
l 1198 1199
l 367 1200
l 356 357
l 352 351
l 1201 1202
l 1200 1202
l 1203 1204
l 1203 1205
l 1205 1206
l 1206 1207
l 1207 1208
l 1208 1201
l 1209 1210
l 1210 1211
l 1212 1213
l 1211 1213
l 1199 1204
l 1214 1196
l 1214 1215
l 1216 1217
l 1215 1216
l 1212 1218
l 1218 1219
l 1220 1221
l 1219 1221
l 1222 1217
l 1223 1222
l 1223 1224
l 955 463
l 1224 1225
l 1220 1226
l 1226 1227
l 1228 1227
l 1229 1228
l 1230 1231
l 1230 1229
l 1232 1231
l 1233 1232
l 1234 1235
l 1234 1233
l 13 1236
l 1236 1235
l 426 425
l 14 429
l 434 440
l 436 437
l 445 443
l 446 444
l 1209 1237
l 1237 389
l 364 363
l 147 1238
l 148 1239
l 1239 1240
l 1240 1241
l 1241 1242
l 1242 16
l 1243 16
l 1244 16
l 1243 1245
l 1246 1245
l 1247 1248
l 1238 1247
l 1249 1250
l 1249 1251
l 1252 1253
l 1253 1254
l 17 1254
l 1255 17
l 17 1250
l 1248 1255
l 1252 1256
l 1256 1257
l 1257 1258
l 1259 1258
l 1259 1260
l 1261 1246
l 1262 1261
l 1263 1264
l 1265 1263
l 1266 1267
l 1267 1268
l 1269 1270
l 1271 1269
l 1271 1272
l 1273 1274
l 1274 1262
l 1275 1265
l 1275 1276
l 1277 1276
l 1277 1278
l 1278 1266
l 1279 1272
l 1273 1279
l 1280 1270
l 1280 1281
l 18 1282
l 1283 1282
l 18 1284
l 1285 1284
l 19 1286
l 18 19
l 20 19
l 20 1287
l 1287 1288
l 1289 1290
l 1289 1260
l 1291 1292
l 1293 1292
l 1294 1293
l 1295 1296
l 1297 1295
l 1298 1299
l 1300 1301
l 1302 1298
l 21 1300
l 22 1302
l 22 21
l 22 1297
l 23 21
l 1303 23
l 23 1304
l 1305 1303
l 1306 1305
l 1307 1306
l 1308 1301
l 1309 1308
l 1310 1299
l 112 1310
l 103 1311
l 1311 1312
l 1313 1314
l 1312 1288
l 1315 1285
l 1286 1314
l 1316 1315
l 1268 1283
l 1304 1294
l 98 1307
l 1316 101
l 97 1309
l 1317 102
l 1313 1317
l 1291 1318
l 1318 1319
l 1320 1319
l 1321 1320
l 1322 1264
l 1322 1244
l 1323 1324
l 1323 1321
l 1324 1251
l 1325 1296
l 1325 1290
l 20 1281
l 178 644
l 1225 619
l 2564 217
l 216 2564
l 2569 219
l 218 2569
l 2573 220
l 221 2573
l 222 2577
l 2577 2578
l 2578 222
l 2582 223
l 2582 224
l 226 2593
l 2593 225
l 2598 227
l 2599 2598
l 227 2599
l 246 2682
l 2682 256
l 2688 258
l 2688 257
l 216 2697
l 2 2699
l 2699 2700
l 2700 2
l 216 2
l 2 2697
l 3413 390
l 391 3413
l 3424 9
l 392 3424
l 9 3425
l 3425 393
l 395 3429
l 3429 394
l 3434 396
l 396 3435
l 3435 3434
l 3440 398
l 397 3440
l 3441 398
l 398 3442
l 3442 3441
l 3444 399
l 400 3444
l 3463 402
l 401 3463
l 403 3468
l 3468 10
l 3469 3470
l 3470 3471
l 10 3469
l 3471 404
l 405 3473
l 3473 3474
l 3474 405
l 3481 407
l 11 3481
l 408 3484
l 3484 11
l 3487 409
l 3488 406
l 12 3488
l 3487 12
l 3506 411
l 410 3506
l 3510 3511
l 3511 3512
l 3512 3510
l 3564 415
l 13 3564
l 3949 524
l 525 3949
l 526 3963
l 3963 527
l 3971 529
l 528 3971
l 3985 531
l 3985 532
l 3993 534
l 533 3993
l 535 4015
l 4015 536
l 538 4019
l 4019 537
l 4023 4024
l 4024 539
l 540 4025
l 4025 4023
l 541 4030
l 542 4030
l 4036 543
l 544 4036
l 545 4051
l 546 4051
l 548 4054
l 4054 547
l 4245 530
l 614 4245
l 4247 4248
l 615 4247
l 4248 616
l 4254 617
l 4254 618
l 1326 1327
l 24 1328
l 1327 1329
l 1329 1330
l 1331 24
l 1330 1332
l 1332 1331
l 1328 25
l 25 1333
l 1334 620
l 1333 1335
l 1336 1334
l 1335 1336
l 1337 1326
l 1338 1339
l 1340 1337
l 1339 1340
l 1341 1342
l 1342 1343
l 1344 1345
l 1345 1341
l 1346 1347
l 78 1348
l 1348 1349
l 1350 1346
l 1351 1350
l 1349 1352
l 1352 1351
l 1353 1344
l 1347 1354
l 1355 1353
l 1354 1356
l 1356 1357
l 1358 1355
l 1357 1358
l 1359 1360
l 1360 1361
l 1362 1338
l 1361 1362
l 1363 1359
l 1364 1365
l 1365 1366
l 1367 1363
l 1368 1367
l 1366 1369
l 1370 1368
l 1369 1370
l 1371 1372
l 1373 1374
l 1374 1375
l 1376 1371
l 1377 1376
l 1375 1378
l 1379 1377
l 1378 1379
l 1380 1373
l 1343 1381
l 1382 1380
l 1381 1382
l 1383 1384
l 1384 1385
l 1385 1364
l 1386 1383
l 1387 1388
l 79 1387
l 1388 1386
l 1389 1390
l 1391 1389
l 1390 1392
l 1392 621
l 1393 1391
l 1372 1394
l 1394 1393
l 1395 1396
l 1397 1398
l 1399 1400
l 1398 1399
l 1401 1402
l 1400 1401
l 1402 1403
l 1403 1404
l 1405 1406
l 1404 1405
l 1406 1395
l 1407 1408
l 1396 1409
l 1409 1410
l 1410 1411
l 1411 1412
l 1412 1413
l 1414 1407
l 1415 1414
l 1413 1415
l 1416 1417
l 1408 1418
l 1419 1416
l 1418 1419
l 1420 1421
l 1417 1422
l 1423 1420
l 1422 1424
l 1424 1423
l 1425 1426
l 1427 1425
l 1421 1427
l 1428 1429
l 1430 1428
l 1431 1430
l 1432 1433
l 1429 1434
l 1435 1432
l 1434 1436
l 1436 1435
l 1437 1438
l 1433 1439
l 1440 1437
l 1439 1440
l 1438 1441
l 1442 1443
l 1444 1442
l 1445 1444
l 1446 1447
l 1447 1445
l 1441 1448
l 1448 1449
l 1449 1446
l 1450 1451
l 1452 1450
l 1451 1453
l 1443 1454
l 1455 1456
l 1457 1455
l 1454 1457
l 1458 1459
l 1459 1452
l 1460 1458
l 1456 1460
l 1461 1397
l 1462 1463
l 1463 1464
l 1465 1462
l 1466 1461
l 1464 1467
l 1467 1466
l 1468 1465
l 1469 1468
l 1470 1471
l 1426 1472
l 1472 1470
l 1473 1474
l 1471 1475
l 1475 1476
l 1477 1473
l 1476 1477
l 1478 1479
l 1474 1480
l 1480 1481
l 1481 1478
l 1479 1482
l 1483 1484
l 1485 1486
l 1484 1487
l 1488 1485
l 1487 1488
l 1489 1490
l 1486 1491
l 1491 1492
l 1493 1489
l 1492 1493
l 1494 1431
l 1490 1495
l 1495 1494
l 1496 1497
l 1498 1496
l 1499 1500
l 1500 1501
l 1501 1498
l 1453 1502
l 1502 1503
l 1504 1499
l 1503 1504
l 1505 1469
l 1506 1507
l 1508 1506
l 1509 1505
l 1507 1509
l 1510 1508
l 1511 1512
l 1512 1510
l 1513 1514
l 1482 1515
l 1515 1516
l 1517 1513
l 1516 1517
l 1518 1519
l 1520 1518
l 1514 1520
l 1521 1522
l 1523 1524
l 1522 1523
l 1524 1525
l 1525 1526
l 1527 1483
l 1526 1528
l 1528 1527
l 1529 1530
l 1531 1529
l 1532 1531
l 1533 1534
l 1534 1532
l 1497 1535
l 1535 1536
l 1536 1533
l 1537 1511
l 1538 1537
l 1539 1538
l 1540 1539
l 1541 1540
l 1542 1543
l 1543 1541
l 1544 1545
l 1519 1544
l 1546 1547
l 1545 1548
l 1549 1546
l 1548 1549
l 1550 1551
l 1551 1552
l 1553 1554
l 1552 1553
l 1554 1555
l 1555 1521
l 1556 1557
l 1558 1559
l 1557 1558
l 1560 1556
l 1561 1562
l 1562 1560
l 1530 1561
l 1563 1542
l 1564 1565
l 1565 1566
l 1566 1563
l 1567 1564
l 1568 1569
l 1569 1567
l 1570 1571
l 1547 1570
l 1572 1573
l 1571 1574
l 1574 1575
l 1576 1572
l 1575 1576
l 1577 1578
l 1578 1579
l 1580 1581
l 1579 1582
l 1582 1580
l 1581 1583
l 1583 1550
l 1584 1585
l 1585 1586
l 1587 1584
l 1588 1587
l 1589 1588
l 1559 1590
l 1590 1589
l 1591 1592
l 1593 1568
l 1592 1593
l 1594 1591
l 1595 1596
l 1597 1594
l 1598 1597
l 1596 1598
l 1599 1600
l 1601 1602
l 1600 1601
l 1602 1603
l 1603 1604
l 1605 1599
l 1606 1605
l 1586 1606
l 1607 1608
l 1608 1595
l 1609 1607
l 1610 1609
l 1611 1612
l 1613 1610
l 1612 1613
l 1614 1615
l 1616 1617
l 1618 1614
l 1617 1618
l 1619 1620
l 1621 1622
l 1623 1619
l 1622 1623
l 1624 1625
l 1626 1627
l 1628 1629
l 1629 1624
l 1627 1628
l 1630 1626
l 1604 1630
l 1631 1632
l 1632 1611
l 1633 1631
l 1634 1633
l 1635 1634
l 1636 1637
l 1637 1635
l 1638 1636
l 1615 1639
l 1640 1641
l 1642 1640
l 1639 1643
l 1643 1642
l 1644 1645
l 1646 1647
l 1647 1648
l 1645 1646
l 1648 1621
l 1649 1650
l 1651 1649
l 1652 1653
l 1653 1651
l 1654 1652
l 1655 1654
l 1656 1655
l 1625 1656
l 1657 1658
l 1659 1638
l 1658 1659
l 1660 1657
l 1661 1662
l 1662 1660
l 1663 1664
l 1665 1666
l 1666 1663
l 1667 1665
l 1668 1667
l 1650 1668
l 1669 1670
l 1670 1661
l 1671 1669
l 1672 1673
l 1673 1671
l 1674 1675
l 1676 1677
l 1677 1674
l 1678 1676
l 1664 1678
l 1679 1672
l 1680 1679
l 1681 1680
l 1682 1681
l 1683 1682
l 1684 1685
l 1685 1683
l 1686 1684
l 1687 1688
l 1689 1687
l 1690 1691
l 1691 1689
l 1692 1690
l 1693 1692
l 1694 1693
l 1675 1694
l 1695 1696
l 1697 1686
l 1696 1697
l 1698 1695
l 1699 1700
l 1701 1698
l 1700 1701
l 1702 1703
l 1704 1705
l 1706 1702
l 1705 1706
l 1707 1704
l 1708 1707
l 1688 1708
l 1709 1710
l 1711 1699
l 1710 1711
l 1712 1709
l 1713 1712
l 1714 1715
l 1715 1713
l 1716 1714
l 1717 1718
l 1718 1716
l 1719 1720
l 1721 1722
l 1722 1719
l 1723 1721
l 1724 1725
l 1725 1723
l 1726 1724
l 1727 1726
l 1728 1727
l 1703 1728
l 1729 1730
l 1731 1717
l 1730 1731
l 1732 1729
l 1733 1734
l 1735 1732
l 1734 1735
l 1736 1733
l 1737 1736
l 1738 1737
l 1739 1738
l 1740 1741
l 1742 1740
l 1743 1742
l 1744 1745
l 1745 1746
l 1747 1743
l 1746 1748
l 1748 1747
l 1749 1744
l 1750 1749
l 1720 1750
l 1751 1752
l 1752 1753
l 1754 1739
l 1753 1755
l 1755 1754
l 1756 1751
l 1757 1758
l 1759 1756
l 1760 1759
l 1758 1761
l 1762 1760
l 1761 1762
l 1763 1757
l 1764 1763
l 1765 1764
l 1766 1767
l 1768 1765
l 1767 1768
l 1769 1770
l 1771 1772
l 1772 1769
l 1773 1771
l 1774 1775
l 1775 1776
l 1777 1773
l 1778 1777
l 1776 1779
l 1779 1780
l 1781 1778
l 1780 1781
l 1782 1774
l 1741 1783
l 1784 1782
l 1785 1784
l 1783 1786
l 1786 1785
l 1787 1766
l 1788 1787
l 1789 1788
l 81 1790
l 1790 1789
l 1770 1791
l 1791 1792
l 1792 1793
l 1793 1794
l 1794 82
l 1795 1796
l 1797 1798
l 1799 1795
l 1798 1800
l 1800 1799
l 1796 84
l 85 84
l 1801 1802
l 83 1803
l 1803 1804
l 1805 1801
l 1804 1805
l 1802 1806
l 1807 623
l 1808 1807
l 1806 1809
l 1810 1808
l 1809 1810
l 87 1811
l 88 1812
l 1812 87
l 88 89
l 1813 89
l 86 1813
l 1811 1814
l 1814 1815
l 1816 1817
l 1815 1818
l 1818 1816
l 1817 1819
l 1819 1820
l 1821 90
l 1820 1822
l 1822 1821
l 1823 1824
l 91 90
l 1823 91
l 1825 1826
l 1827 1828
l 1829 1825
l 1830 1829
l 1828 1831
l 93 92
l 1831 92
l 1832 1830
l 1833 1832
l 93 1833
l 1834 1797
l 1826 1835
l 1835 1836
l 1837 1834
l 1836 1837
l 1824 1838
l 1838 1839
l 1840 1841
l 1839 1842
l 1842 1840
l 1843 1844
l 1841 1845
l 1845 94
l 1843 1846
l 1847 1846
l 95 1847
l 1848 96
l 1849 1850
l 98 1849
l 97 1851
l 1851 98
l 1852 1853
l 1850 1854
l 1855 1856
l 1854 1855
l 1857 1852
l 1858 1857
l 1856 1859
l 1860 1858
l 1859 1860
l 1861 1862
l 1863 1864
l 1865 100
l 99 1865
l 1864 99
l 1866 1861
l 1867 1866
l 1868 1867
l 100 1868
l 1862 1869
l 1869 101
l 1870 1871
l 102 1870
l 101 1872
l 1872 102
l 1871 1873
l 1874 1875
l 1873 103
l 103 1874
l 1876 1877
l 104 1878
l 1878 1876
l 27 26
l 26 1879
l 1879 27
l 1875 26
l 1880 105
l 27 1880
l 1881 1882
l 1883 1884
l 1885 1883
l 1882 1886
l 1886 1885
l 1884 1887
l 1881 106
l 1888 1889
l 1889 1890
l 106 107
l 1890 107
l 1887 1827
l 1844 1891
l 1892 1893
l 1894 1895
l 109 108
l 1895 108
l 1896 1892
l 109 1896
l 1891 1897
l 1897 1898
l 1899 1894
l 1898 1900
l 1901 1899
l 1900 1901
l 1902 28
l 111 1902
l 29 28
l 1903 29
l 28 1903
l 29 1904
l 1904 1905
l 112 1848
l 1905 112
l 1906 110
l 1907 1908
l 1908 1906
l 1909 1910
l 1853 1911
l 1911 1909
l 1912 1913
l 1914 1912
l 1910 1914
l 1915 1916
l 1915 1917
l 1918 1863
l 1916 1919
l 1919 1918
l 1920 113
l 114 1920
l 115 114
l 116 1921
l 1921 115
l 1877 116
l 1922 1923
l 1924 1925
l 1926 1922
l 117 1927
l 1927 118
l 118 1926
l 1925 119
l 1928 1888
l 1923 1928
l 1929 1930
l 1893 1929
l 1931 1932
l 1930 120
l 1933 1931
l 1934 1933
l 121 1935
l 1935 122
l 122 1934
l 123 124
l 1936 125
l 124 1936
l 125 1907
l 1937 123
l 126 1937
l 1938 1939
l 1940 1941
l 1942 1938
l 1941 1942
l 1943 1940
l 1944 1943
l 1913 1944
l 1945 1917
l 1946 1945
l 1947 1946
l 1948 1949
l 1950 1947
l 1949 1950
l 1951 1948
l 1952 1953
l 1954 1955
l 1955 1952
l 1956 1954
l 113 1956
l 1957 1958
l 1957 1959
l 127 1924
l 1958 1960
l 1960 128
l 1932 1961
l 1961 1962
l 1963 1964
l 1962 1965
l 1965 1963
l 1966 1967
l 1964 1967
l 1968 1969
l 1969 126
l 1970 1968
l 1971 1972
l 1972 1970
l 1973 1974
l 1939 1973
l 1975 1951
l 1976 1975
l 1977 1978
l 1953 1977
l 1979 1980
l 1981 1959
l 1980 1982
l 1982 1981
l 1966 1983
l 1984 1985
l 1983 1984
l 1985 1986
l 1987 1971
l 1988 1987
l 1989 1990
l 1974 1991
l 1991 1989
l 1992 1976
l 1993 1992
l 1994 1993
l 1995 1996
l 1997 1995
l 1978 1997
l 1998 1999
l 2000 1979
l 1999 2000
l 2001 2002
l 1986 2001
l 2002 129
l 2003 2004
l 2004 1988
l 2005 2003
l 2006 2007
l 2008 2009
l 2010 2008
l 1990 2010
l 2011 1994
l 2012 2011
l 2013 2012
l 2014 2015
l 2016 2014
l 2017 2016
l 1996 2017
l 2018 1998
l 2019 2018
l 2020 2019
l 130 2021
l 2022 130
l 129 2022
l 2023 2005
l 2024 2023
l 2007 2024
l 2025 2026
l 2026 2027
l 2027 2006
l 2028 2029
l 2030 2028
l 2009 2030
l 2031 2013
l 2032 2031
l 2033 2032
l 2015 2034
l 2035 2036
l 2034 2035
l 2037 2038
l 2037 2039
l 2038 2020
l 2021 2040
l 2040 2041
l 2042 2041
l 2043 2044
l 2044 2025
l 2045 2046
l 2029 2045
l 2047 2033
l 2048 2047
l 2036 2049
l 2049 2050
l 2051 2052
l 2053 2051
l 2054 2053
l 2052 2039
l 2042 2055
l 2055 2056
l 2057 2058
l 2056 2057
l 2059 2060
l 2060 2061
l 2061 2043
l 2062 131
l 2046 2063
l 2063 2062
l 2064 2048
l 2065 2064
l 132 2065
l 2066 2067
l 2050 2066
l 2067 2068
l 2069 2070
l 2069 2071
l 2070 2054
l 2058 2072
l 2072 2073
l 2074 2073
l 2075 2076
l 2076 2077
l 2077 2059
l 2078 133
l 131 2078
l 133 2079
l 2080 134
l 134 2081
l 2081 132
l 2082 2083
l 2068 2082
l 2083 2084
l 2085 2086
l 2087 2085
l 2088 2087
l 2086 2071
l 2074 2089
l 2089 2090
l 2091 2092
l 2090 2091
l 2093 2094
l 2094 2095
l 2095 2096
l 2096 2075
l 2097 2098
l 2099 2098
l 2079 2097
l 2100 2080
l 2101 2100
l 2102 2103
l 2103 2101
l 2104 135
l 2084 2104
l 2105 136
l 135 2105
l 137 2106
l 138 2107
l 2107 137
l 2108 2088
l 2106 2109
l 2109 2108
l 2092 2110
l 2111 2112
l 2110 2111
l 2113 2114
l 2115 2113
l 2112 2115
l 2116 2093
l 2117 2116
l 2118 2117
l 2119 2120
l 2120 2121
l 2099 2119
l 2122 2102
l 2123 2122
l 2124 2123
l 2125 2126
l 2127 2125
l 136 2127
l 139 2128
l 140 2129
l 2129 139
l 2128 138
l 2114 2130
l 2130 142
l 2131 141
l 142 2131
l 2132 2133
l 2133 2134
l 2134 2118
l 2135 2136
l 2136 2137
l 2121 2135
l 2138 2124
l 2139 2138
l 2140 2139
l 2126 2141
l 2142 2143
l 2141 2142
l 2144 2145
l 2146 2144
l 2147 140
l 2145 2148
l 2147 2148
l 141 2149
l 2150 2149
l 2150 2151
l 2151 2152
l 2152 2153
l 2154 2155
l 2156 2132
l 2155 2156
l 2157 2154
l 2158 2157
l 2159 2160
l 2161 2162
l 2160 2161
l 2137 2163
l 2163 2159
l 2164 2140
l 2165 2164
l 2166 2165
l 2167 2168
l 2168 2166
l 2169 2170
l 2171 2169
l 2172 2171
l 2173 2172
l 2143 2173
l 2174 2175
l 2176 2146
l 2175 2177
l 143 2178
l 2178 144
l 2177 143
l 2179 2176
l 144 2179
l 2153 145
l 145 2180
l 2180 146
l 2181 2182
l 2183 2181
l 146 2184
l 2184 2183
l 2182 2185
l 2186 147
l 147 2187
l 2187 2188
l 2188 2158
l 2162 2189
l 2189 2186
l 2190 2167
l 2191 2190
l 2192 2193
l 2170 2192
l 148 2191
l 2193 148
l 2194 2195
l 2196 2194
l 2197 2196
l 2198 2199
l 2195 2198
l 2199 2200
l 2201 2202
l 2203 2201
l 2204 2197
l 2205 2204
l 2206 2205
l 2202 2206
l 151 149
l 2207 2208
l 2209 2207
l 150 2209
l 2208 2203
l 2210 2211
l 2212 2213
l 2214 2210
l 2215 2214
l 2213 2215
l 31 30
l 2216 31
l 30 2216
l 2217 30
l 2218 2219
l 2211 2218
l 2220 2217
l 2219 2220
l 31 152
l 25 24
l 2221 2222
l 2223 2221
l 2224 2225
l 2222 2224
l 2226 2212
l 2225 2226
l 2227 2228
l 2229 2230
l 2228 2229
l 2230 2223
l 2231 2232
l 2233 2231
l 2234 2233
l 2235 2234
l 2236 2237
l 2237 2235
l 2238 2236
l 2239 2238
l 2240 2241
l 2242 2240
l 2241 2239
l 2243 2242
l 2244 2245
l 2245 153
l 2246 2247
l 153 2246
l 2248 2249
l 2249 2250
l 2251 2244
l 2250 2251
l 2252 2248
l 2253 2254
l 2254 2252
l 2255 2256
l 2256 2253
l 2257 2255
l 2258 2257
l 2259 2258
l 2260 2259
l 2261 2260
l 2262 2263
l 2263 2261
l 2264 2265
l 2266 2267
l 2267 2264
l 2268 2262
l 2265 2268
l 2269 2270
l 2271 2269
l 2232 2271
l 2272 2227
l 2273 2274
l 2274 2272
l 2275 2273
l 2270 2275
l 2276 2277
l 2278 2279
l 2280 2281
l 2279 2280
l 2281 2276
l 2282 2283
l 2284 2285
l 2277 2284
l 2286 2282
l 2285 2287
l 2288 2286
l 2287 2288
l 2289 2266
l 2290 2289
l 2283 2290
l 154 2291
l 2292 2278
l 2293 2294
l 2295 2292
l 2294 2295
l 2296 2293
l 2291 2297
l 2297 2296
l 2298 155
l 2299 2300
l 2300 2298
l 2301 2302
l 2303 2301
l 2304 2303
l 2305 2304
l 2306 2305
l 2307 2306
l 2308 2309
l 2310 2308
l 2309 2307
l 2311 2310
l 2312 2311
l 2313 2312
l 2314 2299
l 2315 2316
l 2316 2314
l 2302 2315
l 2247 2243
l 2317 156
l 2318 2319
l 2320 2318
l 2321 2320
l 2322 2317
l 157 2323
l 2323 158
l 158 2322
l 2319 2324
l 2324 2325
l 2326 157
l 2325 2326
l 2327 2328
l 2329 159
l 156 2329
l 160 2330
l 2330 161
l 159 160
l 2331 2327
l 2332 2333
l 2333 2334
l 2334 2331
l 2335 2332
l 161 2335
l 2336 2337
l 2328 2336
l 2338 2339
l 2340 162
l 2337 2340
l 2341 163
l 162 2341
l 2342 164
l 163 2342
l 164 2338
l 2339 2343
l 2344 2345
l 2343 2346
l 2347 2344
l 2346 2347
l 2348 2349
l 2349 2350
l 2351 2348
l 2352 2351
l 2353 2352
l 165 2353
l 2354 2355
l 2355 166
l 2356 2354
l 2357 2358
l 2359 2360
l 2360 2357
l 2361 2356
l 2358 2361
l 2362 2363
l 2345 2362
l 2364 2359
l 2363 2364
l 2365 2321
l 2366 2365
l 2367 2368
l 2369 2366
l 2368 2370
l 167 2369
l 2371 167
l 168 2371
l 169 2372
l 2372 168
l 2370 169
l 2373 170
l 171 2373
l 172 2367
l 172 173
l 170 173
l 2374 2375
l 2376 2377
l 2377 2374
l 2378 171
l 2375 2378
l 2379 2380
l 2381 2382
l 2382 2379
l 2380 2383
l 2384 2376
l 2383 2384
l 175 2385
l 2386 2387
l 2388 2386
l 2385 2388
l 2387 2389
l 2389 176
l 2390 2381
l 2391 2390
l 2392 2391
l 2393 2392
l 177 2393
l 2394 2395
l 2396 2397
l 2397 2394
l 2398 2396
l 2350 2398
l 2399 2400
l 2401 2402
l 2402 2399
l 2403 2404
l 2404 2401
l 2395 2403
l 2400 2405
l 2406 2405
l 2407 2408
l 2406 2407
l 2408 2409
l 2409 2410
l 2410 2411
l 2412 2413
l 180 179
l 180 2412
l 2411 179
l 2414 2415
l 2413 2414
l 2416 2417
l 2418 2419
l 2420 2416
l 2419 2421
l 2421 2420
l 2422 174
l 2417 2423
l 2423 2422
l 2424 2425
l 2426 2427
l 2428 2426
l 2424 2429
l 2429 2428
l 2430 2431
l 2430 2432
l 2433 2432
l 181 2434
l 2434 182
l 2435 2436
l 181 2436
l 2437 2425
l 182 2437
l 2438 2439
l 2440 2441
l 2442 2443
l 2443 2444
l 2441 2442
l 2445 2438
l 2444 2445
l 2446 2447
l 2448 2447
l 2448 2440
l 2415 2449
l 2449 2450
l 2451 2452
l 2450 2453
l 2453 2451
l 2454 2455
l 184 2454
l 2455 2456
l 2457 2458
l 2458 2459
l 2460 2457
l 2461 2462
l 2459 2463
l 2463 2461
l 2464 2460
l 2456 2465
l 2465 2464
l 2466 183
l 2439 2466
l 2467 2468
l 2462 2469
l 2470 32
l 32 2471
l 185 2467
l 2469 2470
l 2471 2472
l 2473 185
l 2474 187
l 186 2474
l 187 2473
l 2472 2475
l 189 188
l 2475 188
l 2476 186
l 190 2476
l 33 191
l 191 2477
l 2477 33
l 33 190
l 2478 191
l 192 2478
l 191 194
l 34 189
l 35 34
l 2479 35
l 34 2479
l 2480 195
l 35 2480
l 196 195
l 36 196
l 2481 36
l 196 2481
l 197 193
l 2482 199
l 198 2482
l 194 199
l 199 197
l 2483 198
l 36 2483
l 2484 201
l 200 2484
l 201 2485
l 203 200
l 2486 2487
l 2485 2486
l 2488 2489
l 2490 202
l 2490 2491
l 2489 204
l 2492 206
l 205 2492
l 207 206
l 2493 207
l 206 2493
l 209 208
l 208 2494
l 2494 209
l 2495 2491
l 2496 2497
l 2498 2496
l 2497 2495
l 2499 210
l 209 2499
l 211 209
l 2500 2498
l 2501 212
l 2502 2501
l 211 2502
l 37 2500
l 37 213
l 2503 37
l 213 2503
l 215 214
l 2487 2504
l 39 38
l 2505 39
l 38 2505
l 2504 38
l 39 2506
l 2506 2507
l 2507 2508
l 2509 2510
l 2508 2509
l 2511 2512
l 2513 2511
l 2512 2514
l 2515 2516
l 2517 2515
l 2510 2517
l 2518 2513
l 2516 2518
l 2519 2520
l 2521 2519
l 2522 2433
l 2520 2522
l 2514 2523
l 2523 2521
l 2524 2525
l 2526 2524
l 2527 2526
l 2525 2528
l 2528 2529
l 2530 2531
l 2532 2529
l 2532 2530
l 2531 2488
l 2468 2533
l 2533 2534
l 2535 2536
l 2534 2536
l 2535 2537
l 2537 2538
l 2539 2540
l 2538 2539
l 2541 2542
l 2543 2544
l 2542 2543
l 2545 2541
l 2546 2545
l 2547 2548
l 2549 2548
l 2549 2546
l 2550 2547
l 2540 2551
l 2551 2550
l 2552 2553
l 2553 2554
l 2555 2556
l 2557 2554
l 2557 2555
l 2558 2527
l 2556 2559
l 2559 2558
l 2560 2552
l 2560 2561
l 2562 2563
l 217 2562
l 2565 218
l 2563 2566
l 2566 2565
l 2567 2568
l 219 2567
l 2568 2570
l 2570 2561
l 2544 2571
l 2571 2572
l 2572 221
l 2574 2575
l 220 2576
l 2576 2574
l 2575 2579
l 222 2579
l 2580 2581
l 2581 223
l 2583 2584
l 2583 224
l 2585 2586
l 2586 2587
l 2588 2580
l 2587 2589
l 2589 2588
l 222 2590
l 2590 2591
l 2592 2585
l 2592 225
l 2591 226
l 2584 2594
l 2595 2596
l 2594 2596
l 2595 2597
l 2597 227
l 2600 2601
l 2600 227
l 2602 2603
l 2604 2603
l 2605 2604
l 2605 2606
l 2601 2607
l 2607 2602
l 228 2608
l 2608 229
l 2609 2610
l 229 2609
l 2611 228
l 230 2611
l 2612 2613
l 2613 230
l 2606 2614
l 40 231
l 2615 40
l 231 2615
l 2614 231
l 2616 2612
l 40 232
l 2617 233
l 232 2617
l 234 233
l 234 235
l 235 232
l 236 237
l 41 237
l 2618 41
l 237 2618
l 239 238
l 42 238
l 239 42
l 2619 2620
l 2620 240
l 42 41
l 41 238
l 42 237
l 241 2616
l 242 2621
l 2621 241
l 2622 242
l 2623 2622
l 42 2619
l 2624 2623
l 243 2624
l 2625 2626
l 2610 2627
l 2627 2625
l 2628 2629
l 2626 43
l 44 43
l 43 2630
l 2630 44
l 44 2628
l 2631 2632
l 2633 2634
l 2632 2634
l 2633 2635
l 2636 2637
l 2637 2631
l 2638 2636
l 2639 2638
l 2629 2640
l 2641 2639
l 2642 2641
l 2640 2643
l 2643 2642
l 2644 244
l 2645 245
l 244 2645
l 2646 2647
l 245 2646
l 2648 2649
l 2649 2644
l 2635 2650
l 2651 2652
l 2650 2652
l 2651 2648
l 2647 2653
l 2654 2653
l 2655 246
l 2656 2657
l 2657 45
l 45 2658
l 247 2659
l 2659 248
l 2658 247
l 249 2655
l 250 2660
l 2660 249
l 251 2661
l 2661 252
l 250 251
l 251 253
l 254 253
l 248 2662
l 2662 2663
l 251 255
l 255 46
l 46 47
l 47 2664
l 2664 46
l 47 48
l 48 2665
l 2665 47
l 2666 2667
l 2667 48
l 2668 2669
l 2669 2670
l 2663 2671
l 46 48
l 2671 2672
l 2672 2673
l 2673 2674
l 2674 2675
l 2670 2666
l 2675 2676
l 2676 2677
l 2678 2668
l 2677 2679
l 2679 2678
l 2680 2681
l 2680 256
l 2681 2683
l 2684 2685
l 2686 2687
l 2684 2687
l 2686 257
l 2683 258
l 2689 2690
l 2685 2691
l 2692 2693
l 2691 2693
l 2690 2692
l 2694 2695
l 2689 2696
l 2695 2696
l 2694 2698
l 2698 216
l 2701 2702
l 2702 2703
l 2703 2704
l 2704 260
l 2705 2701
l 261 2705
l 49 2706
l 49 50
l 50 2707
l 2707 49
l 2708 50
l 263 2709
l 262 2709
l 2710 2656
l 2706 2711
l 2711 2710
l 2712 2713
l 2714 2712
l 2715 2716
l 2717 2714
l 2716 2718
l 2718 2717
l 2719 2720
l 2721 2715
l 2720 2721
l 264 2719
l 264 265
l 2722 265
l 2723 2724
l 266 2723
l 2724 2725
l 2725 2726
l 2726 2727
l 2728 2722
l 2729 2728
l 2727 2730
l 2730 2729
l 267 2731
l 2731 266
l 2732 2733
l 2733 2734
l 2734 267
l 2735 2732
l 2736 2735
l 2737 2738
l 2738 2739
l 2740 2741
l 2742 2743
l 2741 2743
l 2742 2737
l 2744 2740
l 2745 2744
l 2746 2745
l 2747 2748
l 2748 2749
l 2750 2746
l 2751 2750
l 2749 2752
l 2752 2751
l 2654 2753
l 2753 2754
l 2755 2747
l 2754 2755
l 2756 2757
l 2757 2758
l 2739 2759
l 2759 2756
l 2760 268
l 268 2761
l 2762 2763
l 2763 2764
l 2764 2760
l 2758 2765
l 2765 2762
l 2766 2767
l 2767 2768
l 2769 2770
l 2770 2766
l 2771 2769
l 2772 2771
l 2773 2774
l 2768 2773
l 269 2775
l 2775 270
l 2774 2776
l 2776 269
l 2777 2778
l 270 2777
l 2779 2780
l 2778 2779
l 2781 2782
l 2780 2781
l 2783 2784
l 2782 2785
l 2785 2783
l 2786 2787
l 2788 2786
l 2789 2788
l 2784 2789
l 2736 2787
l 2790 2791
l 271 2792
l 2793 271
l 272 273
l 273 2793
l 274 51
l 51 2794
l 2794 274
l 273 51
l 52 274
l 2795 52
l 274 2795
l 52 2796
l 2796 2790
l 2791 275
l 275 2797
l 2797 276
l 276 2798
l 2798 277
l 53 277
l 2799 53
l 277 2799
l 278 2800
l 2800 279
l 53 278
l 277 275
l 2801 2772
l 2802 2803
l 2802 2801
l 2803 54
l 54 279
l 279 2804
l 2804 54
l 2805 2806
l 2806 2807
l 2807 2808
l 2808 2809
l 2810 2792
l 2809 2810
l 2811 281
l 280 2811
l 2812 2813
l 281 2812
l 2813 2814
l 2814 2805
l 2761 282
l 282 2815
l 2815 2816
l 2816 280
l 2713 2817
l 2817 2818
l 2818 283
l 284 2819
l 2819 2820
l 2821 2822
l 2823 285
l 2824 2823
l 2822 2825
l 2826 2827
l 2828 2826
l 2825 2828
l 2827 2829
l 2829 2830
l 2831 2824
l 2830 2831
l 2832 287
l 288 287
l 2833 286
l 288 2833
l 2834 2835
l 2836 2837
l 2837 2834
l 2838 2821
l 286 2839
l 2839 2838
l 289 2836
l 2820 2840
l 2840 2841
l 289 290
l 2841 290
l 2842 2843
l 2843 2844
l 2845 2846
l 2844 2845
l 2847 2848
l 2849 2847
l 2850 2832
l 2846 2850
l 2851 2849
l 2852 2853
l 2835 2852
l 2853 2851
l 2854 2842
l 2855 2856
l 2856 2854
l 2857 2858
l 2859 2860
l 2848 2859
l 2861 2857
l 2860 2861
l 2862 2863
l 2863 2864
l 2865 2855
l 2864 2865
l 2866 2867
l 2858 2868
l 2868 2866
l 2869 2870
l 2870 2871
l 2872 2873
l 2874 2872
l 2871 291
l 291 2874
l 2875 2862
l 2873 2876
l 2876 2877
l 2878 2875
l 2879 2878
l 2877 2880
l 2880 2879
l 2881 2869
l 2867 2882
l 2882 2883
l 2884 2881
l 2885 2884
l 2886 2885
l 2883 2887
l 2887 2886
l 2888 2889
l 2890 293
l 292 2890
l 2891 2888
l 293 2891
l 2892 2893
l 2894 2895
l 2893 2894
l 2896 2897
l 2898 2899
l 2899 294
l 2900 2896
l 2901 2902
l 295 2901
l 2902 2903
l 2903 2904
l 2904 2905
l 2905 2906
l 2907 2900
l 2908 2907
l 2906 2908
l 2909 292
l 2897 2910
l 2910 2909
l 2895 2911
l 2912 2898
l 2913 2912
l 2911 2914
l 2915 2913
l 2914 2915
l 2916 2917
l 2889 2916
l 2918 2919
l 2920 2892
l 2921 2920
l 2919 2921
l 2922 2923
l 297 2922
l 2924 2925
l 2926 2927
l 2925 2926
l 2923 299
l 2928 2929
l 2930 2931
l 2931 2932
l 2929 2930
l 2933 2924
l 2934 2933
l 2935 2934
l 2932 2935
l 2936 296
l 2937 2938
l 2938 2936
l 2927 2939
l 2939 2940
l 2941 2942
l 2940 2943
l 2943 2941
l 2944 2937
l 2945 2946
l 2946 2944
l 2917 2945
l 2942 2947
l 2947 2918
l 298 2948
l 2949 2928
l 2950 2949
l 2948 2951
l 300 2950
l 2951 300
l 2952 45
l 2952 2953
l 2954 2955
l 2955 2956
l 2957 201
l 2958 2957
l 2959 2958
l 2959 2960
l 2960 2961
l 2961 2962
l 2956 2962
l 2954 2963
l 2964 2963
l 2964 2965
l 2965 2966
l 2966 2967
l 2967 2953
l 2427 2418
l 2968 32
l 2969 2968
l 2970 2971
l 229 2970
l 2972 2971
l 2973 2972
l 2974 2973
l 2975 2974
l 2976 2975
l 2976 2977
l 2977 2978
l 2978 2979
l 2979 2980
l 2980 2981
l 2982 2981
l 2983 2982
l 2969 2983
l 2708 259
l 2984 2985
l 2174 2984
l 2985 2986
l 2987 2988
l 2989 2987
l 2988 2185
l 301 2990
l 2991 301
l 2992 2991
l 2990 2993
l 2994 302
l 2995 2994
l 2996 2997
l 2998 2995
l 2997 2998
l 303 2999
l 302 3000
l 3000 303
l 2999 2992
l 3001 3002
l 3003 2996
l 3004 3003
l 3005 3004
l 3002 3005
l 3006 3007
l 3008 3001
l 3009 3008
l 3007 3009
l 3010 55
l 3011 3012
l 3013 3011
l 56 55
l 55 3014
l 3014 56
l 56 3013
l 3006 3015
l 3012 3015
l 3016 3017
l 3018 3016
l 3019 3018
l 3020 3010
l 3017 3020
l 3021 3022
l 3023 3024
l 3025 3021
l 3024 3025
l 3022 3019
l 3026 3027
l 3028 3026
l 3029 3028
l 3030 3029
l 3031 3032
l 3032 3030
l 3033 3031
l 305 3033
l 3034 3035
l 3035 304
l 3036 3037
l 3038 306
l 3037 3038
l 3039 3040
l 3040 3036
l 3041 309
l 3042 310
l 309 3042
l 3043 3041
l 3044 3045
l 3045 3043
l 3046 3047
l 3047 3048
l 3048 3049
l 3027 3050
l 3051 3023
l 3052 3051
l 3053 3052
l 3050 3053
l 3054 3055
l 3056 3057
l 3055 3058
l 3059 3060
l 3058 3059
l 3060 3061
l 3062 3056
l 3061 3062
l 3057 3063
l 3064 3046
l 3063 3064
l 3065 3066
l 3067 3068
l 3066 3067
l 3069 3070
l 3070 3054
l 3071 3069
l 3068 3071
l 311 3065
l 3072 3073
l 3074 3075
l 3076 3072
l 3075 3076
l 3077 3074
l 3078 3079
l 3079 3080
l 3080 3077
l 3081 3082
l 3078 3082
l 2993 3081
l 3073 3083
l 3084 311
l 312 3084
l 3083 312
l 308 3034
l 3085 3086
l 3086 3087
l 3088 3087
l 3088 3089
l 3090 316
l 3091 3085
l 316 3091
l 314 3090
l 3092 3093
l 3089 3094
l 3094 3095
l 3096 3092
l 3095 3096
l 3093 3097
l 3098 3099
l 3097 3098
l 3100 3101
l 3101 3102
l 57 58
l 58 3103
l 3103 57
l 3102 58
l 3104 3105
l 3106 3100
l 3105 3106
l 3099 3104
l 3107 3108
l 57 3109
l 3110 3111
l 3112 3107
l 3111 3112
l 3109 3113
l 3113 3110
l 3108 3114
l 3114 318
l 3115 317
l 318 3115
l 3116 3117
l 3118 3119
l 3117 3118
l 319 3116
l 3120 320
l 317 3120
l 3121 3122
l 3119 3123
l 3123 3124
l 3124 3121
l 3122 3125
l 3125 3126
l 3126 3127
l 3127 3128
l 3128 3129
l 3130 3131
l 3131 3132
l 321 3130
l 3133 323
l 3129 3134
l 3134 3133
l 3132 3135
l 3136 3137
l 3138 3136
l 3135 3139
l 3140 3138
l 3139 3140
l 3141 3142
l 3137 3141
l 3142 3143
l 324 3144
l 3144 325
l 3143 324
l 325 3145
l 326 3146
l 3146 327
l 3145 326
l 327 3147
l 328 3148
l 328 329
l 3149 329
l 3149 3150
l 3147 3150
l 330 3151
l 3152 330
l 3153 3152
l 3154 3155
l 3148 3154
l 3155 3156
l 3156 3153
l 3151 331
l 59 3157
l 59 60
l 60 3158
l 3158 59
l 331 3159
l 3159 60
l 3160 3161
l 3162 3160
l 3157 3162
l 3163 3164
l 3165 3166
l 3165 3164
l 3167 3163
l 3168 3167
l 3161 3168
l 3166 315
l 321 322
l 322 323
l 3169 3170
l 3171 3172
l 3172 3169
l 3173 3171
l 3174 3175
l 3176 3174
l 3170 3176
l 3177 333
l 332 3177
l 3175 3178
l 3178 334
l 335 3179
l 3179 332
l 334 335
l 3180 3181
l 336 3182
l 3182 337
l 3183 3180
l 339 338
l 3184 339
l 338 3184
l 339 3183
l 3185 3186
l 3187 340
l 3181 3187
l 340 3188
l 3188 341
l 3189 342
l 341 3189
l 3190 342
l 3190 3185
l 342 340
l 3191 3192
l 3193 3194
l 3194 3191
l 3195 3193
l 3196 61
l 3197 3195
l 61 3197
l 3198 3199
l 3192 3198
l 343 3196
l 3200 344
l 3201 3202
l 3202 3200
l 3203 3204
l 3205 3206
l 3206 3203
l 3207 3201
l 3208 3207
l 3204 3208
l 3209 345
l 3186 3210
l 3210 3211
l 346 3209
l 3212 347
l 348 3212
l 3211 348
l 349 3205
l 3213 350
l 345 3213
l 3214 349
l 350 3214
l 345 349
l 351 3215
l 3216 351
l 3215 352
l 352 3217
l 3218 3173
l 3219 3218
l 3217 3219
l 3220 3216
l 3221 3220
l 3222 3221
l 3223 3222
l 353 3224
l 3224 3223
l 3225 3226
l 3227 3228
l 3229 3225
l 3228 3229
l 3226 3230
l 3230 3231
l 3232 3233
l 3231 3234
l 3234 3232
l 355 3235
l 3235 354
l 3233 3236
l 3236 355
l 356 3237
l 3238 3239
l 3239 3240
l 3241 356
l 3240 3241
l 3242 3238
l 3243 3244
l 3244 3242
l 3199 3243
l 3245 3246
l 3247 3245
l 3248 3249
l 3249 3250
l 3251 3247
l 3250 3251
l 3252 3248
l 3237 357
l 3253 3252
l 357 3254
l 3255 3253
l 3254 3256
l 3256 3255
l 3257 3258
l 3259 3260
l 3261 3262
l 3258 3262
l 3261 3259
l 3260 3263
l 3263 3227
l 3264 3257
l 3265 3266
l 3267 3264
l 3266 3268
l 3268 3267
l 3269 3270
l 3271 3272
l 3273 3269
l 3272 3273
l 3270 3274
l 3274 3275
l 3276 3277
l 3275 3278
l 3279 3276
l 3278 3279
l 3277 3280
l 3280 3265
l 3281 3282
l 3283 3284
l 3284 3285
l 3286 3281
l 3285 3286
l 3287 3288
l 3288 3283
l 3289 3287
l 3246 3290
l 3291 3290
l 3291 3289
l 3282 3292
l 3293 3294
l 3295 3296
l 3294 3295
l 3297 3298
l 3299 359
l 358 3299
l 3298 358
l 3300 3293
l 359 3300
l 3292 3297
l 3301 3302
l 3296 3303
l 3303 3301
l 360 3304
l 3304 361
l 3305 362
l 362 3306
l 3306 360
l 3307 3308
l 361 3307
l 3308 3309
l 3309 3271
l 3310 3305
l 363 3311
l 3312 363
l 3313 3312
l 3314 3315
l 3311 364
l 364 3314
l 3316 3317
l 3317 3318
l 3315 3319
l 3319 3316
l 3318 3310
l 3320 3321
l 3322 3320
l 3323 3324
l 3324 3322
l 3321 3325
l 3325 365
l 3326 3327
l 3328 3323
l 3327 3328
l 3302 3329
l 3330 3326
l 3329 3330
l 3331 3332
l 367 3331
l 369 3333
l 3333 370
l 369 368
l 371 367
l 371 3334
l 3335 3334
l 372 3335
l 374 373
l 62 369
l 370 62
l 374 372
l 62 3336
l 376 375
l 3336 376
l 3337 3338
l 3332 3339
l 3339 3337
l 3340 3341
l 3341 3342
l 63 3343
l 3344 63
l 3345 3344
l 3346 368
l 3347 3346
l 3343 3340
l 3348 3347
l 378 377
l 378 3348
l 3342 3349
l 3349 3350
l 3351 3352
l 3352 377
l 3350 3353
l 3354 3355
l 3355 3356
l 3353 3354
l 3357 3351
l 3356 3357
l 3358 3345
l 366 3358
l 379 3359
l 3359 380
l 380 3360
l 3361 3362
l 3362 3363
l 3363 3313
l 3364 3365
l 382 381
l 3365 381
l 383 382
l 3366 379
l 3367 3366
l 384 383
l 3368 3367
l 384 3368
l 3369 64
l 64 3361
l 3360 3369
l 3370 3364
l 3371 385
l 385 3372
l 3372 386
l 386 3373
l 3373 387
l 388 3374
l 3374 3375
l 388 386
l 3376 3370
l 3377 3376
l 3375 3378
l 3378 3379
l 3380 3377
l 3381 3382
l 3382 3383
l 3383 3380
l 3384 3385
l 3385 3386
l 3379 3384
l 3386 3381
l 3387 3388
l 3389 3387
l 3390 3389
l 3390 3391
l 389 3371
l 3388 3392
l 3392 389
l 315 313
l 314 313
l 3393 3394
l 3395 3393
l 3394 3396
l 3397 3398
l 3399 3397
l 3396 3399
l 3398 3391
l 3400 3401
l 3402 3400
l 3403 3402
l 3404 3403
l 3405 3406
l 3406 3404
l 3338 3407
l 3407 3405
l 3401 3408
l 3408 3409
l 3409 3410
l 3411 3412
l 3412 391
l 3414 3411
l 3410 3414
l 3415 3395
l 3416 3415
l 3417 3416
l 3418 3417
l 3419 3418
l 3420 3419
l 3421 3420
l 3422 3423
l 393 3422
l 3423 3426
l 3427 3421
l 3427 3428
l 3426 3428
l 394 392
l 3430 3431
l 396 3432
l 3431 3432
l 3433 395
l 3436 3433
l 3436 396
l 3437 3438
l 3439 397
l 3438 3443
l 3443 398
l 399 3430
l 3437 400
l 3445 3439
l 3446 3445
l 3447 3448
l 3449 3447
l 3450 3446
l 3448 3451
l 3452 3450
l 3451 3453
l 3453 3452
l 3454 3449
l 3454 3455
l 3456 3455
l 3457 3458
l 3457 3459
l 3460 401
l 3458 3461
l 3461 3460
l 402 3462
l 3464 3456
l 3462 3464
l 3465 3466
l 3467 403
l 3472 3465
l 405 3472
l 405 404
l 3475 3476
l 3476 3467
l 406 3477
l 3477 3478
l 3478 3479
l 3480 3475
l 407 3480
l 3479 3482
l 3482 3483
l 408 3483
l 3485 3486
l 409 3486
l 3489 3485
l 390 3490
l 3490 3491
l 3492 3489
l 3491 3492
l 3493 3494
l 3495 3494
l 3495 3496
l 3496 3497
l 3497 3498
l 3498 3499
l 3500 3501
l 3499 3500
l 3502 3493
l 3466 3503
l 3504 3502
l 3503 3504
l 3505 410
l 411 3507
l 3508 3505
l 3509 3508
l 3501 3509
l 3507 3513
l 3513 3514
l 3515 3516
l 3514 3515
l 3516 3517
l 3518 3519
l 3520 3521
l 3522 3518
l 3523 3524
l 3521 3523
l 3525 3522
l 3526 412
l 3527 3526
l 412 3528
l 3528 413
l 413 414
l 3529 3525
l 3530 3529
l 414 3531
l 3532 3530
l 3533 3532
l 3531 3534
l 3535 3534
l 3535 3536
l 3537 3533
l 3538 3537
l 3539 3538
l 3536 3540
l 3541 3539
l 3542 3541
l 3540 3543
l 3544 3542
l 3543 3544
l 65 3545
l 3546 65
l 3545 3520
l 3547 3548
l 3549 3547
l 3519 3549
l 3548 3546
l 3524 3550
l 3550 3551
l 415 3552
l 3553 66
l 3554 3553
l 66 3555
l 3556 3557
l 3555 3558
l 3558 3556
l 3559 3459
l 3559 3560
l 3552 3560
l 3561 3554
l 3557 3562
l 3562 3563
l 3565 416
l 417 3565
l 417 418
l 3566 417
l 418 3566
l 3567 420
l 419 3567
l 419 67
l 3568 419
l 67 3568
l 419 421
l 421 67
l 3569 423
l 422 3569
l 423 421
l 3570 422
l 424 3570
l 3563 3571
l 3572 3573
l 3571 3572
l 3574 3575
l 3573 3574
l 3575 3576
l 3576 3577
l 3578 424
l 3579 3578
l 3577 3580
l 3580 3581
l 3582 3579
l 3581 3583
l 3583 3582
l 3584 3585
l 3586 3587
l 3585 3588
l 3588 3589
l 3589 3587
l 3590 3591
l 3586 3590
l 3592 3593
l 3594 3592
l 3591 3594
l 3595 3561
l 3593 3596
l 3595 3597
l 3596 3597
l 3598 3599
l 3600 3598
l 3601 3602
l 3599 3601
l 3603 3604
l 3602 3605
l 3605 3603
l 3551 3606
l 3606 3607
l 3608 3600
l 3607 3609
l 3609 3608
l 3604 3610
l 3610 3611
l 3612 3613
l 3611 3612
l 3613 3614
l 3615 3616
l 3614 3615
l 3616 3617
l 3618 3619
l 3617 3618
l 3620 3621
l 3622 3623
l 3623 3620
l 3624 3625
l 3621 3624
l 3626 3627
l 3625 3628
l 3629 3626
l 3628 3629
l 3627 3584
l 3630 425
l 3631 3632
l 425 3633
l 3634 3631
l 3633 3634
l 3635 3622
l 3632 3635
l 426 3630
l 3636 427
l 428 427
l 428 426
l 3637 3638
l 3639 3640
l 3638 3639
l 3641 3642
l 3643 3637
l 3642 3643
l 3644 3641
l 3645 3644
l 3619 3646
l 3646 3647
l 3640 3648
l 3648 3649
l 3650 3651
l 3649 3650
l 3651 3652
l 3653 3654
l 3652 3653
l 3654 3655
l 3656 3657
l 3655 3656
l 429 3658
l 3658 3659
l 3660 431
l 430 3660
l 3661 3662
l 431 3663
l 3663 3661
l 3662 3636
l 433 432
l 3664 3665
l 3665 3666
l 3666 432
l 433 429
l 435 434
l 3667 434
l 435 3668
l 3668 3664
l 3669 3670
l 3670 3671
l 3672 3669
l 3673 3674
l 3673 3672
l 3675 3674
l 3676 3677
l 3678 3675
l 3677 3678
l 3657 3679
l 3680 3676
l 3679 3680
l 3681 3682
l 3682 3683
l 3684 3685
l 3686 3681
l 3685 3686
l 3687 3684
l 3688 3687
l 3671 3688
l 3683 3689
l 3689 3690
l 3691 3692
l 3690 3691
l 3692 3693
l 3694 3695
l 3693 3694
l 436 3696
l 437 3697
l 3696 437
l 439 438
l 3697 438
l 440 3667
l 3698 440
l 3699 3698
l 439 3699
l 442 441
l 443 441
l 3700 436
l 442 3701
l 3702 3700
l 3701 3702
l 3703 444
l 3704 445
l 444 3705
l 3705 3704
l 445 3706
l 3706 443
l 446 3703
l 447 446
l 3707 447
l 448 3707
l 3708 3709
l 3709 449
l 3710 448
l 451 3710
l 3711 3712
l 450 3711
l 3712 451
l 3713 3714
l 3715 3708
l 453 3715
l 3714 3716
l 3717 452
l 3716 3717
l 3718 454
l 455 454
l 68 455
l 3719 68
l 455 3719
l 69 68
l 3720 69
l 68 3720
l 3721 3713
l 69 455
l 69 3721
l 3722 456
l 3723 457
l 456 3723
l 3724 3725
l 457 3724
l 3726 459
l 458 3726
l 3725 458
l 460 3718
l 460 70
l 3727 460
l 70 3727
l 461 70
l 457 460
l 462 458
l 459 462
l 461 458
l 3728 3722
l 3729 3728
l 2986 463
l 463 2989
l 310 3039
l 307 308
l 306 307
l 3049 3044
l 3730 3731
l 3732 3733
l 3731 3732
l 3734 3730
l 3735 3734
l 3736 3737
l 3737 3735
l 3738 3736
l 3739 3738
l 3740 3739
l 3741 3742
l 3743 465
l 464 3743
l 3744 464
l 3745 3741
l 467 3745
l 465 466
l 3746 3740
l 3742 3747
l 3748 468
l 3747 3748
l 3749 3750
l 468 3749
l 3750 469
l 3751 3746
l 469 3751
l 3752 470
l 3753 3754
l 3755 3756
l 3754 3755
l 3757 3758
l 3756 3757
l 3758 3759
l 3760 3752
l 3759 3760
l 3761 3744
l 473 472
l 473 471
l 3762 3763
l 474 3762
l 473 474
l 3763 3761
l 3764 3753
l 3765 3766
l 3767 3765
l 3768 3767
l 3766 3764
l 3769 3770
l 3770 3771
l 476 3772
l 3773 475
l 3772 3773
l 478 477
l 478 3774
l 3775 3776
l 3777 3778
l 3778 3775
l 3779 3777
l 3774 3779
l 3780 3769
l 3781 3780
l 3776 3782
l 3782 3781
l 3783 3768
l 3784 3785
l 3785 3783
l 3786 3787
l 3771 3788
l 3788 3786
l 3789 3784
l 3790 3789
l 3787 3790
l 3791 3792
l 3793 3791
l 3794 3793
l 3733 3794
l 3795 479
l 3796 3797
l 3797 3795
l 3798 3796
l 3799 3798
l 3792 3799
l 3800 3801
l 480 3802
l 3803 3800
l 3802 3803
l 3801 3804
l 3805 3806
l 3804 3805
l 3807 3808
l 3806 3807
l 3808 3809
l 3809 3810
l 3811 3812
l 3810 3811
l 3813 3814
l 3812 3813
l 481 3815
l 3815 476
l 482 3816
l 3817 3818
l 3819 482
l 483 3819
l 3818 483
l 3816 3820
l 484 481
l 3820 3821
l 3822 484
l 485 3822
l 3821 485
l 3823 3817
l 3824 3825
l 487 3826
l 3827 3824
l 3826 3827
l 3828 3829
l 3825 3828
l 3830 3823
l 3829 3831
l 3830 3832
l 3831 3832
l 3833 3834
l 3835 3833
l 488 3836
l 3837 3835
l 3836 3838
l 3838 3837
l 3814 3839
l 3840 3841
l 3839 3841
l 3840 489
l 3834 3842
l 3843 3844
l 3842 3843
l 3844 3845
l 3846 3847
l 3845 3846
l 3847 3848
l 3848 3849
l 3850 3851
l 3849 3850
l 3852 3853
l 3851 3852
l 3854 3855
l 3855 3856
l 3857 3858
l 3859 3857
l 3856 3860
l 3860 3859
l 3861 3854
l 3862 3861
l 490 3862
l 3858 486
l 3863 3864
l 3865 3864
l 3866 3867
l 3868 3866
l 3863 3868
l 3869 3870
l 3870 3865
l 491 490
l 3867 491
l 3871 3872
l 3873 3874
l 3874 3875
l 3872 3873
l 3876 3871
l 3877 3876
l 492 3877
l 3878 3879
l 3880 492
l 493 3880
l 3879 493
l 3853 3881
l 3881 3878
l 3882 3883
l 3884 3885
l 3886 494
l 494 3887
l 3887 495
l 71 495
l 495 3888
l 3888 71
l 71 3889
l 3889 3890
l 3891 497
l 496 3891
l 3890 496
l 497 498
l 498 3892
l 3892 499
l 72 499
l 499 3893
l 3893 72
l 3894 501
l 500 3894
l 72 500
l 499 496
l 3895 3884
l 501 499
l 501 3895
l 3896 3897
l 73 3896
l 3898 73
l 3885 502
l 3899 3882
l 502 3899
l 503 3900
l 3900 504
l 3897 503
l 3901 3902
l 3902 3898
l 3903 3901
l 3904 3886
l 506 505
l 506 3904
l 504 3905
l 3905 3906
l 3907 505
l 3908 3907
l 3906 3909
l 3909 3910
l 3911 3908
l 3910 3911
l 3912 507
l 3913 3903
l 507 3913
l 508 3912
l 3875 3914
l 3914 508
l 3915 3916
l 3916 3917
l 3918 3919
l 3919 3920
l 3917 3921
l 3921 3918
l 3920 3922
l 3922 3869
l 510 3923
l 3923 3915
l 3924 3925
l 3925 3926
l 3927 509
l 3926 3928
l 512 511
l 3928 511
l 3929 3927
l 3930 3929
l 512 3931
l 3931 3932
l 3933 3930
l 3933 3934
l 3935 3936
l 3936 3934
l 3932 3937
l 3937 3935
l 513 3924
l 3938 514
l 515 514
l 516 517
l 518 3939
l 3939 513
l 519 74
l 74 3940
l 3940 519
l 513 519
l 521 520
l 517 520
l 522 523
l 3941 74
l 523 3941
l 524 3938
l 3942 3943
l 3944 3945
l 3943 3946
l 3946 3944
l 3947 3948
l 3945 3947
l 3948 525
l 3950 3951
l 3952 3953
l 3950 3953
l 3883 3952
l 3951 3954
l 3955 3954
l 3956 3957
l 3957 3958
l 3959 3956
l 3960 3961
l 3961 3959
l 3955 3960
l 3962 526
l 527 3964
l 3964 3965
l 3965 3942
l 3966 528
l 3967 3968
l 3967 3966
l 3969 3970
l 529 3969
l 3972 3968
l 3970 3962
l 3973 3972
l 3974 3975
l 3976 3975
l 3977 3973
l 3978 3974
l 3978 3977
l 530 3976
l 3979 3980
l 3980 3981
l 3982 3983
l 3981 3982
l 3984 531
l 3986 3979
l 3987 3988
l 3987 3986
l 3988 532
l 3989 3984
l 3990 3991
l 3991 3992
l 3992 533
l 3994 534
l 3994 3989
l 3995 3996
l 3997 3996
l 3997 3990
l 3998 3999
l 4000 3995
l 3999 4000
l 3958 3998
l 4001 4002
l 4002 4003
l 4003 4004
l 4005 4004
l 4005 4006
l 4007 4008
l 4009 4001
l 4009 4008
l 4010 4011
l 4011 4007
l 4012 4013
l 4014 4012
l 4016 535
l 4017 4014
l 4018 537
l 4018 4017
l 538 536
l 539 4016
l 4020 540
l 4021 4022
l 4021 4020
l 541 4026
l 4027 4028
l 4026 4029
l 4029 4028
l 4027 4022
l 4031 4032
l 4032 542
l 543 4033
l 4034 4033
l 4035 544
l 4006 4037
l 4037 4035
l 4034 4038
l 4039 4040
l 4038 4039
l 4041 4042
l 4043 4044
l 4042 4043
l 4040 4041
l 76 75
l 4045 76
l 75 4045
l 4046 4047
l 76 4046
l 4048 4049
l 4049 75
l 4044 4050
l 545 4052
l 547 4053
l 4052 548
l 4053 4031
l 304 305
l 4055 4056
l 551 550
l 549 550
l 552 4055
l 553 551
l 4056 546
l 4057 4058
l 4059 4060
l 4061 4057
l 4060 4062
l 4062 4061
l 4063 4064
l 4058 4063
l 554 4065
l 4065 555
l 557 556
l 4066 557
l 556 4066
l 558 557
l 4067 558
l 557 4067
l 4068 4069
l 4069 549
l 549 558
l 558 4068
l 4064 4070
l 549 554
l 4071 559
l 4072 4073
l 4074 554
l 4070 4071
l 4073 4075
l 4076 4074
l 4077 4076
l 4075 4078
l 4078 4079
l 4080 4077
l 4081 4080
l 4079 4082
l 4082 4083
l 4084 4081
l 4085 4084
l 4083 4086
l 4087 4085
l 4086 4087
l 4088 4072
l 4089 560
l 4089 4090
l 4090 4088
l 4091 4092
l 4092 4093
l 4094 4095
l 4096 4091
l 4095 4096
l 4097 4098
l 4098 4099
l 4100 4094
l 4099 4101
l 4101 4100
l 4102 4048
l 4047 4097
l 4050 4103
l 4104 4102
l 4105 4106
l 4107 4105
l 4106 4104
l 4103 561
l 4108 563
l 562 4108
l 564 563
l 4109 564
l 563 4109
l 565 564
l 567 566
l 4110 567
l 566 4110
l 566 564
l 565 566
l 4111 568
l 4112 4111
l 568 4112
l 570 569
l 569 568
l 571 570
l 570 566
l 4113 573
l 572 4113
l 4114 573
l 4115 4107
l 4114 4115
l 4116 4117
l 4118 4116
l 4117 4119
l 4119 4120
l 4121 4122
l 4120 4121
l 4123 4118
l 4093 4124
l 4123 4125
l 4124 4125
l 4126 4059
l 4127 4126
l 574 4128
l 4129 4130
l 4130 574
l 4128 575
l 4131 4127
l 575 4132
l 4132 4133
l 4133 4134
l 4134 4131
l 4135 4136
l 4137 4135
l 4138 4139
l 4136 4139
l 4140 4129
l 4141 4140
l 4138 4141
l 576 4142
l 4142 4143
l 4144 4145
l 4145 4146
l 4147 4148
l 4146 4147
l 4149 4150
l 4150 4144
l 4151 4152
l 4153 4149
l 4152 4153
l 4122 4154
l 4154 4151
l 4155 4156
l 4157 4158
l 4158 4159
l 4160 4155
l 4159 4161
l 4161 4160
l 4148 4157
l 4156 4162
l 4163 4164
l 4162 4163
l 4165 4166
l 4167 4168
l 4168 4165
l 4166 4169
l 4169 4170
l 576 577
l 4171 577
l 4172 4173
l 4173 4174
l 578 4172
l 4175 4176
l 4174 4177
l 4177 4175
l 4178 4167
l 4179 4178
l 4176 4179
l 578 579
l 580 579
l 4180 581
l 4181 4180
l 4182 4183
l 4183 4184
l 4185 4181
l 4184 4186
l 4186 4185
l 4187 4182
l 4188 4187
l 4189 4188
l 4164 4190
l 4190 4191
l 4192 4193
l 4193 4194
l 4195 4196
l 4196 4192
l 582 581
l 582 4195
l 4194 4197
l 4198 4199
l 4197 4198
l 4199 583
l 583 4200
l 4200 584
l 585 4201
l 586 4202
l 4202 585
l 4203 586
l 4204 4203
l 4205 4204
l 4206 4207
l 4201 4207
l 4206 580
l 4208 4209
l 4210 4211
l 4209 4210
l 4212 4205
l 4211 4213
l 4213 4212
l 4214 4208
l 4215 4216
l 4216 4214
l 4215 4217
l 587 4217
l 4218 588
l 589 4218
l 588 4219
l 4220 590
l 591 4220
l 4219 591
l 4221 4222
l 4223 589
l 4222 4223
l 4224 4225
l 584 4225
l 4224 4221
l 590 4226
l 4226 4227
l 4228 4229
l 4229 593
l 4230 592
l 4231 4232
l 594 4231
l 4232 4230
l 4227 4233
l 595 4234
l 4234 596
l 4233 595
l 4235 4228
l 4235 4236
l 597 4237
l 4237 4236
l 598 592
l 599 598
l 4238 599
l 598 4238
l 601 600
l 600 4239
l 4239 601
l 600 598
l 4240 4241
l 601 4240
l 603 602
l 4242 602
l 4241 604
l 77 604
l 604 4243
l 4243 77
l 606 605
l 77 605
l 607 4242
l 610 608
l 606 609
l 612 611
l 603 613
l 613 4244
l 4244 612
l 4013 4246
l 615 4246
l 4249 614
l 4249 616
l 3983 4250
l 617 4251
l 4250 4251
l 4252 4010
l 4253 4252
l 618 4253
l 4255 510
l 4256 4255
l 475 477
l 486 487
l 489 488
l 479 480
l 4256 4257
l 4257 4258
l 4259 4260
l 4258 4260
l 4261 4262
l 73 4262
l 4263 4264
l 4263 4261
l 4259 4265
l 4265 4266
l 4267 4268
l 4269 4267
l 4270 4268
l 4270 4271
l 4272 4273
l 4266 4273
l 4274 4275
l 4276 4274
l 4277 4278
l 4277 4276
l 4279 4280
l 4272 4279
l 4281 4280
l 4271 4281
l 4282 4283
l 4278 4283
l 4282 4284
l 4284 4285
l 4286 4287
l 4286 4269
l 560 4288
l 4288 4287
l 4137 4143
l 4289 4290
l 4285 4290
l 4289 4291
l 4291 4292
l 4189 4191
l 76 4293
l 4292 4293
l 4294 4275
l 4294 4295
l 4296 4264
l 4295 4296
l 344 61
l 61 343
l 333 336
l 354 353
l 4297 4298
l 63 4298
l 4299 4300
l 4299 4297
l 4301 4302
l 4302 4303
l 4304 4305
l 4303 4305
l 4306 4300
l 4307 4306
l 4308 4309
l 4308 4307
l 4304 4310
l 4310 4311
l 4312 4313
l 4311 4313
l 4314 4309
l 4315 4314
l 4316 3517
l 4317 4318
l 4317 4315
l 4312 4319
l 4319 4320
l 4321 4320
l 4322 4321
l 4323 4324
l 4318 4324
l 4325 4326
l 4326 4327
l 4327 4328
l 3527 4325
l 4323 4329
l 4329 4330
l 4331 4332
l 4331 4322
l 4333 4332
l 4334 4333
l 4335 4336
l 4330 4336
l 4335 4337
l 4337 4338
l 4339 4340
l 4339 4334
l 66 4341
l 4341 4340
l 430 3659
l 3729 4342
l 4342 4343
l 4343 4344
l 3645 3647
l 65 4345
l 4338 4345
l 4301 4346
l 4346 64
l 178 2313
l 2200 178
l 4347 4344
l 3695 4347
l 619 4316
l 4328 619
l 620 78
l 78 78
l 80 79
l 79 80
l 80 80
l 621 80
l 86 622
l 623 86
l 86 86
l 624 78
l 153 625
l 153 153
l 626 153
l 153 626
# </edges>
