v 3.1463778 0.14428875 -1.1528164
v 3.1319258 0.14151093 -1.1520897
l 1 2
v 3.0569651 0.062032789 -1.1483231
v 3.0547664 0.056084305 -1.1482127
l 3 4
v 3.1319258 0.14151093 -1.1520897
v 3.1065238 0.12538695 -1.150813
l 5 6
v 3.1065238 0.12538695 -1.150813
v 3.0884509 0.11270176 -1.1499046
l 7 8
v 3.0640929 0.079212748 -1.1486809
v 3.0569651 0.062032789 -1.1483231
l 9 10
v 3.0884509 0.11270176 -1.1499046
v 3.0737445 0.093358032 -1.1491657
l 11 12
v 3.0737445 0.093358032 -1.1491657
v 3.0640929 0.079212748 -1.1486809
l 13 14
v 3.0547664 0.056084305 -1.1482127
v 3.0525246 0.050018806 -1.1481005
l 15 16
v 3.0525246 0.050018806 -1.1481005
v 3.0495584 0.0366906 -1.1479527
l 17 18
v 3.0461385 0.011342601 -1.1477833
v 3.0459411 0.0045800693 -1.1477741
l 19 20
v 3.0495584 0.0366906 -1.1479527
v 3.0477548 0.027568156 -1.1478628
l 21 22
v 3.0467467 0.017903434 -1.1478132
v 3.0461385 0.011342601 -1.1477833
l 23 24
v 3.0477548 0.027568156 -1.1478628
v 3.0467467 0.017903434 -1.1478132
l 25 26
v 3.1585271 0.14662401 -1.153428
v 3.1463778 0.14428875 -1.1528164
l 27 28
v 3.2279704 0.14743815 -1.1569252
v 3.2232528 0.14809954 -1.1566875
l 29 30
v 3.1926963 0.15242334 -1.1551481
v 3.1585271 0.14662401 -1.153428
l 31 32
v 3.2232528 0.14809954 -1.1566875
v 3.1926963 0.15242334 -1.1551481
l 33 34
v 3.1926963 -0.15242334 -1.1551481
v 3.2232528 -0.14809954 -1.1566875
l 35 36
v 3.2232528 -0.14809954 -1.1566875
v 3.2279704 -0.14743815 -1.1569252
l 37 38
v 3.1463778 -0.14428875 -1.1528164
v 3.1585271 -0.14662401 -1.153428
l 39 40
v 3.1585271 -0.14662401 -1.153428
v 3.1926963 -0.15242334 -1.1551481
l 41 42
v 3.0525246 -0.050018806 -1.1481005
v 3.0547664 -0.056084305 -1.1482127
l 43 44
v 3.0458221 1.0175922e-16 -1.1477686
v 3.0459411 -0.0045800693 -1.1477741
l 45 46
v 3.0459411 -0.0045800693 -1.1477741
v 3.0461385 -0.011342601 -1.1477833
l 47 48
v 3.0495584 -0.0366906 -1.1479527
v 3.0525246 -0.050018806 -1.1481005
l 49 50
v 3.0477548 -0.027568156 -1.1478628
v 3.0495584 -0.0366906 -1.1479527
l 51 52
v 3.0461385 -0.011342601 -1.1477833
v 3.0467467 -0.017903434 -1.1478132
l 53 54
v 3.0467467 -0.017903434 -1.1478132
v 3.0477548 -0.027568156 -1.1478628
l 55 56
v 3.1319258 -0.14151093 -1.1520897
v 3.1463778 -0.14428875 -1.1528164
l 57 58
v 3.0547664 -0.056084305 -1.1482127
v 3.0569651 -0.062032789 -1.1483231
l 59 60
v 3.1065238 -0.12538695 -1.150813
v 3.1319258 -0.14151093 -1.1520897
l 61 62
v 3.0569651 -0.062032789 -1.1483231
v 3.0640929 -0.079212748 -1.1486809
l 63 64
v 3.0640929 -0.079212748 -1.1486809
v 3.0737445 -0.093358032 -1.1491657
l 65 66
v 3.0884509 -0.11270176 -1.1499046
v 3.1065238 -0.12538695 -1.150813
l 67 68
v 3.0737445 -0.093358032 -1.1491657
v 3.0884509 -0.11270176 -1.1499046
l 69 70
v 3.3473916 0.11029079 -1.1623963
v 3.3230941 0.12133861 -1.1612827
l 71 72
v 3.3230941 0.12133861 -1.1612827
v 3.292516 0.13200024 -1.1598816
l 73 74
v 3.2593827 0.14304575 -1.1583635
v 3.2279704 0.14743815 -1.1569252
l 75 76
v 3.292516 0.13200024 -1.1598816
v 3.2593827 0.14304575 -1.1583635
l 77 78
v 3.3512847 0.1085205 -1.1625751
v 3.3473916 0.11029079 -1.1623963
l 79 80
v 3.4751215 0.039112236 -1.1682634
v 3.4743273 0.039644245 -1.1682268
l 81 82
v 3.4743273 0.039644245 -1.1682268
v 3.4617879 0.047612868 -1.1676507
l 83 84
v 3.3792245 0.095162027 -1.1638579
v 3.3512847 0.1085205 -1.1625751
l 85 86
v 3.401792 0.083083853 -1.1648945
v 3.3792245 0.095162027 -1.1638579
l 87 88
v 3.4617879 0.047612868 -1.1676507
v 3.4427524 0.059499964 -1.1667761
l 89 90
v 3.4255857 0.069672689 -1.1659875
v 3.401792 0.083083853 -1.1648945
l 91 92
v 3.4427524 0.059499964 -1.1667761
v 3.4255857 0.069672689 -1.1659875
l 93 94
v 3.4743273 -0.039644245 -1.1682268
v 3.4751215 -0.039112236 -1.1682634
l 95 96
v 3.3473916 -0.11029079 -1.1623963
v 3.3512847 -0.1085205 -1.1625751
l 97 98
v 3.3512847 -0.1085205 -1.1625751
v 3.3792245 -0.095162027 -1.1638579
l 99 100
v 3.4617879 -0.047612868 -1.1676507
v 3.4743273 -0.039644245 -1.1682268
l 101 102
v 3.4427524 -0.059499964 -1.1667761
v 3.4617879 -0.047612868 -1.1676507
l 103 104
v 3.3792245 -0.095162027 -1.1638579
v 3.401792 -0.083083853 -1.1648945
l 105 106
v 3.4255857 -0.069672689 -1.1659875
v 3.4427524 -0.059499964 -1.1667761
l 107 108
v 3.401792 -0.083083853 -1.1648945
v 3.4255857 -0.069672689 -1.1659875
l 109 110
v 3.3230941 -0.12133861 -1.1612827
v 3.3473916 -0.11029079 -1.1623963
l 111 112
v 3.2279704 -0.14743815 -1.1569252
v 3.2593827 -0.14304575 -1.1583635
l 113 114
v 3.292516 -0.13200024 -1.1598816
v 3.3230941 -0.12133861 -1.1612827
l 115 116
v 3.2593827 -0.14304575 -1.1583635
v 3.292516 -0.13200024 -1.1598816
l 117 118
v 3.500325 0.022200577 -1.1692801
v 3.4977231 0.024027832 -1.1691751
l 119 120
v 3.4977231 0.024027832 -1.1691751
v 3.4888186 0.029959528 -1.1688159
l 121 122
v 3.4888186 0.029959528 -1.1688159
v 3.4751215 0.039112236 -1.1682634
l 123 124
v 3.5083053 0.016595874 -1.1696023
v 3.500325 0.022200577 -1.1692801
l 125 126
v 3.521986 0.0068746293 -1.1701548
v 3.5144827 0.012333173 -1.1698518
l 127 128
v 3.5262115 0.0038859523 -1.1703254
v 3.521986 0.0068746293 -1.1701548
l 129 130
v 3.5144827 0.012333173 -1.1698518
v 3.5083053 0.016595874 -1.1696023
l 131 132
v 3.5083053 -0.016595874 -1.1696023
v 3.5144827 -0.012333173 -1.1698518
l 133 134
v 3.500325 -0.022200577 -1.1692801
v 3.5083053 -0.016595874 -1.1696023
l 135 136
v 3.5144827 -0.012333173 -1.1698518
v 3.521986 -0.0068746293 -1.1701548
l 137 138
v 3.521986 -0.0068746293 -1.1701548
v 3.5262115 -0.0038859523 -1.1703254
l 139 140
v 3.4977231 -0.024027832 -1.1691751
v 3.500325 -0.022200577 -1.1692801
l 141 142
v 3.4751215 -0.039112236 -1.1682634
v 3.4888186 -0.029959528 -1.1688159
l 143 144
v 3.4888186 -0.029959528 -1.1688159
v 3.4977231 -0.024027832 -1.1691751
l 145 146
v 6.3394914 1.7195661 -0.54870552
v 6.334847 1.7151334 -0.55791199
l 147 148
v 6.4784184 1.7778256 -0.4277924
v 6.4636431 1.7740558 -0.43560946
l 149 150
v 6.4432178 1.7678338 -0.44851619
v 6.4245296 1.7621582 -0.46028939
l 151 152
v 6.4636431 1.7740558 -0.43560946
v 6.4432178 1.7678338 -0.44851619
l 153 154
v 6.4081602 1.756088 -0.47288525
v 6.3917084 1.7500045 -0.48550886
l 155 156
v 6.4245296 1.7621582 -0.46028939
v 6.4081602 1.756088 -0.47288525
l 157 158
v 6.3917084 1.7500045 -0.48550886
v 6.3791099 1.7441024 -0.49775994
l 159 160
v 6.3791099 1.7441024 -0.49775994
v 6.3651738 1.7375911 -0.51127541
l 161 162
v 6.3561444 1.7318944 -0.52310395
v 6.3451252 1.7249609 -0.5375002
l 163 164
v 6.3651738 1.7375911 -0.51127541
v 6.3561444 1.7318944 -0.52310395
l 165 166
v 6.3451252 1.7249609 -0.5375002
v 6.3394914 1.7195661 -0.54870552
l 167 168
v 6.337595 1.6495082 -0.65267301
v 6.3393984 1.6467024 -0.65660608
l 169 170
v 6.334847 1.7151334 -0.55791199
v 6.3318872 1.7111614 -0.56386721
l 171 172
v 6.3318872 1.7111614 -0.56386721
v 6.3293791 1.7042311 -0.57407081
l 173 174
v 6.3293791 1.7042311 -0.57407081
v 6.3255272 1.6936517 -0.58964902
l 175 176
v 6.3255272 1.6936517 -0.58964902
v 6.3254151 1.6877508 -0.59819496
l 177 178
v 6.3254151 1.6877508 -0.59819496
v 6.3251972 1.6773913 -0.61319965
l 179 180
v 6.3298974 1.6615285 -0.63582164
v 6.337595 1.6495082 -0.65267301
l 181 182
v 6.328383 1.6666167 -0.62856567
v 6.3298974 1.6615285 -0.63582164
l 183 184
v 6.3251972 1.6773913 -0.61319965
v 6.328383 1.6666167 -0.62856567
l 185 186
v 6.3581791 1.6287384 -0.68260437
v 6.3741193 1.6185105 -0.69718176
l 187 188
v 6.3393984 1.6467024 -0.65660608
v 6.3406997 1.6447678 -0.659437
l 189 190
v 6.3537412 1.6327991 -0.6767357
v 6.3581791 1.6287384 -0.68260437
l 191 192
v 6.3406997 1.6447678 -0.659437
v 6.3537412 1.6327991 -0.6767357
l 193 194
v 6.4121971 1.5895549 -0.72552317
v 6.4161224 1.5873259 -0.72762489
l 195 196
v 6.3741193 1.6185105 -0.69718176
v 6.3768563 1.6159424 -0.69974703
l 197 198
v 6.4069324 1.5933025 -0.72188228
v 6.4121971 1.5895549 -0.72552317
l 199 200
v 6.3768563 1.6159424 -0.69974703
v 6.3821311 1.6110064 -0.70467633
l 201 202
v 6.3821311 1.6110064 -0.70467633
v 6.4069324 1.5933025 -0.72188228
l 203 204
v 6.4481797 1.5700753 -0.74470669
v 6.4735398 1.5589795 -0.75539029
l 205 206
v 6.4433579 1.5726629 -0.7421453
v 6.4481797 1.5700753 -0.74470669
l 207 208
v 6.4161224 1.5873259 -0.72762489
v 6.4433579 1.5726629 -0.7421453
l 209 210
v 6.443357 -1.5726727 -0.74214417
v 6.4161148 -1.5873415 -0.72761989
l 211 212
v 6.4481797 -1.5700843 -0.74470603
v 6.443357 -1.5726727 -0.74214417
l 213 214
v 6.473536 -1.5589886 -0.75538802
v 6.4481797 -1.5700843 -0.74470603
l 215 216
v 6.3768554 -1.6159568 -0.69974536
v 6.3741069 -1.6185365 -0.69716877
l 217 218
v 6.4161148 -1.5873415 -0.72761989
v 6.4121971 -1.5895665 -0.72552228
l 219 220
v 6.3821311 -1.6110197 -0.70467532
v 6.3768554 -1.6159568 -0.69974536
l 221 222
v 6.4121971 -1.5895665 -0.72552228
v 6.4069314 -1.5933149 -0.72188085
l 223 224
v 6.4069314 -1.5933149 -0.72188085
v 6.3821311 -1.6110197 -0.70467532
l 225 226
v 6.3406997 -1.6447866 -0.65943557
v 6.3393898 -1.6467341 -0.65658599
l 227 228
v 6.3741069 -1.6185365 -0.69716877
v 6.3581791 -1.6287566 -0.682603
l 229 230
v 6.3537402 -1.6328181 -0.67673343
v 6.3406997 -1.6447866 -0.65943557
l 231 232
v 6.3581791 -1.6287566 -0.682603
v 6.3537402 -1.6328181 -0.67673343
l 233 234
v 6.3393898 -1.6467341 -0.65658599
v 6.3375945 -1.6495273 -0.65267068
l 235 236
v 6.3318872 -1.711181 -0.56386572
v 6.3348641 -1.7151763 -0.55787599
l 237 238
v 6.3293786 -1.7042501 -0.57407027
v 6.3318872 -1.711181 -0.56386572
l 239 240
v 6.3255272 -1.693671 -0.58964753
v 6.3293786 -1.7042501 -0.57407027
l 241 242
v 6.3251972 -1.6774101 -0.61319816
v 6.3254151 -1.6877693 -0.59819436
l 243 244
v 6.3254151 -1.6877693 -0.59819436
v 6.3255272 -1.693671 -0.58964753
l 245 246
v 6.3375945 -1.6495273 -0.65267068
v 6.3298974 -1.6615469 -0.63582021
l 247 248
v 6.3298974 -1.6615469 -0.63582021
v 6.328383 -1.666636 -0.6285634
l 249 250
v 6.328383 -1.666636 -0.6285634
v 6.3251972 -1.6774101 -0.61319816
l 251 252
v 6.4432163 -1.7678512 -0.44851568
v 6.4636431 -1.7740728 -0.43560818
l 253 254
v 6.4245296 -1.7621768 -0.46028796
v 6.4432163 -1.7678512 -0.44851568
l 255 256
v 6.4636431 -1.7740728 -0.43560818
v 6.4784093 -1.7778399 -0.42779586
l 257 258
v 6.3348641 -1.7151763 -0.55787599
v 6.3394904 -1.7195911 -0.54870486
l 259 260
v 6.356144 -1.7319173 -0.52310336
v 6.3651738 -1.7376136 -0.51127368
l 261 262
v 6.3451252 -1.7249856 -0.53749835
v 6.356144 -1.7319173 -0.52310336
l 263 264
v 6.3394904 -1.7195911 -0.54870486
v 6.3451252 -1.7249856 -0.53749835
l 265 266
v 6.3917084 -1.7500249 -0.48550731
v 6.4081588 -1.7561071 -0.47288471
l 267 268
v 6.4081588 -1.7561071 -0.47288471
v 6.4245296 -1.7621768 -0.46028796
l 269 270
v 6.3791084 -1.7441232 -0.49775937
v 6.3917084 -1.7500249 -0.48550731
l 271 272
v 6.3651738 -1.7376136 -0.51127368
v 6.3791084 -1.7441232 -0.49775937
l 273 274
v 6.4843764 1.7792343 -0.4246487
v 6.4784184 1.7778256 -0.4277924
l 275 276
v 6.620811 1.8054589 -0.36519957
v 6.5860696 1.7996259 -0.37858161
l 277 278
v 6.5860696 1.7996259 -0.37858161
v 6.5614944 1.795519 -0.38800776
l 279 280
v 6.6220293 1.8056302 -0.36479935
v 6.620811 1.8054589 -0.36519957
l 281 282
v 6.5092087 1.7851261 -0.4115029
v 6.4843764 1.7792343 -0.4246487
l 283 284
v 6.5614944 1.795519 -0.38800776
v 6.5319147 1.789629 -0.40132126
l 285 286
v 6.5319147 1.789629 -0.40132126
v 6.5092087 1.7851261 -0.4115029
l 287 288
v 6.6471066 1.8095942 -0.35652807
v 6.6220293 1.8056302 -0.36479935
l 289 290
v 6.685452 1.8156831 -0.34381989
v 6.6471066 1.8095942 -0.35652807
l 291 292
v 6.4900908 1.551483 -0.76237565
v 6.5237727 1.5387663 -0.77377641
l 293 294
v 6.4735398 1.5589795 -0.75539029
v 6.4860907 1.5532899 -0.76069278
l 295 296
v 6.4860907 1.5532899 -0.76069278
v 6.4900908 1.551483 -0.76237565
l 297 298
v 6.5924301 1.517678 -0.79329872
v 6.6146674 1.5121683 -0.79812592
l 299 300
v 6.5237727 1.5387663 -0.77377641
v 6.5352855 1.5346988 -0.77765185
l 301 302
v 6.5352855 1.5346988 -0.77765185
v 6.5380912 1.5337118 -0.77859151
l 303 304
v 6.5910497 1.5180833 -0.79292732
v 6.5924301 1.517678 -0.79329872
l 305 306
v 6.5380912 1.5337118 -0.77859151
v 6.5910497 1.5180833 -0.79292732
l 307 308
v 6.65453 1.4969676 -0.80716604
v 6.6554656 1.4966615 -0.80733675
l 309 310
v 6.6146674 1.5121683 -0.79812592
v 6.6326075 1.5053115 -0.80220717
l 311 312
v 6.6326075 1.5053115 -0.80220717
v 6.6534028 1.4973377 -0.80695903
l 313 314
v 6.6534028 1.4973377 -0.80695903
v 6.65453 1.4969676 -0.80716604
l 315 316
v 6.6554656 1.4966615 -0.80733675
v 6.6784821 1.489694 -0.81149077
l 317 318
v 6.6784797 -1.4896858 -0.81149107
v 6.6554594 -1.4966558 -0.80733621
l 319 320
v 6.6325984 -1.5053115 -0.80220538
v 6.6146674 -1.5121683 -0.79812592
l 321 322
v 6.6554594 -1.4966558 -0.80733621
v 6.654531 -1.4969594 -0.80716687
l 323 324
v 6.6534028 -1.4973302 -0.80695963
v 6.6325984 -1.5053115 -0.80220538
l 325 326
v 6.654531 -1.4969594 -0.80716687
v 6.6534028 -1.4973302 -0.80695963
l 327 328
v 6.535285 -1.5347024 -0.77765143
v 6.5237713 -1.5387708 -0.77377564
l 329 330
v 6.6146674 -1.5121683 -0.79812592
v 6.5924301 -1.5176789 -0.79329866
l 331 332
v 6.5924301 -1.5176789 -0.79329866
v 6.5910497 -1.5180843 -0.79292727
l 333 334
v 6.5380912 -1.533715 -0.77859128
v 6.535285 -1.5347024 -0.77765143
l 335 336
v 6.5910497 -1.5180843 -0.79292727
v 6.5380912 -1.533715 -0.77859128
l 337 338
v 6.4860902 -1.5532966 -0.76069206
v 6.473536 -1.5589886 -0.75538802
l 339 340
v 6.5237713 -1.5387708 -0.77377564
v 6.4900908 -1.5514891 -0.76237518
l 341 342
v 6.4900908 -1.5514891 -0.76237518
v 6.4860902 -1.5532966 -0.76069206
l 343 344
v 6.6471047 -1.809607 -0.35652763
v 6.6854453 -1.8156943 -0.34382108
l 345 346
v 6.6220117 -1.8056413 -0.36480421
v 6.6471047 -1.809607 -0.35652763
l 347 348
v 6.5614944 -1.7955333 -0.38800666
v 6.5860677 -1.7996397 -0.37858117
l 349 350
v 6.5860677 -1.7996397 -0.37858117
v 6.620811 -1.8054725 -0.36519852
l 351 352
v 6.620811 -1.8054725 -0.36519852
v 6.6220117 -1.8056413 -0.36480421
l 353 354
v 6.4784093 -1.7778399 -0.42779586
v 6.484375 -1.7792501 -0.42464823
l 355 356
v 6.484375 -1.7792501 -0.42464823
v 6.5092087 -1.7851416 -0.41150171
l 357 358
v 6.5319133 -1.7896438 -0.40132082
v 6.5614944 -1.7955333 -0.38800666
l 359 360
v 6.5092087 -1.7851416 -0.41150171
v 6.5319133 -1.7896438 -0.40132082
l 361 362
v 6.6874847 1.8159698 -0.34314889
v 6.685452 1.8156831 -0.34381989
l 363 364
v 6.791297 1.8276807 -0.31526145
v 6.7618284 1.8247842 -0.32224688
l 365 366
v 6.8420334 1.8327034 -0.30315712
v 6.791297 1.8276807 -0.31526145
l 367 368
v 6.7153687 1.8192635 -0.33533621
v 6.6874847 1.8159698 -0.34314889
l 369 370
v 6.7618284 1.8247842 -0.32224688
v 6.7153687 1.8192635 -0.33533621
l 371 372
v 6.8440895 1.8329438 -0.30266374
v 6.8420334 1.8327034 -0.30315712
l 373 374
v 6.9100471 1.8394949 -0.289482
v 6.8749518 1.8359983 -0.29652062
l 375 376
v 6.8749518 1.8359983 -0.29652062
v 6.8440895 1.8329438 -0.30266374
l 377 378
v 6.8048387 1.4542378 -0.83086997
v 6.8062234 1.4539242 -0.83102012
l 379 380
v 6.6784821 1.489694 -0.81149077
v 6.7213144 1.4762299 -0.81926101
l 381 382
v 6.7213144 1.4762299 -0.81926101
v 6.7258415 1.4750137 -0.81991029
l 383 384
v 6.7964501 1.4561507 -0.82994998
v 6.8048387 1.4542378 -0.83086997
l 385 386
v 6.7258415 1.4750137 -0.81991029
v 6.7964501 1.4561507 -0.82994998
l 387 388
v 6.8913469 1.436713 -0.83977199
v 6.9028497 1.4347311 -0.84066373
l 389 390
v 6.8790426 1.4388506 -0.83880323
v 6.8913469 1.436713 -0.83977199
l 391 392
v 6.8062234 1.4539242 -0.83102012
v 6.8790426 1.4388506 -0.83880323
l 393 394
v 6.902844 -1.4347112 -0.84066492
v 6.8913512 -1.436691 -0.83977401
l 395 396
v 6.8790421 -1.4388292 -0.83880496
v 6.8061996 -1.4539062 -0.8310194
l 397 398
v 6.8913512 -1.436691 -0.83977401
v 6.8790421 -1.4388292 -0.83880496
l 399 400
v 6.8061996 -1.4539062 -0.8310194
v 6.8048429 -1.4542136 -0.83087224
l 401 402
v 6.8048429 -1.4542136 -0.83087224
v 6.7964501 -1.4561281 -0.82995176
l 403 404
v 6.7213144 -1.4762157 -0.81926215
v 6.6784797 -1.4896858 -0.81149107
l 405 406
v 6.7964501 -1.4561281 -0.82995176
v 6.7258439 -1.4749984 -0.81991184
l 407 408
v 6.7258439 -1.4749984 -0.81991184
v 6.7213144 -1.4762157 -0.81926215
l 409 410
v 6.8749504 -1.836008 -0.2965202
v 6.9100418 -1.8395032 -0.28948238
l 411 412
v 6.8440895 -1.8329546 -0.30266291
v 6.8749504 -1.836008 -0.2965202
l 413 414
v 6.8420243 -1.8327132 -0.30315843
v 6.8440895 -1.8329546 -0.30266291
l 415 416
v 6.7618284 -1.8247956 -0.32224602
v 6.7912951 -1.8276917 -0.31526101
l 417 418
v 6.7912951 -1.8276917 -0.31526101
v 6.8420243 -1.8327132 -0.30315843
l 419 420
v 6.6854453 -1.8156943 -0.34382108
v 6.6874847 -1.8159819 -0.34314796
l 421 422
v 6.6874847 -1.8159819 -0.34314796
v 6.7153668 -1.819275 -0.33533579
l 423 424
v 6.7153668 -1.819275 -0.33533579
v 6.7618284 -1.8247956 -0.32224602
l 425 426
v 6.9344401 1.8415111 -0.28462222
v 6.9100471 1.8394949 -0.289482
l 427 428
v 6.9665775 1.8436334 -0.27943516
v 6.9344401 1.8415111 -0.28462222
l 429 430
v 7.0329313 1.8480589 -0.26862642
v 6.9665775 1.8436334 -0.27943516
l 431 432
v 7.0650287 1.8496971 -0.26454192
v 7.0329313 1.8480589 -0.26862642
l 433 434
v 7.0663834 1.849788 -0.26436785
v 7.0650287 1.8496971 -0.26454192
l 435 436
v 7.1635585 1.8560216 -0.25254145
v 7.139482 1.8547329 -0.25486535
l 437 438
v 7.139482 1.8547329 -0.25486535
v 7.0663834 1.849788 -0.26436785
l 439 440
v 6.9692483 1.4230926 -0.84582692
v 6.9831753 1.4210516 -0.84657121
l 441 442
v 6.9028497 1.4347311 -0.84066373
v 6.9692483 1.4230926 -0.84582692
l 443 444
v 7.0875626 1.4078208 -0.8514815
v 7.1580887 1.4003757 -0.8535161
l 445 446
v 6.9831753 1.4210516 -0.84657121
v 6.9857106 1.4207146 -0.84670389
l 447 448
v 7.067121 1.4100074 -0.85086715
v 7.0875626 1.4078208 -0.8514815
l 449 450
v 6.9857106 1.4207146 -0.84670389
v 7.067121 1.4100074 -0.85086715
l 451 452
v 7.1580825 -1.4003613 -0.85351717
v 7.0875664 -1.4078014 -0.85148317
l 453 454
v 7.0875664 -1.4078014 -0.85148317
v 7.067121 -1.4099872 -0.85086882
l 455 456
v 6.9857154 -1.4206897 -0.84670615
v 6.9831419 -1.4210317 -0.84657139
l 457 458
v 7.067121 -1.4099872 -0.85086882
v 6.9857154 -1.4206897 -0.84670615
l 459 460
v 6.9831419 -1.4210317 -0.84657139
v 6.9692483 -1.4230683 -0.84582883
l 461 462
v 6.9692483 -1.4230683 -0.84582883
v 6.902844 -1.4347112 -0.84066492
l 463 464
v 7.0650239 -1.8497044 -0.26454195
v 7.0663819 -1.8497953 -0.26436746
l 465 466
v 7.139482 -1.8547376 -0.25486499
v 7.1635542 -1.8560253 -0.25254157
l 467 468
v 7.0663819 -1.8497953 -0.26436746
v 7.139482 -1.8547376 -0.25486499
l 469 470
v 7.0329313 -1.8480666 -0.26862583
v 7.0650239 -1.8497044 -0.26454195
l 471 472
v 6.9344401 -1.8415196 -0.28462154
v 6.9665761 -1.8436415 -0.27943477
l 473 474
v 6.9665761 -1.8436415 -0.27943477
v 7.0329313 -1.8480666 -0.26862583
l 475 476
v 6.9100418 -1.8395032 -0.28948238
v 6.9344401 -1.8415196 -0.28462154
l 477 478
v 7.1738653 1.8564054 -0.25155988
v 7.1635585 1.8560216 -0.25254145
l 479 480
v 7.3125682 1.8608799 -0.23998477
v 7.2894788 1.8603022 -0.24151526
l 481 482
v 7.2894788 1.8603022 -0.24151526
v 7.2538357 1.8594326 -0.24382527
l 483 484
v 7.2538357 1.8594326 -0.24382527
v 7.1738653 1.8564054 -0.25155988
l 485 486
v 7.3755617 1.8631084 -0.23575735
v 7.3125682 1.8608799 -0.23998477
l 487 488
v 7.462985 1.8651468 -0.23246694
v 7.4122314 1.8639505 -0.23440868
l 489 490
v 7.4122314 1.8639505 -0.23440868
v 7.3755617 1.8631084 -0.23575735
l 491 492
v 7.1725893 1.398922 -0.85392821
v 7.1939015 1.3972347 -0.85414797
l 493 494
v 7.1580887 1.4003757 -0.8535161
v 7.1725893 1.398922 -0.85392821
l 495 496
v 7.4052682 1.3845122 -0.85400683
v 7.4213157 1.3839191 -0.85367292
l 497 498
v 7.1939015 1.3972347 -0.85414797
v 7.1968794 1.3970196 -0.85417706
l 499 500
v 7.1968794 1.3970196 -0.85417706
v 7.2854328 1.3907486 -0.85493356
l 501 502
v 7.313066 1.3892809 -0.85474551
v 7.4052682 1.3845122 -0.85400683
l 503 504
v 7.2854328 1.3907486 -0.85493356
v 7.313066 1.3892809 -0.85474551
l 505 506
v 7.4212036 -1.3839191 -0.85367554
v 7.4052682 -1.3845073 -0.85400724
l 507 508
v 7.4052682 -1.3845073 -0.85400724
v 7.3130684 -1.3892714 -0.85474628
l 509 510
v 7.1968827 -1.3970042 -0.85417831
v 7.1938701 -1.3972217 -0.85414892
l 511 512
v 7.3130684 -1.3892714 -0.85474628
v 7.2854328 -1.3907378 -0.85493445
l 513 514
v 7.2854328 -1.3907378 -0.85493445
v 7.1968827 -1.3970042 -0.85417831
l 515 516
v 7.1938701 -1.3972217 -0.85414892
v 7.1725893 -1.3989067 -0.8539294
l 517 518
v 7.1725893 -1.3989067 -0.8539294
v 7.1580825 -1.4003613 -0.85351717
l 519 520
v 7.3755617 -1.863109 -0.23575731
v 7.4122314 -1.8639498 -0.23440874
l 521 522
v 7.4122314 -1.8639498 -0.23440874
v 7.4629827 -1.8651443 -0.23246722
l 523 524
v 7.3125653 -1.8608823 -0.23998474
v 7.3755617 -1.863109 -0.23575731
l 525 526
v 7.2894778 -1.8603048 -0.2415151
v 7.3125653 -1.8608823 -0.23998474
l 527 528
v 7.2538357 -1.8594357 -0.24382503
v 7.2894778 -1.8603048 -0.2415151
l 529 530
v 7.1635542 -1.8560253 -0.25254157
v 7.1738644 -1.8564091 -0.25155964
l 531 532
v 7.1738644 -1.8564091 -0.25155964
v 7.2538357 -1.8594357 -0.24382503
l 533 534
v 7.6015711 1.8652477 -0.23006205
v 7.5419912 1.8653928 -0.23063548
l 535 536
v 7.5040321 1.8655081 -0.23094484
v 7.462985 1.8651468 -0.23246694
l 537 538
v 7.5419912 1.8653928 -0.23063548
v 7.5040321 1.8655081 -0.23094484
l 539 540
v 7.6384268 1.8652751 -0.22969794
v 7.6015711 1.8652477 -0.23006205
l 541 542
v 7.8338175 1.8627472 -0.2343732
v 7.8187909 1.8630447 -0.23375882
l 543 544
v 7.677906 1.8648635 -0.23039772
v 7.6384268 1.8652751 -0.22969794
l 545 546
v 7.7777443 1.8638822 -0.23201969
v 7.677906 1.8648635 -0.23039772
l 547 548
v 7.8187909 1.8630447 -0.23375882
v 7.7777443 1.8638822 -0.23201969
l 549 550
v 7.6015677 -1.8652447 -0.23006232
v 7.6384268 -1.8652717 -0.22969823
l 551 552
v 7.677907 -1.8648596 -0.23039806
v 7.7777443 -1.8638771 -0.23202011
l 553 554
v 7.6384268 -1.8652717 -0.22969823
v 7.677907 -1.8648596 -0.23039806
l 555 556
v 7.7777443 -1.8638771 -0.23202011
v 7.8187923 -1.863039 -0.23375934
l 557 558
v 7.8187923 -1.863039 -0.23375934
v 7.8338165 -1.8627414 -0.23437364
l 559 560
v 7.5419922 -1.8653901 -0.2306357
v 7.6015677 -1.8652447 -0.23006232
l 561 562
v 7.5040321 -1.8655055 -0.23094505
v 7.5419922 -1.8653901 -0.2306357
l 563 564
v 7.4629827 -1.8651443 -0.23246722
v 7.5040321 -1.8655055 -0.23094505
l 565 566
v 7.9443841 1.8592883 -0.23948759
v 7.9208293 1.8601869 -0.23799846
l 567 568
v 7.9208293 1.8601869 -0.23799846
v 7.8338175 1.8627472 -0.2343732
l 569 570
v 7.963902 1.858481 -0.24072656
v 7.9443841 1.8592883 -0.23948759
l 571 572
v 8.0664291 1.8543025 -0.2470829
v 7.963902 1.858481 -0.24072656
l 573 574
v 8.3105021 1.8419734 -0.26801914
v 8.2132139 1.8472582 -0.25877121
l 575 576
v 8.1116953 1.852111 -0.25073394
v 8.0664291 1.8543025 -0.2470829
l 577 578
v 8.2132139 1.8472582 -0.25877121
v 8.1116953 1.852111 -0.25073394
l 579 580
v 8.2281666 1.3920867 -0.81441945
v 8.3105021 1.3961931 -0.80795431
l 581 582
v 8.0700779 1.3857808 -0.82547295
v 8.0838604 1.3862021 -0.82462001
l 583 584
v 8.1175652 1.3875396 -0.82226926
v 8.2281666 1.3920867 -0.81441945
l 585 586
v 8.0838604 1.3862021 -0.82462001
v 8.1175652 1.3875396 -0.82226926
l 587 588
v 8.0838604 -1.3862046 -0.82461977
v 8.0700455 -1.3857825 -0.82547474
l 589 590
v 8.3105021 -1.3961931 -0.80795431
v 8.2281666 -1.3920877 -0.81441939
l 591 592
v 8.1175642 -1.3875418 -0.82226908
v 8.0838604 -1.3862046 -0.82461977
l 593 594
v 8.2281666 -1.3920877 -0.81441939
v 8.1175642 -1.3875418 -0.82226908
l 595 596
v 8.2132139 -1.8472567 -0.25877133
v 8.3105021 -1.8419734 -0.26801914
l 597 598
v 7.9443793 -1.859283 -0.23948774
v 7.9639034 -1.8584757 -0.24072708
l 599 600
v 8.0664291 -1.8542987 -0.2470832
v 8.1116962 -1.852108 -0.25073427
l 601 602
v 8.1116962 -1.852108 -0.25073427
v 8.2132139 -1.8472567 -0.25877133
l 603 604
v 7.9639034 -1.8584757 -0.24072708
v 8.0664291 -1.8542987 -0.2470832
l 605 606
v 7.9208293 -1.8601813 -0.2379989
v 7.9443793 -1.859283 -0.23948774
l 607 608
v 7.8338165 -1.8627414 -0.23437364
v 7.9208293 -1.8601813 -0.2379989
l 609 610
v 8.3242388 1.8395146 -0.26948413
v 8.3116159 1.8417747 -0.26813626
l 611 612
v 8.3116159 1.8417747 -0.26813626
v 8.3105021 1.8419734 -0.26801914
l 613 614
v 8.3598204 1.8328562 -0.27330694
v 8.3242388 1.8395146 -0.26948413
l 615 616
v 8.38237 1.8285123 -0.2760267
v 8.3598204 1.8328562 -0.27330694
l 617 618
v 8.4488792 1.8129164 -0.28427678
v 8.38237 1.8285123 -0.2760267
l 619 620
v 8.5247698 1.794897 -0.29405776
v 8.5048971 1.7997241 -0.29131824
l 621 622
v 8.5048971 1.7997241 -0.29131824
v 8.4488792 1.8129164 -0.28427678
l 623 624
v 8.5610962 1.7857809 -0.29908949
v 8.5247698 1.794897 -0.29405776
l 625 626
v 8.3105021 1.3961931 -0.80795431
v 8.327404 1.3934871 -0.80692244
l 627 628
v 8.4767456 1.3693848 -0.79727435
v 8.4890614 1.3674098 -0.7964679
l 629 630
v 8.3723984 1.3859636 -0.80423957
v 8.4767456 1.3693848 -0.79727435
l 631 632
v 8.327404 1.3934871 -0.80692244
v 8.3398495 1.3914195 -0.80616891
l 633 634
v 8.3398495 1.3914195 -0.80616891
v 8.3723984 1.3859636 -0.80423957
l 635 636
v 8.4938049 -1.3667084 -0.79615229
v 8.4767599 -1.369436 -0.79726887
l 637 638
v 8.3723984 -1.3859814 -0.80423808
v 8.3398504 -1.391426 -0.80616826
l 639 640
v 8.3398504 -1.391426 -0.80616826
v 8.3274269 -1.3934857 -0.80692083
l 641 642
v 8.4767599 -1.369436 -0.79726887
v 8.3723984 -1.3859814 -0.80423808
l 643 644
v 8.3274269 -1.3934857 -0.80692083
v 8.3105021 -1.3961931 -0.80795431
l 645 646
v 8.5248556 -1.7947179 -0.29408264
v 8.561101 -1.7856003 -0.29910493
l 647 648
v 8.5048971 -1.7995807 -0.29133007
v 8.5248556 -1.7947179 -0.29408264
l 649 650
v 8.3825102 -1.8284264 -0.27604842
v 8.4488516 -1.8128208 -0.28428173
l 651 652
v 8.4488516 -1.8128208 -0.28428173
v 8.5048971 -1.7995807 -0.29133007
l 653 654
v 8.3598204 -1.832816 -0.27331024
v 8.3825102 -1.8284264 -0.27604842
l 655 656
v 8.3242416 -1.8395034 -0.26948527
v 8.3598204 -1.832816 -0.27331024
l 657 658
v 8.311615 -1.8417739 -0.26813632
v 8.3242416 -1.8395034 -0.26948527
l 659 660
v 8.3105021 -1.8419734 -0.26801914
v 8.311615 -1.8417739 -0.26813632
l 661 662
v 8.7075262 1.7493533 -0.32018086
v 8.64713 1.7646306 -0.31107175
l 663 664
v 8.5830193 1.7804081 -0.3021155
v 8.5610962 1.7857809 -0.29908949
l 665 666
v 8.64713 1.7646306 -0.31107175
v 8.5830193 1.7804081 -0.3021155
l 667 668
v 8.7140265 1.7476258 -0.32116821
v 8.7075262 1.7493533 -0.32018086
l 669 670
v 8.7948818 1.7259946 -0.33368117
v 8.785326 1.7286046 -0.33211723
l 671 672
v 8.785326 1.7286046 -0.33211723
v 8.7140265 1.7476258 -0.32116821
l 673 674
v 8.785326 -1.7280065 -0.33216706
v 8.7949047 -1.7253754 -0.33373585
l 675 676
v 8.7077713 -1.7488137 -0.32025746
v 8.7139034 -1.7471746 -0.32118949
l 677 678
v 8.7139034 -1.7471746 -0.32118949
v 8.785326 -1.7280065 -0.33216706
l 679 680
v 8.647131 -1.7642761 -0.31110114
v 8.7077713 -1.7488137 -0.32025746
l 681 682
v 8.5829601 -1.7801989 -0.30212578
v 8.647131 -1.7642761 -0.31110114
l 683 684
v 8.561101 -1.7856003 -0.29910493
v 8.5829601 -1.7801989 -0.30212578
l 685 686
v 8.8787718 1.7037809 -0.34741265
v 8.8408184 1.7138528 -0.34116521
l 687 688
v 8.8408184 1.7138528 -0.34116521
v 8.7948818 1.7259946 -0.33368117
l 689 690
v 8.9184294 1.6926105 -0.35399479
v 8.8787718 1.7037809 -0.34741265
l 691 692
v 9.0180025 1.6639174 -0.37153029
v 8.9628305 1.6798426 -0.36177227
l 693 694
v 8.9628305 1.6798426 -0.36177227
v 8.9184294 1.6926105 -0.35399479
l 695 696
v 8.9625883 -1.6788834 -0.36181587
v 9.0180645 -1.6627508 -0.3716377
l 697 698
v 8.8792839 -1.7027881 -0.34756869
v 8.9184303 -1.691677 -0.35407293
l 699 700
v 8.9184303 -1.691677 -0.35407293
v 8.9625883 -1.6788834 -0.36181587
l 701 702
v 8.8406343 -1.7131562 -0.34119722
v 8.8792839 -1.7027881 -0.34756869
l 703 704
v 8.7949047 -1.7253754 -0.33373585
v 8.8406343 -1.7131562 -0.34119722
l 705 706
v 9.0415926 1.6573626 -0.3756811
v 9.0180025 1.6639174 -0.37153029
l 707 708
v 9.0455551 1.6561868 -0.37638468
v 9.0415926 1.6573626 -0.3756811
l 709 710
v 9.0794983 1.6459287 -0.38269603
v 9.0455551 1.6561868 -0.37638468
l 711 712
v 9.1017675 1.6391734 -0.38687509
v 9.0794983 1.6459287 -0.38269603
l 713 714
v 9.1660032 1.6142507 -0.39938784
v 9.1017675 1.6391734 -0.38687509
l 715 716
v 9.1950016 1.6027914 -0.40527257
v 9.188756 1.605267 -0.40399644
l 717 718
v 9.188756 1.605267 -0.40399644
v 9.1660032 1.6142507 -0.39938784
l 719 720
v 9.23559 1.586037 -0.41362262
v 9.1950016 1.6027914 -0.40527257
l 721 722
v 9.1965313 -1.6010338 -0.40568274
v 9.2357311 -1.5849112 -0.4137421
l 723 724
v 9.1885204 -1.6042188 -0.40404493
v 9.1965313 -1.6010338 -0.40568274
l 725 726
v 9.1055937 -1.6366456 -0.38770834
v 9.1660042 -1.6131351 -0.39948204
l 727 728
v 9.1660042 -1.6131351 -0.39948204
v 9.1885204 -1.6042188 -0.40404493
l 729 730
v 9.0792074 -1.6447133 -0.38275144
v 9.1055937 -1.6366456 -0.38770834
l 731 732
v 9.0455561 -1.6549644 -0.37648746
v 9.0792074 -1.6447133 -0.38275144
l 733 734
v 9.0425158 -1.6558739 -0.37594712
v 9.0455561 -1.6549644 -0.37648746
l 735 736
v 9.0180645 -1.6627508 -0.3716377
v 9.0425158 -1.6558739 -0.37594712
l 737 738
v 9.3426323 1.5420173 -0.43612614
v 9.2916393 1.5631615 -0.4252117
l 739 740
v 9.2792597 1.5682747 -0.42258418
v 9.23559 1.586037 -0.41362262
l 741 742
v 9.2916393 1.5631615 -0.4252117
v 9.2792597 1.5682747 -0.42258418
l 743 744
v 9.3849897 1.5237224 -0.44525424
v 9.3426323 1.5420173 -0.43612614
l 745 746
v 9.4528198 1.4939232 -0.46042293
v 9.4291039 1.5043455 -0.45511553
l 747 748
v 9.3884735 1.522197 -0.44602743
v 9.3849897 1.5237224 -0.44525424
l 749 750
v 9.4291039 1.5043455 -0.45511553
v 9.3884735 1.522197 -0.44602743
l 751 752
v 9.4271173 -1.5043463 -0.45474553
v 9.4530678 -1.4930117 -0.460547
l 753 754
v 9.3448505 -1.5399691 -0.43669686
v 9.3849897 -1.5227371 -0.4453381
l 755 756
v 9.388299 -1.5212976 -0.44607154
v 9.4271173 -1.5043463 -0.45474553
l 757 758
v 9.3849897 -1.5227371 -0.4453381
v 9.388299 -1.5212976 -0.44607154
l 759 760
v 9.2914267 -1.5621494 -0.42525971
v 9.3448505 -1.5399691 -0.43669686
l 761 762
v 9.2792606 -1.5671811 -0.42267689
v 9.2914267 -1.5621494 -0.42525971
l 763 764
v 9.2357311 -1.5849112 -0.4137421
v 9.2792606 -1.5671811 -0.42267689
l 765 766
v 9.4875202 1.4788948 -0.46820605
v 9.4830351 1.4808632 -0.46717155
l 767 768
v 9.4788103 1.482694 -0.46622279
v 9.4528198 1.4939232 -0.46042293
l 769 770
v 9.4830351 1.4808632 -0.46717155
v 9.4788103 1.482694 -0.46622279
l 771 772
v 9.5513697 1.4497422 -0.4830313
v 9.4875202 1.4788948 -0.46820605
l 773 774
v 9.5624094 1.4432747 -0.48571688
v 9.5513697 1.4497422 -0.4830313
l 775 776
v 9.6239977 1.4067367 -0.50107813
v 9.5733929 1.4368199 -0.48840532
l 777 778
v 9.5733929 1.4368199 -0.48840532
v 9.5624094 1.4432747 -0.48571688
l 779 780
v 9.6386547 1.3979218 -0.5047574
v 9.6239977 1.4067367 -0.50107813
l 781 782
v 9.674264 1.3763304 -0.51384103
v 9.6561966 1.3873403 -0.50918686
l 783 784
v 9.6561966 1.3873403 -0.50918686
v 9.6386547 1.3979218 -0.5047574
l 785 786
v 9.6561966 -1.3886099 -0.50907737
v 9.6748037 -1.3773799 -0.5138613
l 787 788
v 9.6291246 -1.4047651 -0.50226945
v 9.6388292 -1.3989846 -0.5047009
l 789 790
v 9.6388292 -1.3989846 -0.5047009
v 9.6561966 -1.3886099 -0.50907737
l 791 792
v 9.5733929 -1.4376987 -0.48832968
v 9.6291246 -1.4047651 -0.50226945
l 793 794
v 9.5612688 -1.4447784 -0.4853678
v 9.5625458 -1.4440349 -0.48567805
l 795 796
v 9.5625458 -1.4440349 -0.48567805
v 9.5733929 -1.4376987 -0.48832968
l 797 798
v 9.4906578 -1.4767301 -0.46899739
v 9.5612688 -1.4447784 -0.4853678
l 799 800
v 9.4830351 -1.4800715 -0.4672395
v 9.4906578 -1.4767301 -0.46899739
l 801 802
v 9.4786673 -1.4819623 -0.46625879
v 9.4830351 -1.4800715 -0.4672395
l 803 804
v 9.4530678 -1.4930117 -0.460547
v 9.4786673 -1.4819623 -0.46625879
l 805 806
v 9.7544804 1.3272469 -0.53467429
v 9.731679 1.3413064 -0.52866358
l 807 808
v 9.70924 1.3550191 -0.52285039
v 9.674264 1.3763304 -0.51384103
l 809 810
v 9.731679 1.3413064 -0.52866358
v 9.70924 1.3550191 -0.52285039
l 811 812
v 9.774332 1.3149052 -0.53991604
v 9.7544804 1.3272469 -0.53467429
l 813 814
v 9.8572531 1.2628828 -0.56219786
v 9.8340797 1.2774864 -0.5559172
l 815 816
v 9.8001595 1.2988018 -0.54677385
v 9.774332 1.3149052 -0.53991604
l 817 818
v 9.8340797 1.2774864 -0.5559172
v 9.8001595 1.2988018 -0.54677385
l 819 820
v 9.8620205 1.2589929 -0.56356657
v 9.8572531 1.2628828 -0.56219786
l 821 822
v 9.8818474 1.2426986 -0.5693326
v 9.8620205 1.2589929 -0.56356657
l 823 824
v 9.8881273 1.2376665 -0.57114774
v 9.8818474 1.2426986 -0.5693326
l 825 826
v 9.9056082 1.2236177 -0.57622707
v 9.8881273 1.2376665 -0.57114774
l 827 828
v 9.8935137 -1.2399169 -0.57214147
v 9.9066238 -1.2292718 -0.57596034
l 829 830
v 9.8888083 -1.2438087 -0.57076466
v 9.8935137 -1.2399169 -0.57214147
l 831 832
v 9.8796091 -1.2513949 -0.56808728
v 9.8888083 -1.2438087 -0.57076466
l 833 834
v 9.7620859 -1.3243434 -0.53652495
v 9.7745724 -1.3166704 -0.53981417
l 835 836
v 9.7745724 -1.3166704 -0.53981417
v 9.8001595 -1.3009012 -0.54659206
l 837 838
v 9.8620195 -1.262427 -0.56326878
v 9.8796091 -1.2513949 -0.56808728
l 839 840
v 9.8001595 -1.3009012 -0.54659206
v 9.8343477 -1.2796646 -0.55578643
l 841 842
v 9.8343477 -1.2796646 -0.55578643
v 9.8620195 -1.262427 -0.56326878
l 843 844
v 9.731678 -1.3429502 -0.52852154
v 9.7620859 -1.3243434 -0.53652495
l 845 846
v 9.7094517 -1.3564296 -0.52277225
v 9.731678 -1.3429502 -0.52852154
l 847 848
v 9.6748037 -1.3773799 -0.5138613
v 9.7094517 -1.3564296 -0.52277225
l 849 850
v 10.002319 1.1440638 -0.60491586
v 9.9817181 1.1611326 -0.59872544
l 851 852
v 9.9817181 1.1611326 -0.59872544
v 9.9675951 1.172801 -0.59450299
l 853 854
v 9.9176836 1.2137804 -0.57974726
v 9.9056082 1.2236177 -0.57622707
l 855 856
v 9.9675951 1.172801 -0.59450299
v 9.9371338 1.197839 -0.58547932
l 857 858
v 9.9371338 1.197839 -0.58547932
v 9.9176836 1.2137804 -0.57974726
l 859 860
v 10.012208 1.1361154 -0.60786617
v 10.002319 1.1440638 -0.60491586
l 861 862
v 10.095235 1.068682 -0.63309616
v 10.091666 1.071607 -0.63199437
l 863 864
v 10.022178 1.1280674 -0.61086351
v 10.012208 1.1361154 -0.60786617
l 865 866
v 10.051974 1.1039443 -0.61986709
v 10.022178 1.1280674 -0.61086351
l 867 868
v 10.091666 1.071607 -0.63199437
v 10.087331 1.07515 -0.6306625
l 869 870
v 10.058751 1.0984378 -0.62192804
v 10.051974 1.1039443 -0.61986709
l 871 872
v 10.087331 1.07515 -0.6306625
v 10.058751 1.0984378 -0.62192804
l 873 874
v 10.118697 1.0422765 -0.64096564
v 10.095235 1.068682 -0.63309616
l 875 876
v 10.11971 1.0411348 -0.64130646
v 10.118697 1.0422765 -0.64096564
l 877 878
v 10.120787 1.0399983 -0.64166236
v 10.11971 1.0411348 -0.64130646
l 879 880
v 10.153747 1.0050908 -0.65262115
v 10.146961 1.0123047 -0.65035123
l 881 882
v 10.146469 1.0128263 -0.65018737
v 10.120787 1.0399983 -0.64166236
l 883 884
v 10.146961 1.0123047 -0.65035123
v 10.146469 1.0128263 -0.65018737
l 885 886
v 10.147471 -1.0227439 -0.64956176
v 10.155074 -1.0143141 -0.65213543
l 887 888
v 10.137139 -1.0341477 -0.64608991
v 10.146468 -1.0238527 -0.64922386
l 889 890
v 10.146468 -1.0238527 -0.64922386
v 10.147471 -1.0227439 -0.64956176
l 891 892
v 10.124195 -1.0491941 -0.64167523
v 10.137139 -1.0341477 -0.64608991
l 893 894
v 10.016084 -1.1385045 -0.60855097
v 10.022583 -1.1331831 -0.61051154
l 895 896
v 10.022583 -1.1331831 -0.61051154
v 10.051974 -1.1090497 -0.61942214
l 897 898
v 10.121424 -1.0515101 -0.64080906
v 10.124195 -1.0491941 -0.64167523
l 899 900
v 10.118697 -1.053782 -0.63996106
v 10.121424 -1.0515101 -0.64080906
l 901 902
v 10.051974 -1.1090497 -0.61942214
v 10.059086 -1.1031888 -0.62159204
l 903 904
v 10.059086 -1.1031888 -0.62159204
v 10.087331 -1.0798452 -0.6302529
l 905 906
v 10.091942 -1.0760226 -0.63167423
v 10.118697 -1.053782 -0.63996106
l 907 908
v 10.087331 -1.0798452 -0.6302529
v 10.091942 -1.0760226 -0.63167423
l 909 910
v 10.012208 -1.1417521 -0.60737538
v 10.016084 -1.1385045 -0.60855097
l 911 912
v 9.9066238 -1.2292718 -0.57596034
v 9.9176826 -1.2202005 -0.57918972
l 913 914
v 9.9822197 -1.1667727 -0.59834886
v 10.012208 -1.1417521 -0.60737538
l 915 916
v 9.9675951 -1.1789397 -0.59396917
v 9.9822197 -1.1667727 -0.59834886
l 917 918
v 9.9176826 -1.2202005 -0.57918972
v 9.9377136 -1.2036709 -0.5851025
l 919 920
v 9.9377136 -1.2036709 -0.5851025
v 9.9675951 -1.1789397 -0.59396917
l 921 922
v 10.156365 1.002244 -0.65350276
v 10.153747 1.0050908 -0.65262115
l 923 924
v 10.170276 0.98712325 -0.65818483
v 10.156365 1.002244 -0.65350276
l 925 926
v 10.171016 0.98631746 -0.65843463
v 10.170276 0.98712325 -0.65818483
l 927 928
v 10.192677 0.96266973 -0.66577727
v 10.191046 0.96445423 -0.66522259
l 929 930
v 10.191046 0.96445423 -0.66522259
v 10.171016 0.98631746 -0.65843463
l 931 932
v 10.155074 -1.0143141 -0.65213543
v 10.165789 -1.0022417 -0.6557793
l 933 934
v 10.165789 -1.0022417 -0.6557793
v 10.170743 -0.99666059 -0.65746391
l 935 936
v 10.170743 -0.99666059 -0.65746391
v 10.171016 -0.99635231 -0.65755707
l 937 938
v 10.171016 -0.99635231 -0.65755707
v 10.191426 -0.9732604 -0.66454506
l 939 940
v 10.191426 -0.9732604 -0.66454506
v 10.192677 -0.97184181 -0.66497487
l 941 942
v 20.908863 -0.10976759 2.5235515
v 20.893751 -0.10660678 2.5246277
l 943 944
v 21.000114 -0.1247144 2.5177455
v 20.968969 -0.12029915 2.5196123
l 945 946
v 20.913269 -0.11068891 2.5232377
v 20.908863 -0.10976759 2.5235515
l 947 948
v 20.968969 -0.12029915 2.5196123
v 20.963799 -0.11940697 2.519949
l 949 950
v 20.963799 -0.11940697 2.519949
v 20.913269 -0.11068891 2.5232377
l 951 952
v 20.893751 -0.10660678 2.5246277
v 20.864275 -0.10041995 2.5268509
l 953 954
v 20.821533 -0.089504063 2.5304189
v 20.864275 -0.10041995 2.5268509
l 955 956
v 20.748949 -0.064363092 2.5351117
v 20.735788 -0.057844162 2.5359669
l 957 958
v 20.80686 -0.084893748 2.5317965
v 20.78389 -0.077910013 2.5330477
l 959 960
v 20.78389 -0.077910013 2.5330477
v 20.781124 -0.07685864 2.5332098
l 961 962
v 20.751205 -0.065481015 2.534965
v 20.748949 -0.064363092 2.5351117
l 963 964
v 20.781124 -0.07685864 2.5332098
v 20.751205 -0.065481015 2.534965
l 965 966
v 20.735788 -0.057844162 2.5359669
v 20.723854 -0.051920298 2.536773
l 967 968
v 20.687616 -0.019165859 2.5400827
v 20.687248 -0.017620308 2.5401871
l 969 970
v 20.701017 -0.035296377 2.538624
v 20.687616 -0.019165859 2.5400827
l 971 972
v 20.723854 -0.051920298 2.536773
v 20.722099 -0.050687995 2.5369124
l 973 974
v 20.702188 -0.036705554 2.5384965
v 20.701017 -0.035296377 2.538624
l 975 976
v 20.722099 -0.050687995 2.5369124
v 20.702188 -0.036705554 2.5384965
l 977 978
v 20.723854 0.051920298 2.536773
v 20.735788 0.057844162 2.5359669
l 979 980
v 20.702188 0.036705554 2.5384965
v 20.722099 0.050687995 2.5369124
l 981 982
v 20.722099 0.050687995 2.5369124
v 20.723854 0.051920298 2.536773
l 983 984
v 20.702188 0.036705554 2.5384965
v 20.687616 0.019165859 2.5400827
l 985 986
v 20.687248 0.017620308 2.5401871
v 20.687616 0.019165859 2.5400827
l 987 988
v 20.683043 9.3873646e-19 2.5413785
v 20.687248 0.017620308 2.5401871
l 989 990
v 20.735788 0.057844162 2.5359669
v 20.748949 0.064363092 2.5351117
l 991 992
v 20.748949 0.064363092 2.5351117
v 20.751205 0.065481015 2.534965
l 993 994
v 20.78389 0.077910013 2.5330477
v 20.80686 0.084893748 2.5317965
l 995 996
v 20.751205 0.065481015 2.534965
v 20.781124 0.07685864 2.5332098
l 997 998
v 20.781124 0.07685864 2.5332098
v 20.78389 0.077910013 2.5330477
l 999 1000
v 20.80686 0.084893748 2.5317965
v 20.818333 0.088498786 2.5307193
l 1001 1002
v 20.818333 0.088498786 2.5307193
v 20.821533 0.089504063 2.5304189
l 1003 1004
v 20.864275 0.10041995 2.5268509
v 20.893751 0.10660678 2.5246277
l 1005 1006
v 20.821533 0.089504063 2.5304189
v 20.860525 0.099462323 2.527164
l 1007 1008
v 20.860525 0.099462323 2.527164
v 20.864275 0.10041995 2.5268509
l 1009 1010
v 20.968969 0.12029915 2.5196123
v 21.000114 0.1247144 2.5177455
l 1011 1012
v 20.913269 0.11068891 2.5232377
v 20.893751 0.10660678 2.5246277
l 1013 1014
v 20.968969 0.12029915 2.5196123
v 20.913269 0.11068891 2.5232377
l 1015 1016
v 21.171963 -0.14359905 2.5095251
v 21.161438 -0.14263991 2.5099907
l 1017 1018
v 21.592371 -0.16094206 2.4944024
v 21.572113 -0.16084927 2.4950078
l 1019 1020
v 21.180557 -0.14438218 2.5091448
v 21.171963 -0.14359905 2.5095251
l 1021 1022
v 21.256538 -0.14972316 2.5060456
v 21.180557 -0.14438218 2.5091448
l 1023 1024
v 21.572113 -0.16084927 2.4950078
v 21.555716 -0.16054051 2.4955368
l 1025 1026
v 21.360802 -0.15528578 2.5020857
v 21.462719 -0.15878941 2.4985359
l 1027 1028
v 21.555716 -0.16054051 2.4955368
v 21.462719 -0.15878941 2.4985359
l 1029 1030
v 21.266705 -0.15043771 2.505631
v 21.256538 -0.14972316 2.5060456
l 1031 1032
v 21.348814 -0.15466821 2.5025373
v 21.266705 -0.15043771 2.505631
l 1033 1034
v 21.360802 -0.15528578 2.5020857
v 21.348814 -0.15466821 2.5025373
l 1035 1036
v 21.025734 -0.1283237 2.516386
v 21.000114 -0.1247144 2.5177455
l 1037 1038
v 21.161438 -0.14263991 2.5099907
v 21.102343 -0.13725205 2.5126336
l 1039 1040
v 21.102343 -0.13725205 2.5126336
v 21.095087 -0.13642192 2.5129864
l 1041 1042
v 21.03186 -0.12918663 2.5160611
v 21.025734 -0.1283237 2.516386
l 1043 1044
v 21.095087 -0.13642192 2.5129864
v 21.03186 -0.12918663 2.5160611
l 1045 1046
v 21.000114 0.1247144 2.5177455
v 21.025734 0.1283237 2.516386
l 1047 1048
v 21.025734 0.1283237 2.516386
v 21.03186 0.12918663 2.5160611
l 1049 1050
v 21.102343 0.13725205 2.5126336
v 21.161438 0.14263991 2.5099907
l 1051 1052
v 21.03186 0.12918663 2.5160611
v 21.095087 0.13642192 2.5129864
l 1053 1054
v 21.095087 0.13642192 2.5129864
v 21.102343 0.13725205 2.5126336
l 1055 1056
v 21.572113 0.16084927 2.4950078
v 21.592371 0.16094206 2.4944024
l 1057 1058
v 21.161438 0.14263991 2.5099907
v 21.171963 0.14359905 2.5095251
l 1059 1060
v 21.171963 0.14359905 2.5095251
v 21.180557 0.14438218 2.5091448
l 1061 1062
v 21.572113 0.16084927 2.4950078
v 21.462719 0.15878941 2.4985359
l 1063 1064
v 21.448652 0.15830585 2.4990258
v 21.462719 0.15878941 2.4985359
l 1065 1066
v 21.360802 0.15528578 2.5020857
v 21.448652 0.15830585 2.4990258
l 1067 1068
v 21.889261 0.70371014 1.8196193
v 21.879362 0.70314276 1.8061647
l 1069 1070
v 21.905096 0.69757658 1.7579776
v 21.941141 0.69437873 1.7423958
l 1071 1072
v 21.891897 0.69874752 1.7636836
v 21.905096 0.69757658 1.7579776
l 1073 1074
v 21.870001 0.70248783 1.7934426
v 21.875608 0.70152986 1.7858207
l 1075 1076
v 21.875608 0.70152986 1.7858207
v 21.891897 0.69874752 1.7636836
l 1077 1078
v 22.315336 0.66432792 1.6964844
v 22.353638 0.66202575 1.695441
l 1079 1080
v 21.941141 0.69437873 1.7423958
v 21.942579 0.69416898 1.741774
l 1081 1082
v 21.962769 0.69204807 1.7369363
v 22.018351 0.68620896 1.7236179
l 1083 1084
v 21.942579 0.69416898 1.741774
v 21.962769 0.69204807 1.7369363
l 1085 1086
v 22.263519 0.66744238 1.697896
v 22.315336 0.66432792 1.6964844
l 1087 1088
v 22.163752 0.67448419 1.7055519
v 22.263519 0.66744238 1.697896
l 1089 1090
v 22.018351 0.68620896 1.7236179
v 22.047419 0.68375438 1.7194841
l 1091 1092
v 22.123869 0.6772992 1.7086123
v 22.163752 0.67448419 1.7055519
l 1093 1094
v 22.047419 0.68375438 1.7194841
v 22.123869 0.6772992 1.7086123
l 1095 1096
v 21.942579 -0.69416898 1.741774
v 21.941141 -0.69437873 1.7423958
l 1097 1098
v 22.353638 -0.66202575 1.695441
v 22.315336 -0.66432792 1.6964844
l 1099 1100
v 22.163752 -0.67448419 1.7055519
v 22.123869 -0.6772992 1.7086123
l 1101 1102
v 22.263519 -0.66744238 1.697896
v 22.163752 -0.67448419 1.7055519
l 1103 1104
v 22.315336 -0.66432792 1.6964844
v 22.263519 -0.66744238 1.697896
l 1105 1106
v 21.962769 -0.69204807 1.7369363
v 21.942579 -0.69416898 1.741774
l 1107 1108
v 22.018351 -0.68620896 1.7236179
v 21.962769 -0.69204807 1.7369363
l 1109 1110
v 22.047419 -0.68375438 1.7194841
v 22.018351 -0.68620896 1.7236179
l 1111 1112
v 22.123869 -0.6772992 1.7086123
v 22.047419 -0.68375438 1.7194841
l 1113 1114
v 21.941141 -0.69437873 1.7423958
v 21.905096 -0.69757658 1.7579776
l 1115 1116
v 21.905096 -0.69757658 1.7579776
v 21.891897 -0.69874752 1.7636836
l 1117 1118
v 21.875576 -0.70287794 1.8010201
v 21.879362 -0.70314276 1.8061647
l 1119 1120
v 21.870001 -0.70248783 1.7934426
v 21.875576 -0.70287794 1.8010201
l 1121 1122
v 21.891897 -0.69874752 1.7636836
v 21.875608 -0.70152986 1.7858207
l 1123 1124
v 21.875608 -0.70152986 1.7858207
v 21.870001 -0.70248783 1.7934426
l 1125 1126
v 21.879362 -0.70314276 1.8061647
v 21.889261 -0.70371014 1.8196193
l 1127 1128
v 21.904816 -0.70250487 1.828782
v 21.933105 -0.70053351 1.8410108
l 1129 1130
v 21.889261 -0.70371014 1.8196193
v 21.891893 -0.70340538 1.8231956
l 1131 1132
v 21.891893 -0.70340538 1.8231956
v 21.904816 -0.70250487 1.828782
l 1133 1134
v 22.312086 -0.67982668 1.890255
v 22.358606 -0.67752266 1.8915205
l 1135 1136
v 22.221304 -0.68442607 1.8857093
v 22.263262 -0.68224466 1.8889269
l 1137 1138
v 22.263262 -0.68224466 1.8889269
v 22.312086 -0.67982668 1.890255
l 1139 1140
v 22.01829 -0.69535881 1.8632392
v 21.94256 -0.69988477 1.8450983
l 1141 1142
v 21.94256 -0.69988477 1.8450983
v 21.962189 -0.69871169 1.8498002
l 1143 1144
v 21.962189 -0.69871169 1.8498002
v 22.01829 -0.69535881 1.8632392
l 1145 1146
v 21.933105 -0.70053351 1.8410108
v 21.94256 -0.69988477 1.8450983
l 1147 1148
v 22.046183 -0.69381648 1.867204
v 22.123732 -0.68952835 1.8782271
l 1149 1150
v 22.01829 -0.69535881 1.8632392
v 22.046183 -0.69381648 1.867204
l 1151 1152
v 21.907589 -0.15844463 2.4836061
v 21.809864 -0.16039859 2.4866283
l 1153 1154
v 21.669184 -0.16131125 2.4915118
v 21.604988 -0.16100223 2.4939439
l 1155 1156
v 21.687925 -0.16140147 2.490802
v 21.669184 -0.16131125 2.4915118
l 1157 1158
v 21.809864 -0.16039859 2.4866283
v 21.78854 -0.16057396 2.4873581
l 1159 1160
v 21.78854 -0.16057396 2.4873581
v 21.687925 -0.16140147 2.490802
l 1161 1162
v 21.604988 -0.16100223 2.4939439
v 21.593641 -0.16094811 2.4943564
l 1163 1164
v 21.907589 -0.15844463 2.4836061
v 21.937019 -0.15785667 2.4826572
l 1165 1166
v 22.237017 -0.14675771 2.4738367
v 22.201626 -0.14847943 2.4748085
l 1167 1168
v 22.201626 -0.14847943 2.4748085
v 22.172338 -0.14965549 2.4756541
l 1169 1170
v 21.937019 -0.15785667 2.4826572
v 22.068029 -0.15384397 2.4786661
l 1171 1172
v 22.172338 -0.14965549 2.4756541
v 22.068029 -0.15384397 2.4786661
l 1173 1174
v 21.593641 -0.16094811 2.4943564
v 21.592371 -0.16094206 2.4944024
l 1175 1176
v 21.592371 0.16094206 2.4944024
v 21.593641 0.16094811 2.4943564
l 1177 1178
v 22.201626 0.14847943 2.4748085
v 22.237017 0.14675771 2.4738367
l 1179 1180
v 21.907589 0.15844463 2.4836061
v 21.913004 0.15833646 2.4834316
l 1181 1182
v 22.068029 0.15384397 2.4786661
v 21.937019 0.15785667 2.4826572
l 1183 1184
v 21.913004 0.15833646 2.4834316
v 21.937019 0.15785667 2.4826572
l 1185 1186
v 22.172338 0.14965549 2.4756541
v 22.201626 0.14847943 2.4748085
l 1187 1188
v 22.068029 0.15384397 2.4786661
v 22.172338 0.14965549 2.4756541
l 1189 1190
v 21.593641 0.16094811 2.4943564
v 21.604988 0.16100223 2.4939439
l 1191 1192
v 21.604988 0.16100223 2.4939439
v 21.669184 0.16131125 2.4915118
l 1193 1194
v 21.809864 0.16039859 2.4866283
v 21.907589 0.15844463 2.4836061
l 1195 1196
v 21.669184 0.16131125 2.4915118
v 21.687925 0.16140147 2.490802
l 1197 1198
v 21.78854 0.16057396 2.4873581
v 21.809864 0.16039859 2.4866283
l 1199 1200
v 21.687925 0.16140147 2.490802
v 21.78854 0.16057396 2.4873581
l 1201 1202
v 22.046183 0.69381648 1.867204
v 22.01829 0.69535881 1.8632392
l 1203 1204
v 22.123732 0.68952835 1.8782271
v 22.046183 0.69381648 1.867204
l 1205 1206
v 21.94256 0.69988477 1.8450983
v 22.01829 0.69535881 1.8632392
l 1207 1208
v 21.962189 0.69871169 1.8498002
v 21.94256 0.69988477 1.8450983
l 1209 1210
v 22.01829 0.69535881 1.8632392
v 21.962189 0.69871169 1.8498002
l 1211 1212
v 21.94256 0.69988477 1.8450983
v 21.933105 0.70053351 1.8410108
l 1213 1214
v 21.933105 0.70053351 1.8410108
v 21.904816 0.70250487 1.828782
l 1215 1216
v 21.891893 0.70340538 1.8231956
v 21.889261 0.70371014 1.8196193
l 1217 1218
v 21.904816 0.70250487 1.828782
v 21.891893 0.70340538 1.8231956
l 1219 1220
v 22.263262 0.68224466 1.8889269
v 22.221304 0.68442607 1.8857093
l 1221 1222
v 22.358606 0.67752266 1.8915205
v 22.312086 0.67982668 1.890255
l 1223 1224
v 22.312086 0.67982668 1.890255
v 22.263262 0.68224466 1.8889269
l 1225 1226
v 22.501945 0.65061486 1.6938413
v 22.639839 0.64065039 1.6953806
l 1227 1228
v 22.353638 0.66202575 1.695441
v 22.438231 0.65521914 1.6931301
l 1229 1230
v 22.438231 0.65521914 1.6931301
v 22.501945 0.65061486 1.6938413
l 1231 1232
v 22.715483 0.63561022 1.6983591
v 22.837164 0.62754655 1.7032877
l 1233 1234
v 22.642746 0.64043039 1.695413
v 22.715483 0.63561022 1.6983591
l 1235 1236
v 22.639839 0.64065039 1.6953806
v 22.642746 0.64043039 1.695413
l 1237 1238
v 22.642746 -0.64043039 1.695413
v 22.639839 -0.64065039 1.6953806
l 1239 1240
v 22.642746 -0.64043039 1.695413
v 22.837164 -0.62754655 1.7032877
l 1241 1242
v 22.438231 -0.65521914 1.6931301
v 22.353638 -0.66202575 1.695441
l 1243 1244
v 22.639839 -0.64065039 1.6953806
v 22.501945 -0.65061486 1.6938413
l 1245 1246
v 22.501945 -0.65061486 1.6938413
v 22.438231 -0.65521914 1.6931301
l 1247 1248
v 22.710896 -0.65212172 1.8886193
v 22.839243 -0.64323777 1.883423
l 1249 1250
v 22.696068 -0.65314811 1.8892196
v 22.710896 -0.65212172 1.8886193
l 1251 1252
v 22.642183 -0.65694886 1.8914009
v 22.696068 -0.65314811 1.8892196
l 1253 1254
v 22.437819 -0.67166531 1.8936824
v 22.497763 -0.66734856 1.8930131
l 1255 1256
v 22.497763 -0.66734856 1.8930131
v 22.642183 -0.65694886 1.8914009
l 1257 1258
v 22.358606 -0.67752266 1.8915205
v 22.437819 -0.67166531 1.8936824
l 1259 1260
v 22.335201 -0.14197136 2.4691305
v 22.332325 -0.14211161 2.4692688
l 1261 1262
v 22.798962 -0.11201981 2.4480491
v 22.761381 -0.11481517 2.4496958
l 1263 1264
v 22.366947 -0.14018184 2.4676437
v 22.335201 -0.14197136 2.4691305
l 1265 1266
v 22.599262 -0.12620047 2.4569123
v 22.501009 -0.13240241 2.4614024
l 1267 1268
v 22.501009 -0.13240241 2.4614024
v 22.46809 -0.13448039 2.4629071
l 1269 1270
v 22.46809 -0.13448039 2.4629071
v 22.366947 -0.14018184 2.4676437
l 1271 1272
v 22.761381 -0.11481517 2.4496958
v 22.727335 -0.11734748 2.4511876
l 1273 1274
v 22.304186 -0.14348337 2.4706175
v 22.237017 -0.14675771 2.4738367
l 1275 1276
v 22.332325 -0.14211161 2.4692688
v 22.304186 -0.14348337 2.4706175
l 1277 1278
v 22.304186 0.14348337 2.4706175
v 22.332325 0.14211161 2.4692688
l 1279 1280
v 22.237017 0.14675771 2.4738367
v 22.304186 0.14348337 2.4706175
l 1281 1282
v 22.761381 0.11481517 2.4496958
v 22.798962 0.11201981 2.4480491
l 1283 1284
v 22.332325 0.14211161 2.4692688
v 22.335201 0.14197136 2.4691305
l 1285 1286
v 22.727335 0.11734748 2.4511876
v 22.761381 0.11481517 2.4496958
l 1287 1288
v 22.632961 0.12387108 2.455406
v 22.727335 0.11734748 2.4511876
l 1289 1290
v 22.46809 0.13448039 2.4629071
v 22.501009 0.13240241 2.4614024
l 1291 1292
v 22.501009 0.13240241 2.4614024
v 22.599262 0.12620047 2.4569123
l 1293 1294
v 22.599262 0.12620047 2.4569123
v 22.632961 0.12387108 2.455406
l 1295 1296
v 22.696068 0.65314811 1.8892196
v 22.642183 0.65694886 1.8914009
l 1297 1298
v 22.497763 0.66734856 1.8930131
v 22.437819 0.67166531 1.8936824
l 1299 1300
v 22.642183 0.65694886 1.8914009
v 22.497763 0.66734856 1.8930131
l 1301 1302
v 22.437819 0.67166531 1.8936824
v 22.358606 0.67752266 1.8915205
l 1303 1304
v 22.710896 0.65212172 1.8886193
v 22.696068 0.65314811 1.8892196
l 1305 1306
v 22.839243 0.64323777 1.883423
v 22.710896 0.65212172 1.8886193
l 1307 1308
v 23.123308 0.59398872 1.7208896
v 23.139345 0.59212291 1.7221245
l 1309 1310
v 22.914545 0.6184116 1.7074676
v 23.007347 0.60750681 1.7131871
l 1311 1312
v 23.087183 0.5981257 1.7181075
v 23.123308 0.59398872 1.7208896
l 1313 1314
v 23.007347 0.60750681 1.7131871
v 23.087183 0.5981257 1.7181075
l 1315 1316
v 22.864664 0.6241827 1.7043927
v 22.914545 0.6184116 1.7074676
l 1317 1318
v 22.840025 0.62720072 1.7034026
v 22.864664 0.6241827 1.7043927
l 1319 1320
v 22.837164 0.62754655 1.7032877
v 22.840025 0.62720072 1.7034026
l 1321 1322
v 22.840025 -0.62720072 1.7034026
v 22.837164 -0.62754655 1.7032877
l 1323 1324
v 22.864664 -0.6241827 1.7043927
v 22.840025 -0.62720072 1.7034026
l 1325 1326
v 22.914545 -0.6184116 1.7074676
v 22.864664 -0.6241827 1.7043927
l 1327 1328
v 23.123308 -0.59398872 1.7208896
v 23.087183 -0.5981257 1.7181075
l 1329 1330
v 23.007347 -0.60750681 1.7131871
v 22.914545 -0.6184116 1.7074676
l 1331 1332
v 23.087183 -0.5981257 1.7181075
v 23.007347 -0.60750681 1.7131871
l 1333 1334
v 23.139345 -0.59212291 1.7221245
v 23.123308 -0.59398872 1.7208896
l 1335 1336
v 23.086397 -0.61279535 1.8687292
v 23.139345 -0.60637319 1.8646541
l 1337 1338
v 22.97654 -0.62622464 1.8754965
v 23.010122 -0.62211943 1.8734277
l 1339 1340
v 23.010122 -0.62211943 1.8734277
v 23.086397 -0.61279535 1.8687292
l 1341 1342
v 22.863964 -0.64014959 1.8824298
v 22.97654 -0.62622464 1.8754965
l 1343 1344
v 22.839243 -0.64323777 1.883423
v 22.863964 -0.64014959 1.8824298
l 1345 1346
v 23.07267 -0.089740962 2.4168313
v 23.047056 -0.091915801 2.4197302
l 1347 1348
v 23.07267 -0.089740962 2.4168313
v 23.139345 -0.083821006 2.4093273
l 1349 1350
v 22.849323 -0.1082072 2.442256
v 22.798962 -0.11201981 2.4480491
l 1351 1352
v 23.047056 -0.091915801 2.4197302
v 22.9937 -0.096446566 2.4257863
l 1353 1354
v 22.9937 -0.096446566 2.4257863
v 22.963903 -0.098976873 2.4291682
l 1355 1356
v 22.798962 0.11201981 2.4480491
v 22.849323 0.1082072 2.442256
l 1357 1358
v 22.849323 0.1082072 2.442256
v 22.881008 0.10565478 2.4386368
l 1359 1360
v 22.9937 0.096446566 2.4257863
v 23.047056 0.091915801 2.4197302
l 1361 1362
v 22.881008 0.10565478 2.4386368
v 22.963903 0.098976873 2.4291682
l 1363 1364
v 22.963903 0.098976873 2.4291682
v 22.9937 0.096446566 2.4257863
l 1365 1366
v 23.139345 0.083821006 2.4093273
v 23.07267 0.089740962 2.4168313
l 1367 1368
v 23.047056 0.091915801 2.4197302
v 23.07267 0.089740962 2.4168313
l 1369 1370
v 22.97654 0.62622464 1.8754965
v 22.863964 0.64014959 1.8824298
l 1371 1372
v 22.863964 0.64014959 1.8824298
v 22.839243 0.64323777 1.883423
l 1373 1374
v 23.010122 0.62211943 1.8734277
v 22.97654 0.62622464 1.8754965
l 1375 1376
v 23.139345 0.60637319 1.8646541
v 23.086397 0.61279535 1.8687292
l 1377 1378
v 23.086397 0.61279535 1.8687292
v 23.010122 0.62211943 1.8734277
l 1379 1380
v 23.202896 0.57433486 1.7269403
v 23.208099 0.57284117 1.7273344
l 1381 1382
v 23.139345 0.59212291 1.7221245
v 23.202896 0.57433486 1.7269403
l 1383 1384
v 23.202896 -0.57433486 1.7269403
v 23.139345 -0.59212291 1.7221245
l 1385 1386
v 23.208099 -0.57284117 1.7273344
v 23.202896 -0.57433486 1.7269403
l 1387 1388
v 23.155766 -0.60159343 1.8634112
v 23.207964 -0.58625329 1.8594613
l 1389 1390
v 23.139345 -0.60637319 1.8646541
v 23.155766 -0.60159343 1.8634112
l 1391 1392
v 23.210051 -0.077369913 2.399395
v 23.201021 -0.078210779 2.4007094
l 1393 1394
v 23.174551 -0.080671526 2.4043994
v 23.139345 -0.083821006 2.4093273
l 1395 1396
v 23.201021 -0.078210779 2.4007094
v 23.199718 -0.078331932 2.4008911
l 1397 1398
v 23.199718 -0.078331932 2.4008911
v 23.174551 -0.080671526 2.4043994
l 1399 1400
v 23.139345 0.083821006 2.4093273
v 23.174551 0.080671526 2.4043994
l 1401 1402
v 23.199718 0.078331932 2.4008911
v 23.201021 0.078210779 2.4007094
l 1403 1404
v 23.174551 0.080671526 2.4043994
v 23.199718 0.078331932 2.4008911
l 1405 1406
v 23.201021 0.078210779 2.4007094
v 23.210051 0.077369913 2.399395
l 1407 1408
v 23.155766 0.60159343 1.8634112
v 23.139345 0.60637319 1.8646541
l 1409 1410
v 23.207964 0.58625329 1.8594613
v 23.155766 0.60159343 1.8634112
l 1411 1412
v 23.270113 0.55473763 1.732028
v 23.275291 0.55319893 1.7324196
l 1413 1414
v 23.208099 0.57284117 1.7273344
v 23.211672 0.57179862 1.7276046
l 1415 1416
v 23.211672 0.57179862 1.7276046
v 23.270113 0.55473763 1.732028
l 1417 1418
v 23.211672 -0.57179862 1.7276046
v 23.208099 -0.57284117 1.7273344
l 1419 1420
v 23.270113 -0.55473763 1.732028
v 23.211672 -0.57179862 1.7276046
l 1421 1422
v 23.275291 -0.55319893 1.7324196
v 23.270113 -0.55473763 1.732028
l 1423 1424
v 23.218908 -0.58298367 1.8586335
v 23.275042 -0.56609553 1.8543886
l 1425 1426
v 23.21373 -0.58453041 1.8590251
v 23.218908 -0.58298367 1.8586335
l 1427 1428
v 23.207964 -0.58625329 1.8594613
v 23.21373 -0.58453041 1.8590251
l 1429 1430
v 23.278822 -0.070881292 2.3874815
v 23.275028 -0.071249977 2.3881531
l 1431 1432
v 23.268059 -0.071926668 2.3893554
v 23.210051 -0.077369913 2.399395
l 1433 1434
v 23.275028 -0.071249977 2.3881531
v 23.268059 -0.071926668 2.3893554
l 1435 1436
v 23.268059 0.071926668 2.3893554
v 23.275028 0.071249977 2.3881531
l 1437 1438
v 23.210051 0.077369913 2.399395
v 23.268059 0.071926668 2.3893554
l 1439 1440
v 23.275028 0.071249977 2.3881531
v 23.278822 0.070881292 2.3874815
l 1441 1442
v 23.218908 0.58298367 1.8586335
v 23.21373 0.58453041 1.8590251
l 1443 1444
v 23.21373 0.58453041 1.8590251
v 23.207964 0.58625329 1.8594613
l 1445 1446
v 23.275042 0.56609553 1.8543886
v 23.218908 0.58298367 1.8586335
l 1447 1448
v 23.340897 0.54548347 1.8488903
v 23.323278 0.55115151 1.8504144
l 1449 1450
v 23.336359 0.5346368 1.7375017
v 23.341232 0.53313929 1.737924
l 1451 1452
v 23.294283 0.54740059 1.7338552
v 23.336359 0.5346368 1.7375017
l 1453 1454
v 23.275291 0.55319893 1.7324196
v 23.294283 0.54740059 1.7338552
l 1455 1456
v 23.294283 -0.54740059 1.7338552
v 23.275291 -0.55319893 1.7324196
l 1457 1458
v 23.336359 -0.5346368 1.7375017
v 23.294283 -0.54740059 1.7338552
l 1459 1460
v 23.341232 -0.53313929 1.737924
v 23.336359 -0.5346368 1.7375017
l 1461 1462
v 23.323278 -0.55115151 1.8504144
v 23.340897 -0.54548347 1.8488903
l 1463 1464
v 23.293472 -0.56038344 1.8529961
v 23.323278 -0.55115151 1.8504144
l 1465 1466
v 23.280052 -0.56454849 1.85401
v 23.293472 -0.56038344 1.8529961
l 1467 1468
v 23.275042 -0.56609553 1.8543886
v 23.280052 -0.56454849 1.85401
l 1469 1470
v 23.289948 -0.06979163 2.3852124
v 23.278822 -0.070881292 2.3874815
l 1471 1472
v 23.329773 -0.065891162 2.3770905
v 23.289948 -0.06979163 2.3852124
l 1473 1474
v 23.346035 -0.064295016 2.3736477
v 23.329773 -0.065891162 2.3770905
l 1475 1476
v 23.329773 0.065891162 2.3770905
v 23.346035 0.064295016 2.3736477
l 1477 1478
v 23.289948 0.06979163 2.3852124
v 23.329773 0.065891162 2.3770905
l 1479 1480
v 23.278822 0.070881292 2.3874815
v 23.289948 0.06979163 2.3852124
l 1481 1482
v 23.280052 0.56454849 1.85401
v 23.275042 0.56609553 1.8543886
l 1483 1484
v 23.293472 0.56038344 1.8529961
v 23.280052 0.56454849 1.85401
l 1485 1486
v 23.323278 0.55115151 1.8504144
v 23.293472 0.56038344 1.8529961
l 1487 1488
v 23.405935 0.52376032 1.8432699
v 23.39267 0.52819163 1.8444163
l 1489 1490
v 23.39267 0.52819163 1.8444163
v 23.343384 0.54465461 1.8486753
l 1491 1492
v 23.343384 0.54465461 1.8486753
v 23.340897 0.54548347 1.8488903
l 1493 1494
v 23.402159 0.51373827 1.7431966
v 23.406322 0.51240116 1.7435569
l 1495 1496
v 23.391331 0.51718587 1.7422596
v 23.402159 0.51373827 1.7431966
l 1497 1498
v 23.341232 0.53313929 1.737924
v 23.391331 0.51718587 1.7422596
l 1499 1500
v 23.391331 -0.51718587 1.7422596
v 23.341232 -0.53313929 1.737924
l 1501 1502
v 23.402159 -0.51373827 1.7431966
v 23.391331 -0.51718587 1.7422596
l 1503 1504
v 23.406322 -0.51240116 1.7435569
v 23.402159 -0.51373827 1.7431966
l 1505 1506
v 23.340897 -0.54548347 1.8488903
v 23.343384 -0.54465461 1.8486753
l 1507 1508
v 23.39267 -0.52819163 1.8444163
v 23.405935 -0.52376032 1.8432699
l 1509 1510
v 23.343384 -0.54465461 1.8486753
v 23.39267 -0.52819163 1.8444163
l 1511 1512
v 23.35317 -0.063588902 2.3719206
v 23.347267 -0.064173214 2.3733506
l 1513 1514
v 23.35317 -0.063588902 2.3719206
v 23.412119 -0.057574384 2.3576519
l 1515 1516
v 23.347267 -0.064173214 2.3733506
v 23.346035 -0.064295016 2.3736477
l 1517 1518
v 23.346035 0.064295016 2.3736477
v 23.347267 0.064173214 2.3733506
l 1519 1520
v 23.347267 0.064173214 2.3733506
v 23.35317 0.063588902 2.3719206
l 1521 1522
v 23.412119 0.057574384 2.3576519
v 23.35317 0.063588902 2.3719206
l 1523 1524
v 23.47057 0.5012145 1.8376924
v 23.41868 0.51931959 1.84217
l 1525 1526
v 23.41868 0.51931959 1.84217
v 23.405935 0.52376032 1.8432699
l 1527 1528
v 23.468243 0.49161804 1.7489069
v 23.470987 0.49069259 1.749144
l 1529 1530
v 23.406322 0.51240116 1.7435569
v 23.468243 0.49161804 1.7489069
l 1531 1532
v 23.468243 -0.49161804 1.7489069
v 23.406322 -0.51240116 1.7435569
l 1533 1534
v 23.470987 -0.49069259 1.749144
v 23.468243 -0.49161804 1.7489069
l 1535 1536
v 23.405935 -0.52376032 1.8432699
v 23.41868 -0.51931959 1.84217
l 1537 1538
v 23.41868 -0.51931959 1.84217
v 23.47057 -0.5012145 1.8376924
l 1539 1540
v 23.430176 -0.055716317 2.3527248
v 23.418522 -0.056915607 2.3559072
l 1541 1542
v 23.445564 -0.054089859 2.3485253
v 23.430176 -0.055716317 2.3527248
l 1543 1544
v 23.477524 -0.050711729 2.3398035
v 23.445564 -0.054089859 2.3485253
l 1545 1546
v 23.418522 -0.056915607 2.3559072
v 23.412119 -0.057574384 2.3576519
l 1547 1548
v 23.412119 0.057574384 2.3576519
v 23.418522 0.056915607 2.3559072
l 1549 1550
v 23.418522 0.056915607 2.3559072
v 23.430176 0.055716317 2.3527248
l 1551 1552
v 23.445564 0.054089859 2.3485253
v 23.477524 0.050711729 2.3398035
l 1553 1554
v 23.430176 0.055716317 2.3527248
v 23.445564 0.054089859 2.3485253
l 1555 1556
v 23.535227 0.47746766 1.831601
v 23.495544 0.49204612 1.8353482
l 1557 1558
v 23.495544 0.49204612 1.8353482
v 23.472279 0.5005883 1.8375453
l 1559 1560
v 23.472279 0.5005883 1.8375453
v 23.47057 0.5012145 1.8376924
l 1561 1562
v 23.534504 0.46818838 1.7551321
v 23.535654 0.46778044 1.7552407
l 1563 1564
v 23.470987 0.49069259 1.749144
v 23.473022 0.48996872 1.7493194
l 1565 1566
v 23.473022 0.48996872 1.7493194
v 23.534504 0.46818838 1.7551321
l 1567 1568
v 23.473022 -0.48996872 1.7493194
v 23.470987 -0.49069259 1.749144
l 1569 1570
v 23.534504 -0.46818838 1.7551321
v 23.473022 -0.48996872 1.7493194
l 1571 1572
v 23.535654 -0.46778044 1.7552407
v 23.534504 -0.46818838 1.7551321
l 1573 1574
v 23.472279 -0.5005883 1.8375453
v 23.495544 -0.49204612 1.8353482
l 1575 1576
v 23.47057 -0.5012145 1.8376924
v 23.472279 -0.5005883 1.8375453
l 1577 1578
v 23.495544 -0.49204612 1.8353482
v 23.535227 -0.47746766 1.831601
l 1579 1580
v 23.499714 -0.048344973 2.3330238
v 23.489492 -0.04943528 2.3361483
l 1581 1582
v 23.499714 -0.048344973 2.3330238
v 23.542686 -0.043652438 2.319896
l 1583 1584
v 23.489492 -0.04943528 2.3361483
v 23.477524 -0.050711729 2.3398035
l 1585 1586
v 23.477524 0.050711729 2.3398035
v 23.489492 0.04943528 2.3361483
l 1587 1588
v 23.489492 0.04943528 2.3361483
v 23.499714 0.048344973 2.3330238
l 1589 1590
v 23.542686 0.043652438 2.319896
v 23.499714 0.048344973 2.3330238
l 1591 1592
v 23.600304 0.45212391 1.8254687
v 23.575628 0.46173352 1.827794
l 1593 1594
v 23.575628 0.46173352 1.827794
v 23.544054 0.47402996 1.8307693
l 1595 1596
v 23.544054 0.47402996 1.8307693
v 23.535227 0.47746766 1.831601
l 1597 1598
v 23.543346 0.46487182 1.7559664
v 23.566856 0.4559831 1.7581843
l 1599 1600
v 23.535654 0.46778044 1.7552407
v 23.543346 0.46487182 1.7559664
l 1601 1602
v 23.566856 0.4559831 1.7581843
v 23.600725 0.44306147 1.7613783
l 1603 1604
v 23.600725 -0.44306147 1.7613783
v 23.566856 -0.4559831 1.7581843
l 1605 1606
v 23.566856 -0.4559831 1.7581843
v 23.543346 -0.46487182 1.7559664
l 1607 1608
v 23.543346 -0.46487182 1.7559664
v 23.535654 -0.46778044 1.7552407
l 1609 1610
v 23.544054 -0.47402996 1.8307693
v 23.575628 -0.46173352 1.827794
l 1611 1612
v 23.535227 -0.47746766 1.831601
v 23.544054 -0.47402996 1.8307693
l 1613 1614
v 23.575628 -0.46173352 1.827794
v 23.600304 -0.45212391 1.8254687
l 1615 1616
v 23.562178 -0.041502912 2.3132401
v 23.560926 -0.04164106 2.3136678
l 1617 1618
v 23.572117 -0.040383648 2.3098476
v 23.562178 -0.041502912 2.3132401
l 1619 1620
v 23.608002 -0.036342729 2.2975993
v 23.572117 -0.040383648 2.3098476
l 1621 1622
v 23.560926 -0.04164106 2.3136678
v 23.542686 -0.043652438 2.319896
l 1623 1624
v 23.542686 0.043652438 2.319896
v 23.560926 0.04164106 2.3136678
l 1625 1626
v 23.560926 0.04164106 2.3136678
v 23.562178 0.041502912 2.3132401
l 1627 1628
v 23.572117 0.040383648 2.3098476
v 23.608002 0.036342729 2.2975993
l 1629 1630
v 23.562178 0.041502912 2.3132401
v 23.572117 0.040383648 2.3098476
l 1631 1632
v 23.666138 0.42463863 1.8189687
v 23.666065 0.42466876 1.8189759
l 1633 1634
v 23.666065 0.42466876 1.8189759
v 23.660362 0.4270488 1.8195481
l 1635 1636
v 23.660362 0.4270488 1.8195481
v 23.616833 0.445227 1.8239151
l 1637 1638
v 23.616833 0.445227 1.8239151
v 23.600304 0.45212391 1.8254687
l 1639 1640
v 23.602346 0.44239277 1.7615305
v 23.617525 0.43614259 1.7629582
l 1641 1642
v 23.666546 0.41604713 1.7678792
v 23.617525 0.43614259 1.7629582
l 1643 1644
v 23.600725 0.44306147 1.7613783
v 23.602346 0.44239277 1.7615305
l 1645 1646
v 23.602346 -0.44239277 1.7615305
v 23.600725 -0.44306147 1.7613783
l 1647 1648
v 23.617525 -0.43614259 1.7629582
v 23.602346 -0.44239277 1.7615305
l 1649 1650
v 23.666546 -0.41604713 1.7678792
v 23.665768 -0.4163664 1.7678012
l 1651 1652
v 23.665768 -0.4163664 1.7678012
v 23.617525 -0.43614259 1.7629582
l 1653 1654
v 23.616833 -0.445227 1.8239151
v 23.660362 -0.4270488 1.8195481
l 1655 1656
v 23.600304 -0.45212391 1.8254687
v 23.616833 -0.445227 1.8239151
l 1657 1658
v 23.666065 -0.42466876 1.8189759
v 23.666138 -0.42463863 1.8189687
l 1659 1660
v 23.660362 -0.4270488 1.8195481
v 23.666065 -0.42466876 1.8189759
l 1661 1662
v 23.667698 -0.029436905 2.2747629
v 23.633635 -0.033389475 2.2877884
l 1663 1664
v 23.673782 -0.028718892 2.2724366
v 23.673611 -0.02873911 2.2725022
l 1665 1666
v 23.673611 -0.02873911 2.2725022
v 23.667698 -0.029436905 2.2747629
l 1667 1668
v 23.618027 -0.035200953 2.2937617
v 23.608002 -0.036342729 2.2975993
l 1669 1670
v 23.633635 -0.033389475 2.2877884
v 23.625731 -0.034306832 2.2908134
l 1671 1672
v 23.625731 -0.034306832 2.2908134
v 23.618027 -0.035200953 2.2937617
l 1673 1674
v 23.608002 0.036342729 2.2975993
v 23.618027 0.035200953 2.2937617
l 1675 1676
v 23.625731 0.034306832 2.2908134
v 23.633635 0.033389475 2.2877884
l 1677 1678
v 23.618027 0.035200953 2.2937617
v 23.625731 0.034306832 2.2908134
l 1679 1680
v 23.673611 0.02873911 2.2725022
v 23.673782 0.028718892 2.2724366
l 1681 1682
v 23.667698 0.029436905 2.2747629
v 23.673611 0.02873911 2.2725022
l 1683 1684
v 23.633635 0.033389475 2.2877884
v 23.667698 0.029436905 2.2747629
l 1685 1686
v 23.6831 0.41695008 1.8172728
v 23.666138 0.42463863 1.8189687
l 1687 1688
v 23.727898 0.39567652 1.8128026
v 23.6831 0.41695008 1.8172728
l 1689 1690
v 23.733004 0.39324826 1.8122684
v 23.727898 0.39567652 1.8128026
l 1691 1692
v 23.672295 0.41345894 1.7684543
v 23.728497 0.38827598 1.7740766
l 1693 1694
v 23.728497 0.38827598 1.7740766
v 23.733335 0.38611442 1.7745842
l 1695 1696
v 23.666546 0.41604713 1.7678792
v 23.672295 0.41345894 1.7684543
l 1697 1698
v 23.672295 -0.41345894 1.7684543
v 23.666546 -0.41604713 1.7678792
l 1699 1700
v 23.728497 -0.38827598 1.7740766
v 23.672295 -0.41345894 1.7684543
l 1701 1702
v 23.733335 -0.38611442 1.7745842
v 23.728497 -0.38827598 1.7740766
l 1703 1704
v 23.727898 -0.39567652 1.8128026
v 23.733004 -0.39324826 1.8122684
l 1705 1706
v 23.6831 -0.41695008 1.8172728
v 23.727898 -0.39567652 1.8128026
l 1707 1708
v 23.666138 -0.42463863 1.8189687
v 23.6831 -0.41695008 1.8172728
l 1709 1710
v 23.711567 -0.024199506 2.2561052
v 23.708391 -0.024579272 2.2574761
l 1711 1712
v 23.740206 -0.020723155 2.2437425
v 23.715868 -0.023677368 2.2542484
l 1713 1714
v 23.715868 -0.023677368 2.2542484
v 23.711567 -0.024199506 2.2561052
l 1715 1716
v 23.708391 -0.024579272 2.2574761
v 23.673782 -0.028718892 2.2724366
l 1717 1718
v 23.673782 0.028718892 2.2724366
v 23.708391 0.024579272 2.2574761
l 1719 1720
v 23.708391 0.024579272 2.2574761
v 23.711567 0.024199506 2.2561052
l 1721 1722
v 23.715868 0.023677368 2.2542484
v 23.740206 0.020723155 2.2437425
l 1723 1724
v 23.711567 0.024199506 2.2561052
v 23.715868 0.023677368 2.2542484
l 1725 1726
v 23.800858 0.35761565 1.8052016
v 23.760361 0.37885836 1.8094195
l 1727 1728
v 23.760361 0.37885836 1.8094195
v 23.75996 0.37906864 1.8094612
l 1729 1730
v 23.75996 0.37906864 1.8094612
v 23.733004 0.39324826 1.8122684
l 1731 1732
v 23.745459 0.38005006 1.7758496
v 23.760353 0.3726446 1.7774048
l 1733 1734
v 23.760353 0.3726446 1.7774048
v 23.801081 0.3523958 1.7816575
l 1735 1736
v 23.733335 0.38611442 1.7745842
v 23.745459 0.38005006 1.7758496
l 1737 1738
v 23.745459 -0.38005006 1.7758496
v 23.733335 -0.38611442 1.7745842
l 1739 1740
v 23.760353 -0.3726446 1.7774048
v 23.745459 -0.38005006 1.7758496
l 1741 1742
v 23.801081 -0.3523958 1.7816575
v 23.760353 -0.3726446 1.7774048
l 1743 1744
v 23.733004 -0.39324826 1.8122684
v 23.75996 -0.37906864 1.8094612
l 1745 1746
v 23.760361 -0.37885836 1.8094195
v 23.800858 -0.35761565 1.8052016
l 1747 1748
v 23.75996 -0.37906864 1.8094612
v 23.760361 -0.37885836 1.8094195
l 1749 1750
v 23.786434 -0.014953339 2.2208512
v 23.786049 -0.015002107 2.2210417
l 1751 1752
v 23.80719 -0.012327245 2.2105918
v 23.786434 -0.014953339 2.2208512
l 1753 1754
v 23.750393 -0.019465342 2.2386971
v 23.740206 -0.020723155 2.2437425
l 1755 1756
v 23.786049 -0.015002107 2.2210417
v 23.784399 -0.015211077 2.2218592
l 1757 1758
v 23.750393 -0.019465342 2.2386971
v 23.784399 -0.015211077 2.2218592
l 1759 1760
v 23.740206 0.020723155 2.2437425
v 23.750393 0.019465342 2.2386971
l 1761 1762
v 23.784399 0.015211077 2.2218592
v 23.750393 0.019465342 2.2386971
l 1763 1764
v 23.784399 0.015211077 2.2218592
v 23.786049 0.015002107 2.2210417
l 1765 1766
v 23.786049 0.015002107 2.2210417
v 23.786434 0.014953339 2.2208512
l 1767 1768
v 23.786434 0.014953339 2.2208512
v 23.80719 0.012327245 2.2105918
l 1769 1770
v 23.854475 0.32565111 1.7994943
v 23.830894 0.33971098 1.8020189
l 1771 1772
v 23.810038 0.35214767 1.8042519
v 23.800858 0.35761565 1.8052016
l 1773 1774
v 23.830894 0.33971098 1.8020189
v 23.810038 0.35214767 1.8042519
l 1775 1776
v 23.868973 0.31649804 1.7979473
v 23.854475 0.32565111 1.7994943
l 1777 1778
v 23.869226 0.31633881 1.7979198
v 23.868973 0.31649804 1.7979473
l 1779 1780
v 23.823162 0.33977038 1.7839929
v 23.831011 0.33531952 1.7848353
l 1781 1782
v 23.869221 0.31364822 1.7889374
v 23.869322 0.31359088 1.7889485
l 1783 1784
v 23.831011 0.33531952 1.7848353
v 23.869221 0.31364822 1.7889374
l 1785 1786
v 23.801081 0.3523958 1.7816575
v 23.810471 0.34702188 1.7826309
l 1787 1788
v 23.810471 0.34702188 1.7826309
v 23.823162 0.33977038 1.7839929
l 1789 1790
v 23.810471 -0.34702188 1.7826309
v 23.801081 -0.3523958 1.7816575
l 1791 1792
v 23.823162 -0.33977038 1.7839929
v 23.810471 -0.34702188 1.7826309
l 1793 1794
v 23.831011 -0.33531952 1.7848353
v 23.823162 -0.33977038 1.7839929
l 1795 1796
v 23.869322 -0.31359088 1.7889485
v 23.869221 -0.31364822 1.7889374
l 1797 1798
v 23.869221 -0.31364822 1.7889374
v 23.831011 -0.33531952 1.7848353
l 1799 1800
v 23.868973 -0.31649804 1.7979473
v 23.869226 -0.31633881 1.7979198
l 1801 1802
v 23.854475 -0.32565111 1.7994943
v 23.868973 -0.31649804 1.7979473
l 1803 1804
v 23.830894 -0.33971098 1.8020189
v 23.854475 -0.32565111 1.7994943
l 1805 1806
v 23.810038 -0.35214767 1.8042519
v 23.830894 -0.33971098 1.8020189
l 1807 1808
v 23.800858 -0.35761565 1.8052016
v 23.810038 -0.35214767 1.8042519
l 1809 1810
v 23.874157 -0.0035273149 2.1716917
v 23.867287 -0.0044409134 2.1756763
l 1811 1812
v 23.814318 -0.011404365 2.2064493
v 23.80719 -0.012327245 2.2105918
l 1813 1814
v 23.867287 -0.0044409134 2.1756763
v 23.863266 -0.004975494 2.1780112
l 1815 1816
v 23.863039 -0.005005802 2.1781437
v 23.840887 -0.0079286741 2.1910119
l 1817 1818
v 23.840887 -0.0079286741 2.1910119
v 23.840237 -0.0080146147 2.1913903
l 1819 1820
v 23.863266 -0.004975494 2.1780112
v 23.863039 -0.005005802 2.1781437
l 1821 1822
v 23.815563 -0.011241457 2.2057254
v 23.814318 -0.011404365 2.2064493
l 1823 1824
v 23.840237 -0.0080146147 2.1913903
v 23.815563 -0.011241457 2.2057254
l 1825 1826
v 23.80719 0.012327245 2.2105918
v 23.814318 0.011404365 2.2064493
l 1827 1828
v 23.814318 0.011404365 2.2064493
v 23.815563 0.011241457 2.2057254
l 1829 1830
v 23.815563 0.011241457 2.2057254
v 23.840237 0.0080146147 2.1913903
l 1831 1832
v 23.863266 0.004975494 2.1780112
v 23.867287 0.0044409134 2.1756763
l 1833 1834
v 23.863039 0.005005802 2.1781437
v 23.863266 0.004975494 2.1780112
l 1835 1836
v 23.840237 0.0080146147 2.1913903
v 23.840887 0.0079286741 2.1910119
l 1837 1838
v 23.840887 0.0079286741 2.1910119
v 23.863039 0.005005802 2.1781437
l 1839 1840
v 23.867287 0.0044409134 2.1756763
v 23.874157 0.0035273149 2.1716917
l 1841 1842
v 23.908539 0.28688535 1.7932152
v 23.910627 0.28547397 1.7934426
l 1843 1844
v 23.910627 0.28547397 1.7934426
v 23.90451 0.29002437 1.7941041
l 1845 1846
v 23.90451 0.29002437 1.7941041
v 23.882269 0.30661091 1.7965091
l 1847 1848
v 23.882269 0.30661091 1.7965091
v 23.869226 0.31633881 1.7979198
l 1849 1850
v 23.869322 0.31359088 1.7889485
v 23.882357 0.30471411 1.7903668
l 1851 1852
v 23.882357 0.30471411 1.7903668
v 23.908539 0.28688535 1.7932152
l 1853 1854
v 23.882357 -0.30471411 1.7903668
v 23.869322 -0.31359088 1.7889485
l 1855 1856
v 23.908539 -0.28688535 1.7932152
v 23.882357 -0.30471411 1.7903668
l 1857 1858
v 23.882269 -0.30661091 1.7965091
v 23.90451 -0.29002437 1.7941041
l 1859 1860
v 23.869226 -0.31633881 1.7979198
v 23.882269 -0.30661091 1.7965091
l 1861 1862
v 23.910627 -0.28547397 1.7934426
v 23.908539 -0.28688535 1.7932152
l 1863 1864
v 23.90451 -0.29002437 1.7941041
v 23.910627 -0.28547397 1.7934426
l 1865 1866
v 2.8374403 -0.017058551 -2.6896086
v 2.8442531 -0.013152975 -2.6914029
l 1867 1868
v 2.835696 -0.018052446 -2.6891756
v 2.8374403 -0.017058551 -2.6896086
l 1869 1870
v 2.8263965 -0.023710275 -2.6868935
v 2.835696 -0.018052446 -2.6891756
l 1871 1872
v 2.8449771 -0.012694458 -2.6915903
v 2.850728 -0.0090527879 -2.6930797
l 1873 1874
v 2.8442531 -0.013152975 -2.6914029
v 2.8449771 -0.012694458 -2.6915903
l 1875 1876
v 2.850728 -0.0090527879 -2.6930797
v 2.8567936 -0.0054542907 -2.6946683
l 1877 1878
v 2.8011789 -0.03783894 -2.6807466
v 2.8016288 -0.037612099 -2.6808529
l 1879 1880
v 2.7860022 -0.045490943 -2.6771655
v 2.8011789 -0.03783894 -2.6807466
l 1881 1882
v 2.8230896 -0.025506064 -2.6860662
v 2.8263965 -0.023710275 -2.6868935
l 1883 1884
v 2.8146203 -0.030105447 -2.6839471
v 2.8230896 -0.025506064 -2.6860662
l 1885 1886
v 2.8088238 -0.033467367 -2.6825125
v 2.8146203 -0.030105447 -2.6839471
l 1887 1888
v 2.8016288 -0.037612099 -2.6808529
v 2.8088238 -0.033467367 -2.6825125
l 1889 1890
v 2.747874 -0.063943699 -2.6702943
v 2.7549884 -0.060825296 -2.6712828
l 1891 1892
v 2.7791665 -0.049163986 -2.6756103
v 2.7812986 -0.048024494 -2.6760676
l 1893 1894
v 2.7702818 -0.05391239 -2.6737044
v 2.7791665 -0.049163986 -2.6756103
l 1895 1896
v 2.7683523 -0.054913152 -2.6734276
v 2.7702818 -0.05391239 -2.6737044
l 1897 1898
v 2.7812986 -0.048024494 -2.6760676
v 2.7860022 -0.045490943 -2.6771655
l 1899 1900
v 2.6643727 -0.096973866 -2.6616621
v 2.6713839 -0.09504851 -2.6622314
l 1901 1902
v 2.6413529 -0.10312285 -2.6610997
v 2.6431816 -0.10264552 -2.6610599
l 1903 1904
v 2.6598587 -0.098186597 -2.6614993
v 2.6643727 -0.096973866 -2.6616621
l 1905 1906
v 2.6459937 -0.10191152 -2.6609986
v 2.6598587 -0.098186597 -2.6614993
l 1907 1908
v 2.6431816 -0.10264552 -2.6610599
v 2.6459937 -0.10191152 -2.6609986
l 1909 1910
v 2.7246332 -0.074774086 -2.6673491
v 2.7065079 -0.081535831 -2.6650388
l 1911 1912
v 2.7163463 -0.077865615 -2.6662929
v 2.7246332 -0.074774086 -2.6673491
l 1913 1914
v 2.7065079 -0.081535831 -2.6650388
v 2.7163463 -0.077865615 -2.6662929
l 1915 1916
v 2.6994903 -0.08411891 -2.6643534
v 2.7065079 -0.081535831 -2.6650388
l 1917 1918
v 2.6777666 -0.092588447 -2.6625917
v 2.6845853 -0.089960314 -2.6629765
l 1919 1920
v 2.6713839 -0.09504851 -2.6622314
v 2.6777666 -0.092588447 -2.6625917
l 1921 1922
v 2.6964607 -0.085306235 -2.6640735
v 2.6994903 -0.08411891 -2.6643534
l 1923 1924
v 2.6845853 -0.089960314 -2.6629765
v 2.6964607 -0.085306235 -2.6640735
l 1925 1926
v 2.7246332 -0.074774086 -2.6673491
v 2.7300169 -0.07228639 -2.6679282
l 1927 1928
v 3.0525246 0.050018806 -1.1481005
v 3.0569651 0.062032789 -1.1483231
l 1929 1930
v 2.5811231 -0.11548303 -2.6640198
v 2.5839906 -0.11511632 -2.663868
l 1931 1932
v 2.5784295 -0.11582751 -2.6641624
v 2.5811231 -0.11548303 -2.6640198
l 1933 1934
v 2.6070647 -0.11216025 -2.6627138
v 2.6092806 -0.11187293 -2.6626472
l 1935 1936
v 2.5839906 -0.11511632 -2.663868
v 2.6070647 -0.11216025 -2.6627138
l 1937 1938
v 2.6295722 -0.10637543 -2.6613958
v 2.6413529 -0.10312285 -2.6610997
l 1939 1940
v 2.6092806 -0.11187293 -2.6626472
v 2.6295722 -0.10637543 -2.6613958
l 1941 1942
v 2.5182393 -0.11765997 -2.6652019
v 2.533726 -0.11916134 -2.6656456
l 1943 1944
v 2.5396464 -0.11973532 -2.6658151
v 2.5440993 -0.12016738 -2.6659615
l 1945 1946
v 2.533726 -0.11916134 -2.6656456
v 2.5396464 -0.11973532 -2.6658151
l 1947 1948
v 2.5440993 -0.12016738 -2.6659615
v 2.5784295 -0.11582751 -2.6641624
l 1949 1950
v 2.4317045 -0.087861449 -2.6588295
v 2.440824 -0.096970394 -2.660687
l 1951 1952
v 2.4295752 -0.085734554 -2.6583958
v 2.4317045 -0.087861449 -2.6588295
l 1953 1954
v 2.4139266 -0.071985021 -2.6556289
v 2.4295752 -0.085734554 -2.6583958
l 1955 1956
v 2.4131198 -0.071278453 -2.6554933
v 2.4139266 -0.071985021 -2.6556289
l 1957 1958
v 2.4077432 -0.060409736 -2.6532111
v 2.4092703 -0.063497044 -2.6538594
l 1959 1960
v 2.4092703 -0.063497044 -2.6538594
v 2.4131198 -0.071278453 -2.6554933
l 1961 1962
v 2.4058847 -0.057075892 -2.6525168
v 2.4077432 -0.060409736 -2.6532111
l 1963 1964
v 2.3990531 -0.046109974 -2.6518948
v 2.4058847 -0.057075892 -2.6525168
l 1965 1966
v 2.3939135 -0.028849954 -2.6507647
v 2.3965814 -0.037359759 -2.6513183
l 1967 1968
v 2.392916 -0.025668019 -2.6505578
v 2.3939135 -0.028849954 -2.6507647
l 1969 1970
v 2.3965814 -0.037359759 -2.6513183
v 2.3990531 -0.046109974 -2.6518948
l 1971 1972
v 2.3921793 -0.019219855 -2.6501038
v 2.392916 -0.025668019 -2.6505578
l 1973 1974
v 2.3910739 0.010595127 -2.6494999
v 2.3910358 0.0060471343 -2.6491668
l 1975 1976
v 2.3910358 0.0060471343 -2.6491668
v 2.3909619 0 -2.6487243
l 1977 1978
v 2.3910358 -0.0060471343 -2.6491668
v 2.3910739 -0.010595127 -2.6494999
l 1979 1980
v 2.3909619 0 -2.6487243
v 2.3910358 -0.0060471343 -2.6491668
l 1981 1982
v 2.3965814 0.037359759 -2.6513183
v 2.3939135 0.028849954 -2.6507647
l 1983 1984
v 2.3939135 0.028849954 -2.6507647
v 2.392916 0.025668019 -2.6505578
l 1985 1986
v 2.3921793 0.019219855 -2.6501038
v 2.3910739 0.010595127 -2.6494999
l 1987 1988
v 2.392916 0.025668019 -2.6505578
v 2.3921793 0.019219855 -2.6501038
l 1989 1990
v 2.3990531 0.046109974 -2.6518948
v 2.3965814 0.037359759 -2.6513183
l 1991 1992
v 2.4077432 0.060409736 -2.6532111
v 2.4058847 0.057075892 -2.6525168
l 1993 1994
v 2.4058847 0.057075892 -2.6525168
v 2.3990531 0.046109974 -2.6518948
l 1995 1996
v 2.4131198 0.071278453 -2.6554933
v 2.4092703 0.063497044 -2.6538594
l 1997 1998
v 2.4092703 0.063497044 -2.6538594
v 2.4077432 0.060409736 -2.6532111
l 1999 2000
v 2.4139266 0.071985021 -2.6556289
v 2.4131198 0.071278453 -2.6554933
l 2001 2002
v 2.4295752 0.085734554 -2.6583958
v 2.4139266 0.071985021 -2.6556289
l 2003 2004
v 2.4317045 0.087861449 -2.6588295
v 2.4295752 0.085734554 -2.6583958
l 2005 2006
v 2.440824 0.096970394 -2.660687
v 2.4317045 0.087861449 -2.6588295
l 2007 2008
v 2.4546258 0.10220783 -2.661587
v 2.440824 0.096970394 -2.660687
l 2009 2010
v 2.466953 0.10689788 -2.6624732
v 2.4603577 0.1043886 -2.6619992
l 2011 2012
v 2.4603577 0.1043886 -2.6619992
v 2.4546258 0.10220783 -2.661587
l 2013 2014
v 2.4933541 0.11589026 -2.6647515
v 2.4856796 0.11534496 -2.664649
l 2015 2016
v 2.5182393 0.11765997 -2.6652019
v 2.4965286 0.11611582 -2.664794
l 2017 2018
v 2.4965286 0.11611582 -2.664794
v 2.4933541 0.11589026 -2.6647515
l 2019 2020
v 2.4782503 0.11193791 -2.6634514
v 2.466953 0.10689788 -2.6624732
l 2021 2022
v 2.4856796 0.11534496 -2.664649
v 2.4782503 0.11193791 -2.6634514
l 2023 2024
v 2.4603577 -0.1043886 -2.6619992
v 2.466953 -0.10689788 -2.6624732
l 2025 2026
v 2.4546258 -0.10220783 -2.661587
v 2.4603577 -0.1043886 -2.6619992
l 2027 2028
v 2.440824 -0.096970394 -2.660687
v 2.4546258 -0.10220783 -2.661587
l 2029 2030
v 2.4965286 -0.11611582 -2.664794
v 2.5182393 -0.11765997 -2.6652019
l 2031 2032
v 2.4856796 -0.11534496 -2.664649
v 2.4933541 -0.11589026 -2.6647515
l 2033 2034
v 2.4933541 -0.11589026 -2.6647515
v 2.4965286 -0.11611582 -2.664794
l 2035 2036
v 2.4782503 -0.11193791 -2.6634514
v 2.4856796 -0.11534496 -2.664649
l 2037 2038
v 2.466953 -0.10689788 -2.6624732
v 2.4782503 -0.11193791 -2.6634514
l 2039 2040
v 2.6431816 0.10264552 -2.6610599
v 2.6413529 0.10312285 -2.6610997
l 2041 2042
v 2.6713839 0.09504851 -2.6622314
v 2.6643727 0.096973866 -2.6616621
l 2043 2044
v 2.6598587 0.098186597 -2.6614993
v 2.6459937 0.10191152 -2.6609986
l 2045 2046
v 2.6643727 0.096973866 -2.6616621
v 2.6598587 0.098186597 -2.6614993
l 2047 2048
v 2.6459937 0.10191152 -2.6609986
v 2.6431816 0.10264552 -2.6610599
l 2049 2050
v 2.5784295 0.11582751 -2.6641624
v 2.5440993 0.12016738 -2.6659615
l 2051 2052
v 2.6295722 0.10637543 -2.6613958
v 2.6092806 0.11187293 -2.6626472
l 2053 2054
v 2.6413529 0.10312285 -2.6610997
v 2.6295722 0.10637543 -2.6613958
l 2055 2056
v 2.5811231 0.11548303 -2.6640198
v 2.5784295 0.11582751 -2.6641624
l 2057 2058
v 2.6092806 0.11187293 -2.6626472
v 2.6070647 0.11216025 -2.6627138
l 2059 2060
v 2.5839906 0.11511632 -2.663868
v 2.5811231 0.11548303 -2.6640198
l 2061 2062
v 2.6070647 0.11216025 -2.6627138
v 2.5839906 0.11511632 -2.663868
l 2063 2064
v 2.533726 0.11916134 -2.6656456
v 2.5182393 0.11765997 -2.6652019
l 2065 2066
v 2.5396464 0.11973532 -2.6658151
v 2.533726 0.11916134 -2.6656456
l 2067 2068
v 2.5440993 0.12016738 -2.6659615
v 2.5396464 0.11973532 -2.6658151
l 2069 2070
v 2.7300169 0.07228639 -2.6679282
v 2.7246332 0.074774086 -2.6673491
l 2071 2072
v 2.6777666 0.092588447 -2.6625917
v 2.6713839 0.09504851 -2.6622314
l 2073 2074
v 2.6994903 0.08411891 -2.6643534
v 2.6964607 0.085306235 -2.6640735
l 2075 2076
v 2.6845853 0.089960314 -2.6629765
v 2.6777666 0.092588447 -2.6625917
l 2077 2078
v 2.6964607 0.085306235 -2.6640735
v 2.6845853 0.089960314 -2.6629765
l 2079 2080
v 2.7065079 0.081535831 -2.6650388
v 2.6994903 0.08411891 -2.6643534
l 2081 2082
v 2.7246332 0.074774086 -2.6673491
v 2.7163463 0.077865615 -2.6662929
l 2083 2084
v 2.7163463 0.077865615 -2.6662929
v 2.7065079 0.081535831 -2.6650388
l 2085 2086
v 2.7549884 0.060825296 -2.6712828
v 2.747874 0.063943699 -2.6702943
l 2087 2088
v 2.7683523 0.054913152 -2.6734276
v 2.7576907 0.059629809 -2.6717165
l 2089 2090
v 2.7576907 0.059629809 -2.6717165
v 2.7549884 0.060825296 -2.6712828
l 2091 2092
v 2.8011789 0.03783894 -2.6807466
v 2.7860022 0.045490943 -2.6771655
l 2093 2094
v 2.8016288 0.037612099 -2.6808529
v 2.8011789 0.03783894 -2.6807466
l 2095 2096
v 2.8088238 0.033467367 -2.6825125
v 2.8016288 0.037612099 -2.6808529
l 2097 2098
v 2.8146203 0.030105447 -2.6839471
v 2.8088238 0.033467367 -2.6825125
l 2099 2100
v 2.8230896 0.025506064 -2.6860662
v 2.8146203 0.030105447 -2.6839471
l 2101 2102
v 2.8263965 0.023710275 -2.6868935
v 2.8230896 0.025506064 -2.6860662
l 2103 2104
v 2.8374403 0.017058551 -2.6896086
v 2.835696 0.018052446 -2.6891756
l 2105 2106
v 2.8442531 0.013152975 -2.6914029
v 2.8374403 0.017058551 -2.6896086
l 2107 2108
v 2.835696 0.018052446 -2.6891756
v 2.8263965 0.023710275 -2.6868935
l 2109 2110
v 2.8449771 0.012694458 -2.6915903
v 2.8442531 0.013152975 -2.6914029
l 2111 2112
v 2.850728 0.0090527879 -2.6930797
v 2.8449771 0.012694458 -2.6915903
l 2113 2114
v 2.8567936 0.0054542907 -2.6946683
v 2.850728 0.0090527879 -2.6930797
l 2115 2116
v 2.7702818 0.05391239 -2.6737044
v 2.7683523 0.054913152 -2.6734276
l 2117 2118
v 2.7812986 0.048024494 -2.6760676
v 2.7791665 0.049163986 -2.6756103
l 2119 2120
v 2.7791665 0.049163986 -2.6756103
v 2.7702818 0.05391239 -2.6737044
l 2121 2122
v 2.7860022 0.045490943 -2.6771655
v 2.7812986 0.048024494 -2.6760676
l 2123 2124
v 2.3910739 -0.010595127 -2.6494999
v 2.3921793 -0.019219855 -2.6501038
l 2125 2126
v 3.0548434 -0.0044140178 -3.3061526
v 3.0548718 0 -3.3064663
l 2127 2128
v 3.0546775 -0.030434223 -3.3043036
v 3.0546892 -0.028631819 -3.3044317
l 2129 2130
v 3.0546505 -0.034686271 -3.3040013
v 3.0546775 -0.030434223 -3.3043036
l 2131 2132
v 3.0546422 -0.035965942 -3.3039105
v 3.0546505 -0.034686271 -3.3040013
l 2133 2134
v 3.0548329 -0.0060868445 -3.3060338
v 3.0548434 -0.0044140178 -3.3061526
l 2135 2136
v 3.0547664 -0.016522918 -3.3052921
v 3.0547941 -0.012173689 -3.3056011
l 2137 2138
v 3.0547941 -0.012173689 -3.3056011
v 3.054805 -0.010468468 -3.3057225
l 2139 2140
v 3.054805 -0.010468468 -3.3057225
v 3.0548329 -0.0060868445 -3.3060338
l 2141 2142
v 3.0546892 -0.028631819 -3.3044317
v 3.0547163 -0.024347378 -3.3047361
l 2143 2144
v 3.0547163 -0.024347378 -3.3047361
v 3.0547278 -0.02257737 -3.3048618
l 2145 2146
v 3.0547552 -0.018260533 -3.3051686
v 3.0547664 -0.016522918 -3.3052921
l 2147 2148
v 3.0547278 -0.02257737 -3.3048618
v 3.0547552 -0.018260533 -3.3051686
l 2149 2150
v 3.0546505 0.034686271 -3.3040013
v 3.0546422 0.035965942 -3.3039105
l 2151 2152
v 3.0548434 0.0044140178 -3.3061526
v 3.0548329 0.0060868445 -3.3060338
l 2153 2154
v 3.0548718 0 -3.3064663
v 3.0548434 0.0044140178 -3.3061526
l 2155 2156
v 3.054805 0.010468468 -3.3057225
v 3.0547941 0.012173689 -3.3056011
l 2157 2158
v 3.0547941 0.012173689 -3.3056011
v 3.0547664 0.016522918 -3.3052921
l 2159 2160
v 3.0548329 0.0060868445 -3.3060338
v 3.054805 0.010468468 -3.3057225
l 2161 2162
v 3.0546775 0.030434223 -3.3043036
v 3.0546505 0.034686271 -3.3040013
l 2163 2164
v 3.0547278 0.02257737 -3.3048618
v 3.0547163 0.024347378 -3.3047361
l 2165 2166
v 3.0547163 0.024347378 -3.3047361
v 3.0546892 0.028631819 -3.3044317
l 2167 2168
v 3.0546892 0.028631819 -3.3044317
v 3.0546775 0.030434223 -3.3043036
l 2169 2170
v 3.0547552 0.018260533 -3.3051686
v 3.0547278 0.02257737 -3.3048618
l 2171 2172
v 3.0547664 0.016522918 -3.3052921
v 3.0547552 0.018260533 -3.3051686
l 2173 2174
v 3.0546389 0.036521066 -3.3038709
v 3.0546157 0.04013906 -3.3036139
l 2175 2176
v 3.0546422 0.035965942 -3.3039105
v 3.0546389 0.036521066 -3.3038709
l 2177 2178
v 3.053283 0.070106395 -3.2974298
v 3.0531008 0.072764866 -3.2969058
l 2179 2180
v 3.0546041 0.040734258 -3.3034854
v 3.0545678 0.042607911 -3.3030806
l 2181 2182
v 3.0546157 0.04013906 -3.3036139
v 3.0546041 0.040734258 -3.3034854
l 2183 2184
v 3.0544879 0.046723675 -3.3021913
v 3.0544498 0.048694756 -3.3017654
l 2185 2186
v 3.0545678 0.042607911 -3.3030806
v 3.0544879 0.046723675 -3.3021913
l 2187 2188
v 3.0543718 0.052713089 -3.3008971
v 3.0543318 0.054781601 -3.3004503
l 2189 2190
v 3.0544498 0.048694756 -3.3017654
v 3.0543718 0.052713089 -3.3008971
l 2191 2192
v 3.0543318 0.054781601 -3.3004503
v 3.053283 0.070106395 -3.2974298
l 2193 2194
v 3.0531008 0.072764866 -3.2969058
v 3.0526969 0.078666411 -3.2957425
l 2195 2196
v 3.0482545 0.10371755 -3.2879791
v 3.0480862 0.10431417 -3.2878196
l 2197 2198
v 3.0526969 0.078666411 -3.2957425
v 3.0526197 0.079608105 -3.2954144
l 2199 2200
v 3.050257 0.092658095 -3.2913899
v 3.0482545 0.10371755 -3.2879791
l 2201 2202
v 3.0526197 0.079608105 -3.2954144
v 3.050257 0.092658095 -3.2913899
l 2203 2204
v 3.0006161 0.19838801 -3.2481635
v 2.9938517 0.20574073 -3.2443149
l 2205 2206
v 2.9938517 0.20574073 -3.2443149
v 2.9925604 0.20714426 -3.2435803
l 2207 2208
v 3.0078592 0.19051522 -3.252284
v 3.0006161 0.19838801 -3.2481635
l 2209 2210
v 3.0083666 0.18987489 -3.2526615
v 3.0078592 0.19051522 -3.252284
l 2211 2212
v 3.008621 0.18955399 -3.2528505
v 3.0083666 0.18987489 -3.2526615
l 2213 2214
v 3.0115416 0.18562882 -3.2544725
v 3.008621 0.18955399 -3.2528505
l 2215 2216
v 3.0251257 0.16345148 -3.2649755
v 3.0213869 0.17050879 -3.2613654
l 2217 2218
v 3.0213869 0.17050879 -3.2613654
v 3.0200713 0.17252898 -3.2604444
l 2219 2220
v 3.0287509 0.15660129 -3.2684333
v 3.0251257 0.16345148 -3.2649755
l 2221 2222
v 3.0325642 0.14929137 -3.2715118
v 3.0307324 0.15285653 -3.2703238
l 2223 2224
v 3.0396543 0.13165073 -3.2782409
v 3.0383976 0.13477769 -3.2770481
l 2225 2226
v 3.0383976 0.13477769 -3.2770481
v 3.0325642 0.14929137 -3.2715118
l 2227 2228
v 3.0299237 0.15438505 -3.2695522
v 3.0287509 0.15660129 -3.2684333
l 2229 2230
v 3.0307324 0.15285653 -3.2703238
v 3.0299237 0.15438505 -3.2695522
l 2231 2232
v 3.0452385 0.11439964 -3.2851214
v 3.0447578 0.11610239 -3.2846661
l 2233 2234
v 3.0480862 0.10431417 -3.2878196
v 3.0452385 0.11439964 -3.2851214
l 2235 2236
v 3.0415289 0.12698647 -3.2800202
v 3.0396543 0.13165073 -3.2782409
l 2237 2238
v 3.0447578 0.11610239 -3.2846661
v 3.0415289 0.12698647 -3.2800202
l 2239 2240
v 3.0546389 -0.036521066 -3.3038709
v 3.0546422 -0.035965942 -3.3039105
l 2241 2242
v 3.0546157 -0.04013906 -3.3036139
v 3.0546389 -0.036521066 -3.3038709
l 2243 2244
v 3.0526969 -0.078666411 -3.2957425
v 3.0531008 -0.072764866 -3.2969058
l 2245 2246
v 3.0546041 -0.040734258 -3.3034854
v 3.0546157 -0.04013906 -3.3036139
l 2247 2248
v 3.0531008 -0.072764866 -3.2969058
v 3.053283 -0.070106395 -3.2974298
l 2249 2250
v 3.0545678 -0.042607911 -3.3030806
v 3.0546041 -0.040734258 -3.3034854
l 2251 2252
v 3.0544879 -0.046723675 -3.3021913
v 3.0545678 -0.042607911 -3.3030806
l 2253 2254
v 3.0544498 -0.048694756 -3.3017654
v 3.0544879 -0.046723675 -3.3021913
l 2255 2256
v 3.0543318 -0.054781601 -3.3004503
v 3.0543718 -0.052713089 -3.3008971
l 2257 2258
v 3.0543718 -0.052713089 -3.3008971
v 3.0544498 -0.048694756 -3.3017654
l 2259 2260
v 3.053283 -0.070106395 -3.2974298
v 3.0543318 -0.054781601 -3.3004503
l 2261 2262
v 3.0452385 -0.11439964 -3.2851214
v 3.0480862 -0.10431417 -3.2878196
l 2263 2264
v 3.0447578 -0.11610239 -3.2846661
v 3.0452385 -0.11439964 -3.2851214
l 2265 2266
v 3.0526197 -0.079608105 -3.2954144
v 3.0526969 -0.078666411 -3.2957425
l 2267 2268
v 3.0526197 -0.079608105 -3.2954144
v 3.0482545 -0.10371755 -3.2879791
l 2269 2270
v 3.0480862 -0.10431417 -3.2878196
v 3.0482545 -0.10371755 -3.2879791
l 2271 2272
v 3.0383976 -0.13477769 -3.2770481
v 3.0396543 -0.13165073 -3.2782409
l 2273 2274
v 3.0307324 -0.15285653 -3.2703238
v 3.0325642 -0.14929137 -3.2715118
l 2275 2276
v 3.0325642 -0.14929137 -3.2715118
v 3.0383976 -0.13477769 -3.2770481
l 2277 2278
v 3.0415289 -0.12698647 -3.2800202
v 3.0447578 -0.11610239 -3.2846661
l 2279 2280
v 3.0396543 -0.13165073 -3.2782409
v 3.0415289 -0.12698647 -3.2800202
l 2281 2282
v 3.0213869 -0.17050879 -3.2613654
v 3.0251257 -0.16345148 -3.2649755
l 2283 2284
v 3.0160978 -0.17863144 -3.2576625
v 3.0200713 -0.17252898 -3.2604444
l 2285 2286
v 3.0200713 -0.17252898 -3.2604444
v 3.0213869 -0.17050879 -3.2613654
l 2287 2288
v 3.0251257 -0.16345148 -3.2649755
v 3.0287509 -0.15660129 -3.2684333
l 2289 2290
v 3.0299237 -0.15438505 -3.2695522
v 3.0307324 -0.15285653 -3.2703238
l 2291 2292
v 3.0287509 -0.15660129 -3.2684333
v 3.0299237 -0.15438505 -3.2695522
l 2293 2294
v 2.9638731 -0.23295125 -3.2313046
v 2.9692881 -0.22877522 -3.2336438
l 2295 2296
v 2.9783871 -0.22066391 -3.2371829
v 2.9831474 -0.21621746 -3.2392373
l 2297 2298
v 2.9722452 -0.22640125 -3.2345319
v 2.9783871 -0.22066391 -3.2371829
l 2299 2300
v 2.9692881 -0.22877522 -3.2336438
v 2.9722452 -0.22640125 -3.2345319
l 2301 2302
v 2.9831474 -0.21621746 -3.2392373
v 2.9906738 -0.20918721 -3.2424855
l 2303 2304
v 2.9906738 -0.20918721 -3.2424855
v 2.9925604 -0.20714426 -3.2435803
l 2305 2306
v 3.0115416 -0.18562882 -3.2544725
v 3.0160978 -0.17863144 -3.2576625
l 2307 2308
v 3.008621 -0.18955399 -3.2528505
v 3.0115416 -0.18562882 -3.2544725
l 2309 2310
v 3.0083666 -0.18987489 -3.2526615
v 3.008621 -0.18955399 -3.2528505
l 2311 2312
v 3.0078592 -0.19051522 -3.252284
v 3.0083666 -0.18987489 -3.2526615
l 2313 2314
v 3.0006161 -0.19838801 -3.2481635
v 3.0078592 -0.19051522 -3.252284
l 2315 2316
v 2.9722452 0.22640125 -3.2345319
v 2.9692881 0.22877522 -3.2336438
l 2317 2318
v 2.9831474 0.21621746 -3.2392373
v 2.9783871 0.22066391 -3.2371829
l 2319 2320
v 2.9783871 0.22066391 -3.2371829
v 2.9722452 0.22640125 -3.2345319
l 2321 2322
v 2.9906738 0.20918721 -3.2424855
v 2.9831474 0.21621746 -3.2392373
l 2323 2324
v 2.9925604 0.20714426 -3.2435803
v 2.9906738 0.20918721 -3.2424855
l 2325 2326
v 2.9483716 0.24470496 -3.2246466
v 2.9439416 0.24791473 -3.2229223
l 2327 2328
v 2.9603438 0.23567301 -3.2297802
v 2.9520583 0.2420339 -3.2260814
l 2329 2330
v 2.9520583 0.2420339 -3.2260814
v 2.9483716 0.24470496 -3.2246466
l 2331 2332
v 2.9638731 0.23295125 -3.2313046
v 2.9620423 0.23436317 -3.2305138
l 2333 2334
v 2.9620423 0.23436317 -3.2305138
v 2.9603438 0.23567301 -3.2297802
l 2335 2336
v 2.9692881 0.22877522 -3.2336438
v 2.9638731 0.23295125 -3.2313046
l 2337 2338
v 2.9439416 0.24791473 -3.2229223
v 2.9416883 0.24954714 -3.2220454
l 2339 2340
v 2.9310238 0.25633618 -3.2191374
v 2.9416883 0.24954714 -3.2220454
l 2341 2342
v 2.9291925 0.2573472 -3.218843
v 2.9285998 0.25767443 -3.2187479
l 2343 2344
v 2.9310238 0.25633618 -3.2191374
v 2.9291925 0.2573472 -3.218843
l 2345 2346
v 2.9285998 0.25767443 -3.2187479
v 2.9212637 0.26170513 -3.2174468
l 2347 2348
v 2.9212637 0.26170513 -3.2174468
v 2.9200745 0.26235843 -3.217236
l 2349 2350
v 2.9200745 0.26235843 -3.217236
v 2.9191451 0.2627928 -3.2171724
l 2351 2352
v 2.8977547 0.27171084 -3.2171347
v 2.8974521 0.27182224 -3.2171535
l 2353 2354
v 2.9074228 0.26814932 -3.2165298
v 2.9089203 0.26757118 -3.2164712
l 2355 2356
v 2.9074228 0.26814932 -3.2165298
v 2.8977547 0.27171084 -3.2171347
l 2357 2358
v 2.9191451 0.2627928 -3.2171724
v 2.9089203 0.26757118 -3.2164712
l 2359 2360
v 2.8971522 0.27193183 -3.2171671
v 2.8943186 0.27276051 -3.2175684
l 2361 2362
v 2.8974521 0.27182224 -3.2171535
v 2.8971522 0.27193183 -3.2171671
l 2363 2364
v 2.9416883 -0.24954714 -3.2220454
v 2.9439416 -0.24791473 -3.2229223
l 2365 2366
v 2.9285998 -0.25767443 -3.2187479
v 2.9291925 -0.2573472 -3.218843
l 2367 2368
v 2.9389365 -0.25129899 -3.2212951
v 2.9416883 -0.24954714 -3.2220454
l 2369 2370
v 2.9291925 -0.2573472 -3.218843
v 2.9310238 -0.25633618 -3.2191374
l 2371 2372
v 2.9310238 -0.25633618 -3.2191374
v 2.9389365 -0.25129899 -3.2212951
l 2373 2374
v 2.9520583 -0.2420339 -3.2260814
v 2.9603438 -0.23567301 -3.2297802
l 2375 2376
v 2.9439416 -0.24791473 -3.2229223
v 2.9483716 -0.24470496 -3.2246466
l 2377 2378
v 2.9483716 -0.24470496 -3.2246466
v 2.9520583 -0.2420339 -3.2260814
l 2379 2380
v 2.9074228 -0.26814932 -3.2165298
v 2.8974521 -0.27182224 -3.2171535
l 2381 2382
v 2.9191451 -0.2627928 -3.2171724
v 2.9200745 -0.26235843 -3.217236
l 2383 2384
v 2.9089203 -0.26757118 -3.2164712
v 2.9191451 -0.2627928 -3.2171724
l 2385 2386
v 2.9074228 -0.26814932 -3.2165298
v 2.9088292 -0.26760638 -3.2164748
l 2387 2388
v 2.9088292 -0.26760638 -3.2164748
v 2.9089203 -0.26757118 -3.2164712
l 2389 2390
v 2.8620393 -0.27947441 -3.225636
v 2.8621669 -0.27945742 -3.225594
l 2391 2392
v 2.8620393 -0.27947441 -3.225636
v 2.8506904 -0.28 -3.2306802
l 2393 2394
v 2.8374403 -0.27865219 -3.2391684
v 2.8506904 -0.28 -3.2306802
l 2395 2396
v 2.8853011 -0.27539766 -3.2188456
v 2.8864741 -0.27505457 -3.2186794
l 2397 2398
v 2.8864741 -0.27505457 -3.2186794
v 2.8943186 -0.27276051 -3.2175684
l 2399 2400
v 2.8670244 -0.27880967 -3.2239952
v 2.8735919 -0.27792609 -3.2216909
l 2401 2402
v 2.8853011 -0.27539766 -3.2188456
v 2.8735919 -0.27792609 -3.2216909
l 2403 2404
v 2.8971522 -0.27193183 -3.2171671
v 2.8974521 -0.27182224 -3.2171535
l 2405 2406
v 2.8943186 -0.27276051 -3.2175684
v 2.8971522 -0.27193183 -3.2171671
l 2407 2408
v 2.8099871 0.26742095 -3.2672365
v 2.8088238 0.26677558 -3.2683578
l 2409 2410
v 2.8374403 0.27865219 -3.2391684
v 2.8358891 0.27849594 -3.2401204
l 2411 2412
v 2.8348899 0.2783953 -3.2407339
v 2.8299611 0.27669698 -3.2453516
l 2413 2414
v 2.8299611 0.27669698 -3.2453516
v 2.8207171 0.27376118 -3.2536817
l 2415 2416
v 2.8358891 0.27849594 -3.2401204
v 2.8348899 0.2783953 -3.2407339
l 2417 2418
v 2.8185394 0.27247441 -3.2564325
v 2.8099871 0.26742095 -3.2672365
l 2419 2420
v 2.8207171 0.27376118 -3.2536817
v 2.8185394 0.27247441 -3.2564325
l 2421 2422
v 2.8621669 0.27945742 -3.225594
v 2.8620393 0.27947441 -3.225636
l 2423 2424
v 2.8506904 0.28 -3.2306802
v 2.8620393 0.27947441 -3.225636
l 2425 2426
v 2.8506904 0.28 -3.2306802
v 2.8374403 0.27865219 -3.2391684
l 2427 2428
v 2.8943186 0.27276051 -3.2175684
v 2.8864741 0.27505457 -3.2186794
l 2429 2430
v 2.8864741 0.27505457 -3.2186794
v 2.8853011 0.27539766 -3.2188456
l 2431 2432
v 2.8735919 0.27792609 -3.2216909
v 2.8670244 0.27880967 -3.2239952
l 2433 2434
v 2.8853011 0.27539766 -3.2188456
v 2.8751328 0.27759334 -3.2213166
l 2435 2436
v 2.8751328 0.27759334 -3.2213166
v 2.8735919 0.27792609 -3.2216909
l 2437 2438
v 2.79002 0.2474521 -3.2949221
v 2.7871239 0.24438171 -3.2991076
l 2439 2440
v 2.7967677 0.25648445 -3.2832913
v 2.79002 0.2474521 -3.2949221
l 2441 2442
v 2.7871239 0.24438171 -3.2991076
v 2.7861726 0.24292873 -3.3009269
l 2443 2444
v 2.7777462 0.23032929 -3.3147454
v 2.770874 0.2151632 -3.3283708
l 2445 2446
v 2.770874 0.2151632 -3.3283708
v 2.770638 0.21478173 -3.3287337
l 2447 2448
v 2.7812986 0.23555252 -3.3096769
v 2.7777462 0.23032929 -3.3147454
l 2449 2450
v 2.7659235 0.20349984 -3.3387432
v 2.7642806 0.19953699 -3.3422551
l 2451 2452
v 2.770638 0.21478173 -3.3287337
v 2.7705235 0.21459715 -3.3289092
l 2453 2454
v 2.7705235 0.21459715 -3.3289092
v 2.7659235 0.20349984 -3.3387432
l 2455 2456
v 2.7825401 0.23738164 -3.3078728
v 2.7812986 0.23555252 -3.3096769
l 2457 2458
v 2.7861726 0.24292873 -3.3009269
v 2.7849553 0.24106972 -3.3032548
l 2459 2460
v 2.7849553 0.24106972 -3.3032548
v 2.7825401 0.23738164 -3.3078728
l 2461 2462
v 2.808084 0.26636758 -3.2690506
v 2.8058035 0.26437595 -3.2719204
l 2463 2464
v 2.8088238 0.26677558 -3.2683578
v 2.808084 0.26636758 -3.2690506
l 2465 2466
v 2.7552769 0.19371921 -3.348089
v 2.7549884 0.19371921 -3.3481724
l 2467 2468
v 2.7642806 0.19953699 -3.3422551
v 2.7634583 0.19745523 -3.343648
l 2469 2470
v 2.7621922 0.1914096 -3.3473682
v 2.7596302 0.17917345 -3.354898
l 2471 2472
v 2.7596302 0.17917345 -3.354898
v 2.7596319 0.17918795 -3.3548894
l 2473 2474
v 2.7604682 0.19371921 -3.3465862
v 2.7552769 0.19371921 -3.348089
l 2475 2476
v 2.7634583 0.19745523 -3.343648
v 2.7621922 0.1914096 -3.3473682
l 2477 2478
v 2.7596319 0.17918795 -3.3548894
v 2.7596653 0.17947079 -3.354723
l 2479 2480
v 2.7604232 0.1928357 -3.3470893
v 2.7604682 0.19371921 -3.3465862
l 2481 2482
v 2.760354 0.19148277 -3.3478599
v 2.760401 0.19240263 -3.3473361
l 2483 2484
v 2.7603338 0.19108605 -3.3480859
v 2.760354 0.19148277 -3.3478599
l 2485 2486
v 2.760401 0.19240263 -3.3473361
v 2.7604232 0.1928357 -3.3470893
l 2487 2488
v 2.7596653 0.17947079 -3.354723
v 2.7596672 0.17948723 -3.3547132
l 2489 2490
v 2.7597284 0.18006723 -3.3543737
v 2.7596979 0.17976871 -3.3545482
l 2491 2492
v 2.7596672 0.17948723 -3.3547132
v 2.7596979 0.17976871 -3.3545482
l 2493 2494
v 2.7602849 0.19012982 -3.3486304
v 2.7603338 0.19108605 -3.3480859
l 2495 2496
v 2.7602665 0.18976949 -3.3488357
v 2.7602849 0.19012982 -3.3486304
l 2497 2498
v 2.7602158 0.18877688 -3.349401
v 2.7601466 0.18742393 -3.3501716
l 2499 2500
v 2.7601466 0.18742393 -3.3501716
v 2.7601991 0.18845291 -3.3495855
l 2501 2502
v 2.7601991 0.18845291 -3.3495855
v 2.7602158 0.18877688 -3.349401
l 2503 2504
v 2.7602158 0.18877688 -3.349401
v 2.7602665 0.18976949 -3.3488357
l 2505 2506
v 2.7601318 0.18713634 -3.3503354
v 2.7601466 0.18742393 -3.3501716
l 2507 2508
v 2.7600775 0.18607099 -3.3509421
v 2.7601318 0.18713634 -3.3503354
l 2509 2510
v 2.7601466 0.18742393 -3.3501716
v 2.7600646 0.18581977 -3.3510852
l 2511 2512
v 2.7597566 0.18036631 -3.3541996
v 2.7597284 0.18006723 -3.3543737
l 2513 2514
v 2.7597826 0.18066595 -3.3540261
v 2.7597566 0.18036631 -3.3541996
l 2515 2516
v 2.7597585 0.18038858 -3.3541868
v 2.7597826 0.18066595 -3.3540261
l 2517 2518
v 2.7597566 0.18036631 -3.3541996
v 2.7597585 0.18038858 -3.3541868
l 2519 2520
v 2.7597842 0.18069017 -3.354012
v 2.7598059 0.18096617 -3.3538525
l 2521 2522
v 2.7597826 0.18066595 -3.3540261
v 2.7597842 0.18069017 -3.354012
l 2523 2524
v 2.7598271 0.18126692 -3.3536797
v 2.7598059 0.18096617 -3.3538525
l 2525 2526
v 2.759846 0.18156822 -3.353507
v 2.7598271 0.18126692 -3.3536797
l 2527 2528
v 2.7598288 0.18129501 -3.3536637
v 2.759846 0.18156822 -3.353507
l 2529 2530
v 2.7598271 0.18126692 -3.3536797
v 2.7598288 0.18129501 -3.3536637
l 2531 2532
v 2.759939 0.18336511 -3.3524833
v 2.7599971 0.1845032 -3.351835
l 2533 2534
v 2.7598698 0.18201216 -3.3532538
v 2.7599299 0.18318662 -3.3525848
l 2535 2536
v 2.7598627 0.18187004 -3.3533349
v 2.7598698 0.18201216 -3.3532538
l 2537 2538
v 2.7600646 0.18581977 -3.3510852
v 2.7599299 0.18318662 -3.3525848
l 2539 2540
v 2.7599299 0.18318662 -3.3525848
v 2.759939 0.18336511 -3.3524833
l 2541 2542
v 2.7598476 0.18159825 -3.3534899
v 2.7598627 0.18187004 -3.3533349
l 2543 2544
v 2.759846 0.18156822 -3.353507
v 2.7598476 0.18159825 -3.3534899
l 2545 2546
v 2.7596319 -0.17918795 -3.3548894
v 2.7596302 -0.17917345 -3.354898
l 2547 2548
v 2.7596653 -0.17947079 -3.354723
v 2.7596319 -0.17918795 -3.3548894
l 2549 2550
v 2.7596302 -0.17917345 -3.354898
v 2.7621922 -0.1914096 -3.3473682
l 2551 2552
v 2.7596672 -0.17948723 -3.3547132
v 2.7596653 -0.17947079 -3.354723
l 2553 2554
v 2.7634583 -0.19745523 -3.343648
v 2.7642806 -0.19953699 -3.3422551
l 2555 2556
v 2.7621922 -0.1914096 -3.3473682
v 2.7634583 -0.19745523 -3.343648
l 2557 2558
v 2.7549884 -0.19371921 -3.3481724
v 2.7552769 -0.19371921 -3.348089
l 2559 2560
v 2.7597284 -0.18006723 -3.3543737
v 2.7596998 -0.1797871 -3.3545375
l 2561 2562
v 2.7597284 -0.18006723 -3.3543737
v 2.7597566 -0.18036631 -3.3541996
l 2563 2564
v 2.7552769 -0.19371921 -3.348089
v 2.7604682 -0.19371921 -3.3465862
l 2565 2566
v 2.760354 -0.19148277 -3.3478599
v 2.7603338 -0.19108605 -3.3480859
l 2567 2568
v 2.760401 -0.19240263 -3.3473361
v 2.760354 -0.19148277 -3.3478599
l 2569 2570
v 2.7602665 -0.18976949 -3.3488357
v 2.7603338 -0.19108605 -3.3480859
l 2571 2572
v 2.7602849 -0.19012982 -3.3486304
v 2.7602665 -0.18976949 -3.3488357
l 2573 2574
v 2.7603338 -0.19108605 -3.3480859
v 2.7602849 -0.19012982 -3.3486304
l 2575 2576
v 2.7601466 -0.18742393 -3.3501716
v 2.7602158 -0.18877688 -3.349401
l 2577 2578
v 2.7602158 -0.18877688 -3.349401
v 2.7601991 -0.18845291 -3.3495855
l 2579 2580
v 2.7601991 -0.18845291 -3.3495855
v 2.7601466 -0.18742393 -3.3501716
l 2581 2582
v 2.7597585 -0.18038858 -3.3541868
v 2.7597566 -0.18036631 -3.3541996
l 2583 2584
v 2.7597842 -0.18069017 -3.354012
v 2.7597826 -0.18066595 -3.3540261
l 2585 2586
v 2.7598059 -0.18096617 -3.3538525
v 2.7597842 -0.18069017 -3.354012
l 2587 2588
v 2.7597826 -0.18066595 -3.3540261
v 2.7597585 -0.18038858 -3.3541868
l 2589 2590
v 2.7601318 -0.18713634 -3.3503354
v 2.7600775 -0.18607099 -3.3509421
l 2591 2592
v 2.7601466 -0.18742393 -3.3501716
v 2.7601318 -0.18713634 -3.3503354
l 2593 2594
v 2.7600646 -0.18581977 -3.3510852
v 2.7601466 -0.18742393 -3.3501716
l 2595 2596
v 2.7598078 -0.18099232 -3.3538375
v 2.7598059 -0.18096617 -3.3538525
l 2597 2598
v 2.7599971 -0.1845032 -3.351835
v 2.759939 -0.18336511 -3.3524833
l 2599 2600
v 2.7600083 -0.18471806 -3.3517127
v 2.7599971 -0.1845032 -3.351835
l 2601 2602
v 2.7600646 -0.18581977 -3.3510852
v 2.7600083 -0.18471806 -3.3517127
l 2603 2604
v 2.7598271 -0.18126692 -3.3536797
v 2.7598078 -0.18099232 -3.3538375
l 2605 2606
v 2.7598271 -0.18126692 -3.3536797
v 2.759846 -0.18156822 -3.353507
l 2607 2608
v 2.7598288 -0.18129501 -3.3536637
v 2.7598271 -0.18126692 -3.3536797
l 2609 2610
v 2.759846 -0.18156822 -3.353507
v 2.7598288 -0.18129501 -3.3536637
l 2611 2612
v 2.7598698 -0.18201216 -3.3532538
v 2.7598627 -0.18187004 -3.3533349
l 2613 2614
v 2.7642806 -0.19953699 -3.3422551
v 2.7659235 -0.20349984 -3.3387432
l 2615 2616
v 2.770874 -0.2151632 -3.3283708
v 2.7705235 -0.21459715 -3.3289092
l 2617 2618
v 2.770638 -0.21478173 -3.3287337
v 2.770874 -0.2151632 -3.3283708
l 2619 2620
v 2.7705235 -0.21459715 -3.3289092
v 2.770638 -0.21478173 -3.3287337
l 2621 2622
v 2.7659235 -0.20349984 -3.3387432
v 2.7705235 -0.21459715 -3.3289092
l 2623 2624
v 2.770874 -0.2151632 -3.3283708
v 2.7777462 -0.23032929 -3.3147454
l 2625 2626
v 2.7777462 -0.23032929 -3.3147454
v 2.7812986 -0.23555252 -3.3096769
l 2627 2628
v 2.7812986 -0.23555252 -3.3096769
v 2.7825401 -0.23738164 -3.3078728
l 2629 2630
v 2.7849553 -0.24106972 -3.3032548
v 2.7861726 -0.24292873 -3.3009269
l 2631 2632
v 2.7825401 -0.23738164 -3.3078728
v 2.7849553 -0.24106972 -3.3032548
l 2633 2634
v 2.808084 -0.26636758 -3.2690506
v 2.8088238 -0.26677558 -3.2683578
l 2635 2636
v 2.8058035 -0.26437595 -3.2719204
v 2.808084 -0.26636758 -3.2690506
l 2637 2638
v 2.8088238 -0.26677558 -3.2683578
v 2.8099871 -0.26742095 -3.2672365
l 2639 2640
v 2.79002 -0.2474521 -3.2949221
v 2.7967677 -0.25648445 -3.2832913
l 2641 2642
v 2.7871239 -0.24438171 -3.2991076
v 2.79002 -0.2474521 -3.2949221
l 2643 2644
v 2.7861726 -0.24292873 -3.3009269
v 2.7871239 -0.24438171 -3.2991076
l 2645 2646
v 2.8014331 -0.26055902 -3.2774203
v 2.8058035 -0.26437595 -3.2719204
l 2647 2648
v 2.7967677 -0.25648445 -3.2832913
v 2.8014331 -0.26055902 -3.2774203
l 2649 2650
v 2.8299611 -0.27669698 -3.2453516
v 2.8348899 -0.2783953 -3.2407339
l 2651 2652
v 2.8207171 -0.27376118 -3.2536817
v 2.8299611 -0.27669698 -3.2453516
l 2653 2654
v 2.8358891 -0.27849594 -3.2401204
v 2.8374403 -0.27865219 -3.2391684
l 2655 2656
v 2.8348899 -0.2783953 -3.2407339
v 2.8358891 -0.27849594 -3.2401204
l 2657 2658
v 2.8099871 -0.26742095 -3.2672365
v 2.8185394 -0.27247441 -3.2564325
l 2659 2660
v 2.8185394 -0.27247441 -3.2564325
v 2.8207171 -0.27376118 -3.2536817
l 2661 2662
v 2.7239668 -0.19371921 -3.3561997
v 2.7245417 -0.19371921 -3.3560643
l 2663 2664
v 2.7142429 -0.19371921 -3.3584878
v 2.7239668 -0.19371921 -3.3561997
l 2665 2666
v 2.7065079 -0.19371921 -3.3603082
v 2.7142429 -0.19371921 -3.3584878
l 2667 2668
v 2.7245417 -0.19371921 -3.3560643
v 2.7277465 -0.19371921 -3.3553102
l 2669 2670
v 2.7277465 -0.19371921 -3.3553102
v 2.7300169 -0.19371921 -3.3547759
l 2671 2672
v 2.7427847 -0.19371921 -3.3513997
v 2.7508559 -0.19371921 -3.3492653
l 2673 2674
v 2.7417257 -0.19371921 -3.3516796
v 2.7300169 -0.19371921 -3.3547759
l 2675 2676
v 2.7417257 -0.19371921 -3.3516796
v 2.7427847 -0.19371921 -3.3513997
l 2677 2678
v 2.7508559 -0.19371921 -3.3492653
v 2.7549884 -0.19371921 -3.3481724
l 2679 2680
v 2.7549884 0.19371921 -3.3481724
v 2.7508559 0.19371921 -3.3492653
l 2681 2682
v 2.7508559 0.19371921 -3.3492653
v 2.7427847 0.19371921 -3.3513997
l 2683 2684
v 2.7300169 0.19371921 -3.3547759
v 2.7417257 0.19371921 -3.3516796
l 2685 2686
v 2.7427847 0.19371921 -3.3513997
v 2.7417257 0.19371921 -3.3516796
l 2687 2688
v 2.7300169 0.19371921 -3.3547759
v 2.7245417 0.19371921 -3.3560643
l 2689 2690
v 2.7245417 0.19371921 -3.3560643
v 2.7239668 0.19371921 -3.3561997
l 2691 2692
v 2.7142429 0.19371921 -3.3584878
v 2.7065079 0.19371921 -3.3603082
l 2693 2694
v 2.7239668 0.19371921 -3.3561997
v 2.7142429 0.19371921 -3.3584878
l 2695 2696
v 2.6779895 0.19371921 -3.3657613
v 2.6723545 0.19371921 -3.366658
l 2697 2698
v 2.667712 0.19371921 -3.3673968
v 2.6643727 0.19371921 -3.3679283
l 2699 2700
v 2.6723545 0.19371921 -3.366658
v 2.667712 0.19371921 -3.3673968
l 2701 2702
v 2.6782095 0.19371921 -3.3657262
v 2.6779895 0.19371921 -3.3657613
l 2703 2704
v 2.6845853 0.19371921 -3.3647115
v 2.6782095 0.19371921 -3.3657262
l 2705 2706
v 2.7002318 0.19371921 -3.3615687
v 2.6975231 0.19371921 -3.3621128
l 2707 2708
v 2.6847389 0.19371921 -3.3646808
v 2.6975231 0.19371921 -3.3621128
l 2709 2710
v 2.6847389 0.19371921 -3.3646808
v 2.6845853 0.19371921 -3.3647115
l 2711 2712
v 2.7019496 0.19371921 -3.3612237
v 2.7002318 0.19371921 -3.3615687
l 2713 2714
v 2.7065079 0.19371921 -3.3603082
v 2.7049251 0.19371921 -3.360626
l 2715 2716
v 2.7049251 0.19371921 -3.360626
v 2.7019496 0.19371921 -3.3612237
l 2717 2718
v 2.6779895 -0.19371921 -3.3657613
v 2.6782095 -0.19371921 -3.3657262
l 2719 2720
v 2.6782095 -0.19371921 -3.3657262
v 2.6845853 -0.19371921 -3.3647115
l 2721 2722
v 2.6975231 -0.19371921 -3.3621128
v 2.7002318 -0.19371921 -3.3615687
l 2723 2724
v 2.6897051 -0.19371921 -3.3636832
v 2.6845853 -0.19371921 -3.3647115
l 2725 2726
v 2.6897051 -0.19371921 -3.3636832
v 2.6975231 -0.19371921 -3.3621128
l 2727 2728
v 2.7049251 -0.19371921 -3.360626
v 2.7065079 -0.19371921 -3.3603082
l 2729 2730
v 2.7002318 -0.19371921 -3.3615687
v 2.7019496 -0.19371921 -3.3612237
l 2731 2732
v 2.7019496 -0.19371921 -3.3612237
v 2.7049251 -0.19371921 -3.360626
l 2733 2734
v 2.6723545 -0.19371921 -3.366658
v 2.6779895 -0.19371921 -3.3657613
l 2735 2736
v 2.6723545 -0.19371921 -3.366658
v 2.6643727 -0.19371921 -3.3679283
l 2737 2738
v 2.6368868 -0.19371921 -3.3702724
v 2.6399474 -0.19371921 -3.3701475
l 2739 2740
v 2.6323986 -0.19371921 -3.3704557
v 2.6368868 -0.19371921 -3.3702724
l 2741 2742
v 2.641959 -0.19371921 -3.3700655
v 2.6459937 -0.19371921 -3.3699007
l 2743 2744
v 2.6399474 -0.19371921 -3.3701475
v 2.6403365 -0.19371921 -3.3701317
l 2745 2746
v 2.6403365 -0.19371921 -3.3701317
v 2.641959 -0.19371921 -3.3700655
l 2747 2748
v 2.6577623 -0.19371921 -3.3686378
v 2.6578753 -0.19371921 -3.3686256
l 2749 2750
v 2.6549935 -0.19371921 -3.3689349
v 2.6577623 -0.19371921 -3.3686378
l 2751 2752
v 2.6578753 -0.19371921 -3.3686256
v 2.6629586 -0.19371921 -3.3680801
l 2753 2754
v 2.6629586 -0.19371921 -3.3680801
v 2.6643727 -0.19371921 -3.3679283
l 2755 2756
v 2.6643727 0.19371921 -3.3679283
v 2.6578753 0.19371921 -3.3686256
l 2757 2758
v 2.6578753 0.19371921 -3.3686256
v 2.6577623 0.19371921 -3.3686378
l 2759 2760
v 2.6577623 0.19371921 -3.3686378
v 2.6549935 0.19371921 -3.3689349
l 2761 2762
v 2.6403365 0.19371921 -3.3701317
v 2.6399474 0.19371921 -3.3701475
l 2763 2764
v 2.6459937 0.19371921 -3.3699007
v 2.641959 0.19371921 -3.3700655
l 2765 2766
v 2.641959 0.19371921 -3.3700655
v 2.6403365 0.19371921 -3.3701317
l 2767 2768
v 2.6399474 0.19371921 -3.3701475
v 2.6368868 0.19371921 -3.3702724
l 2769 2770
v 2.6295722 0.19371921 -3.3705709
v 2.6368868 0.19371921 -3.3702724
l 2771 2772
v 2.5839906 0.19371921 -3.3705151
v 2.5822134 0.19371921 -3.3705072
l 2773 2774
v 2.5822134 0.19371921 -3.3705072
v 2.5812666 0.19371921 -3.3705029
l 2775 2776
v 2.5569489 0.19371921 -3.3703945
v 2.5560834 0.19371921 -3.3703907
l 2777 2778
v 2.5569489 0.19371921 -3.3703945
v 2.5713849 0.19371921 -3.3704588
l 2779 2780
v 2.6009505 0.19371921 -3.3705359
v 2.5991387 0.19371921 -3.3705337
l 2781 2782
v 2.5991387 0.19371921 -3.3705337
v 2.5962491 0.19371921 -3.3705301
l 2783 2784
v 2.5890048 0.19371921 -3.3705213
v 2.5839906 0.19371921 -3.3705151
l 2785 2786
v 2.5962491 0.19371921 -3.3705301
v 2.5911534 0.19371921 -3.3705239
l 2787 2788
v 2.5911534 0.19371921 -3.3705239
v 2.5890048 0.19371921 -3.3705213
l 2789 2790
v 2.6295722 0.19371921 -3.3705709
v 2.6246722 0.19371921 -3.3705649
l 2791 2792
v 2.6246722 0.19371921 -3.3705649
v 2.6225362 0.19371921 -3.3705623
l 2793 2794
v 2.6035006 0.19371921 -3.3705389
v 2.6009505 0.19371921 -3.3705359
l 2795 2796
v 2.6035006 0.19371921 -3.3705389
v 2.6101718 0.19371921 -3.3705473
l 2797 2798
v 2.6225362 0.19371921 -3.3705623
v 2.6174223 0.19371921 -3.3705561
l 2799 2800
v 2.5560834 0.19371921 -3.3703907
v 2.5551417 0.19371921 -3.3703864
l 2801 2802
v 2.5396464 0.19371921 -3.3703172
v 2.5523386 0.19371921 -3.370374
l 2803 2804
v 2.5551417 0.19371921 -3.3703864
v 2.5523386 0.19371921 -3.370374
l 2805 2806
v 2.5396464 0.19371921 -3.3703172
v 2.5351279 0.19371921 -3.3702772
l 2807 2808
v 2.5351279 0.19371921 -3.3702772
v 2.5331848 0.19371921 -3.3702598
l 2809 2810
v 2.5124691 0.19371921 -3.3700752
v 2.512382 0.19371921 -3.3700743
l 2811 2812
v 2.5124691 0.19371921 -3.3700752
v 2.5331848 0.19371921 -3.3702598
l 2813 2814
v 2.4965286 0.19371921 -3.3699331
v 2.4951868 0.19371921 -3.3699133
l 2815 2816
v 2.4934704 0.19371921 -3.3698883
v 2.4951868 0.19371921 -3.3699133
l 2817 2818
v 2.4755728 0.19371921 -3.3696256
v 2.4934704 0.19371921 -3.3698883
l 2819 2820
v 2.4755728 0.19371921 -3.3696256
v 2.4698224 0.19371921 -3.3695412
l 2821 2822
v 2.512382 0.19371921 -3.3700743
v 2.5081863 0.19371921 -3.3700371
l 2823 2824
v 2.5081863 0.19371921 -3.3700371
v 2.4965286 0.19371921 -3.3699331
l 2825 2826
v 2.4599319 0.17947079 -3.3773003
v 2.4599848 0.17923078 -3.377434
l 2827 2828
v 2.4599848 0.17923078 -3.377434
v 2.4599974 0.17917345 -3.3774662
l 2829 2830
v 2.4567556 0.18953042 -3.3716729
v 2.4546258 0.19633417 -3.3678672
l 2831 2832
v 2.4599974 0.17917345 -3.3774662
v 2.4567556 0.18953042 -3.3716729
l 2833 2834
v 2.4599192 0.17953019 -3.3772671
v 2.4599319 0.17947079 -3.3773003
l 2835 2836
v 2.4598684 0.17976871 -3.3771341
v 2.4599192 0.17953019 -3.3772671
l 2837 2838
v 2.4598076 0.18006723 -3.3769674
v 2.459856 0.17983019 -3.3770998
l 2839 2840
v 2.459856 0.17983019 -3.3770998
v 2.4598684 0.17976871 -3.3771341
l 2841 2842
v 2.4698224 0.19371921 -3.3695412
v 2.4656277 0.19371921 -3.3694794
l 2843 2844
v 2.4578767 0.19240263 -3.370096
v 2.4576752 0.19371921 -3.3693628
l 2845 2846
v 2.4577787 0.19304366 -3.3697391
v 2.4578767 0.19240263 -3.370096
l 2847 2848
v 2.4576752 0.19371921 -3.3693628
v 2.4577787 0.19304366 -3.3697391
l 2849 2850
v 2.4656277 0.19371921 -3.3694794
v 2.4576752 0.19371921 -3.3693628
l 2851 2852
v 2.459795 0.18013078 -3.3769321
v 2.4598076 0.18006723 -3.3769674
l 2853 2854
v 2.4578767 0.19240263 -3.370096
v 2.4579859 0.19168927 -3.3704934
l 2855 2856
v 2.4580784 0.19108605 -3.3708293
v 2.4581933 0.19033487 -3.3712478
l 2857 2858
v 2.4579859 0.19168927 -3.3704934
v 2.4580784 0.19108605 -3.3708293
l 2859 2860
v 2.4584007 0.18898048 -3.3720021
v 2.4581933 0.19033487 -3.3712478
l 2861 2862
v 2.4584007 0.18898048 -3.3720021
v 2.4584813 0.18845291 -3.3722961
l 2863 2864
v 2.4584813 0.18845291 -3.3722961
v 2.4579859 0.19168927 -3.3704934
l 2865 2866
v 2.458683 0.18713634 -3.3730295
v 2.4588153 0.18627168 -3.3735111
l 2867 2868
v 2.4590225 0.18491729 -3.3742654
v 2.4588153 0.18627168 -3.3735111
l 2869 2870
v 2.4588845 0.18581977 -3.3737626
v 2.4590225 0.18491729 -3.3742654
l 2871 2872
v 2.4588153 0.18627168 -3.3735111
v 2.4588845 0.18581977 -3.3737626
l 2873 2874
v 2.4592876 0.18318662 -3.3752294
v 2.4590859 0.1845032 -3.374496
l 2875 2876
v 2.4594374 0.18220849 -3.3757741
v 2.4590859 0.1845032 -3.374496
l 2877 2878
v 2.4592876 0.18318662 -3.3752294
v 2.4594374 0.18220849 -3.3757741
l 2879 2880
v 2.4594891 0.18187004 -3.3759627
v 2.4595249 0.18164217 -3.3760896
l 2881 2882
v 2.4595249 0.18164217 -3.3760896
v 2.4595363 0.18156822 -3.3761308
l 2883 2884
v 2.4594374 0.18220849 -3.3757741
v 2.4590225 0.18491729 -3.3742654
l 2885 2886
v 2.4590225 0.18491729 -3.3742654
v 2.4590859 0.1845032 -3.374496
l 2887 2888
v 2.4594374 0.18220849 -3.3757741
v 2.4588153 0.18627168 -3.3735111
l 2889 2890
v 2.4597487 0.18036631 -3.3768008
v 2.459795 0.18013078 -3.3769321
l 2891 2892
v 2.4596922 0.18066595 -3.3766336
v 2.4597363 0.18043195 -3.3767641
l 2893 2894
v 2.4597363 0.18043195 -3.3767641
v 2.4597487 0.18036631 -3.3768008
l 2895 2896
v 2.4596798 0.18073368 -3.376596
v 2.4596922 0.18066595 -3.3766336
l 2897 2898
v 2.4596381 0.18096617 -3.3764663
v 2.4596798 0.18073368 -3.376596
l 2899 2900
v 2.4594374 0.18220849 -3.3757741
v 2.4594891 0.18187004 -3.3759627
l 2901 2902
v 2.459626 0.18103597 -3.3764274
v 2.4596381 0.18096617 -3.3764663
l 2903 2904
v 2.4595861 0.18126692 -3.3762987
v 2.459626 0.18103597 -3.3764274
l 2905 2906
v 2.4519281 0.20213233 -3.3645918
v 2.4475617 0.21083686 -3.3596673
l 2907 2908
v 2.4546258 0.19633417 -3.3678672
v 2.4542742 0.19745523 -3.3672378
l 2909 2910
v 2.4542742 0.19745523 -3.3672378
v 2.4519281 0.20213233 -3.3645918
l 2911 2912
v 2.4393909 0.22498637 -3.3487926
v 2.4362478 0.2302006 -3.3447819
l 2913 2914
v 2.4475617 0.21083686 -3.3596673
v 2.4461439 0.21338131 -3.357713
l 2915 2916
v 2.4456532 0.21459715 -3.3567836
v 2.4461439 0.21338131 -3.357713
l 2917 2918
v 2.4461439 0.21338131 -3.357713
v 2.4458163 0.21419296 -3.3570926
l 2919 2920
v 2.4458163 0.21419296 -3.3570926
v 2.4456532 0.21459715 -3.3567836
l 2921 2922
v 2.4456532 0.21459715 -3.3567836
v 2.4393909 0.22498637 -3.3487926
l 2923 2924
v 2.4091947 0.2581031 -3.3219116
v 2.4090617 0.25819835 -3.3218112
l 2925 2926
v 2.3820519 0.27376118 -3.3052247
v 2.3976498 0.26636758 -3.3132093
l 2927 2928
v 2.4090617 0.25819835 -3.3218112
v 2.3976498 0.26636758 -3.3132093
l 2929 2930
v 2.3820519 0.27376118 -3.3052247
v 2.3744199 0.27582404 -3.3028724
l 2931 2932
v 2.4139266 0.25394377 -3.3262501
v 2.4114559 0.25648445 -3.3236158
l 2933 2934
v 2.4114559 0.25648445 -3.3236158
v 2.4091947 0.2581031 -3.3219116
l 2935 2936
v 2.4142289 0.25363317 -3.3265688
v 2.4139266 0.25394377 -3.3262501
l 2937 2938
v 2.4165332 0.25131887 -3.3283708
v 2.4142289 0.25363317 -3.3265688
l 2939 2940
v 2.4362478 0.2302006 -3.3447819
v 2.4361701 0.23032929 -3.3446829
l 2941 2942
v 2.4227417 0.24585235 -3.3326454
v 2.4165332 0.25131887 -3.3283708
l 2943 2944
v 2.4244118 0.24438171 -3.3337953
v 2.4227417 0.24585235 -3.3326454
l 2945 2946
v 2.4361701 0.23032929 -3.3446829
v 2.4317861 0.23556887 -3.3406234
l 2947 2948
v 2.4317861 0.23556887 -3.3406234
v 2.4244118 0.24438171 -3.3337953
l 2949 2950
v 2.3360946 0.27956107 -3.2971866
v 2.334044 0.27947441 -3.297138
l 2951 2952
v 2.326755 0.2785522 -3.2975783
v 2.3218062 0.27792609 -3.2978776
l 2953 2954
v 2.334044 0.27947441 -3.297138
v 2.326755 0.2785522 -3.2975783
l 2955 2956
v 2.3152225 0.27653843 -3.29883
v 2.3119173 0.2758418 -3.2993083
l 2957 2958
v 2.3218062 0.27792609 -3.2978776
v 2.3152225 0.27653843 -3.29883
l 2959 2960
v 2.3463919 0.27999574 -3.2972755
v 2.3386559 0.2796692 -3.2972088
l 2961 2962
v 2.3386559 0.2796692 -3.2972088
v 2.3360946 0.27956107 -3.2971866
l 2963 2964
v 2.3744199 0.27582404 -3.3028724
v 2.3717692 0.27654135 -3.3020203
l 2965 2966
v 2.3464928 0.28 -3.2972765
v 2.364918 0.2783953 -3.299818
l 2967 2968
v 2.3717692 0.27654135 -3.3020203
v 2.364918 0.2783953 -3.299818
l 2969 2970
v 2.3464928 0.28 -3.2972765
v 2.3463919 0.27999574 -3.2972755
l 2971 2972
v 2.3119173 0.2758418 -3.2993083
v 2.3098099 0.27539766 -3.2996132
l 2973 2974
v 2.2989395 0.27217978 -3.3021128
v 2.3098099 0.27539766 -3.2996132
l 2975 2976
v 2.4656277 -0.19371921 -3.3694794
v 2.4698224 -0.19371921 -3.3695412
l 2977 2978
v 2.4546258 -0.19633417 -3.3678672
v 2.4567556 -0.18953042 -3.3716729
l 2979 2980
v 2.4567556 -0.18953042 -3.3716729
v 2.4599974 -0.17917345 -3.3774662
l 2981 2982
v 2.4599974 -0.17917345 -3.3774662
v 2.4599848 -0.17923078 -3.377434
l 2983 2984
v 2.4599319 -0.17947079 -3.3773003
v 2.4599192 -0.17953019 -3.3772671
l 2985 2986
v 2.4599192 -0.17953019 -3.3772671
v 2.4598684 -0.17976871 -3.3771341
l 2987 2988
v 2.4599848 -0.17923078 -3.377434
v 2.4599319 -0.17947079 -3.3773003
l 2989 2990
v 2.4576752 -0.19371921 -3.3693628
v 2.4656277 -0.19371921 -3.3694794
l 2991 2992
v 2.4578767 -0.19240263 -3.370096
v 2.4577787 -0.19304366 -3.3697391
l 2993 2994
v 2.4577787 -0.19304366 -3.3697391
v 2.4576752 -0.19371921 -3.3693628
l 2995 2996
v 2.4581933 -0.19033487 -3.3712478
v 2.4580784 -0.19108605 -3.3708293
l 2997 2998
v 2.4580784 -0.19108605 -3.3708293
v 2.4579859 -0.19168927 -3.3704934
l 2999 3000
v 2.4578767 -0.19240263 -3.370096
v 2.4581933 -0.19033487 -3.3712478
l 3001 3002
v 2.4581933 -0.19033487 -3.3712478
v 2.4584007 -0.18898048 -3.3720021
l 3003 3004
v 2.4584813 -0.18845291 -3.3722961
v 2.4584007 -0.18898048 -3.3720021
l 3005 3006
v 2.4598684 -0.17976871 -3.3771341
v 2.459856 -0.17983019 -3.3770998
l 3007 3008
v 2.459856 -0.17983019 -3.3770998
v 2.4598076 -0.18006723 -3.3769674
l 3009 3010
v 2.4581933 -0.19033487 -3.3712478
v 2.4586079 -0.18762608 -3.3727565
l 3011 3012
v 2.4586079 -0.18762608 -3.3727565
v 2.4588153 -0.18627168 -3.3735111
l 3013 3014
v 2.4588153 -0.18627168 -3.3735111
v 2.4590225 -0.18491729 -3.3742654
l 3015 3016
v 2.4590225 -0.18491729 -3.3742654
v 2.4588845 -0.18581977 -3.3737626
l 3017 3018
v 2.4588845 -0.18581977 -3.3737626
v 2.4588153 -0.18627168 -3.3735111
l 3019 3020
v 2.4590225 -0.18491729 -3.3742654
v 2.4592299 -0.18356289 -3.3750198
l 3021 3022
v 2.4592299 -0.18356289 -3.3750198
v 2.4590859 -0.1845032 -3.374496
l 3023 3024
v 2.4590859 -0.1845032 -3.374496
v 2.4590225 -0.18491729 -3.3742654
l 3025 3026
v 2.4594374 -0.18220849 -3.3757741
v 2.4592876 -0.18318662 -3.3752294
l 3027 3028
v 2.4592876 -0.18318662 -3.3752294
v 2.4592299 -0.18356289 -3.3750198
l 3029 3030
v 2.4595363 -0.18156822 -3.3761308
v 2.4595249 -0.18164217 -3.3760896
l 3031 3032
v 2.4595249 -0.18164217 -3.3760896
v 2.4594891 -0.18187004 -3.3759627
l 3033 3034
v 2.4598076 -0.18006723 -3.3769674
v 2.459795 -0.18013078 -3.3769321
l 3035 3036
v 2.4588153 -0.18627168 -3.3735111
v 2.4592299 -0.18356289 -3.3750198
l 3037 3038
v 2.459795 -0.18013078 -3.3769321
v 2.4597487 -0.18036631 -3.3768008
l 3039 3040
v 2.4597487 -0.18036631 -3.3768008
v 2.4597363 -0.18043195 -3.3767641
l 3041 3042
v 2.4597363 -0.18043195 -3.3767641
v 2.4596922 -0.18066595 -3.3766336
l 3043 3044
v 2.4596922 -0.18066595 -3.3766336
v 2.4596798 -0.18073368 -3.376596
l 3045 3046
v 2.4594891 -0.18187004 -3.3759627
v 2.4594374 -0.18220849 -3.3757741
l 3047 3048
v 2.4596798 -0.18073368 -3.376596
v 2.4596381 -0.18096617 -3.3764663
l 3049 3050
v 2.4596381 -0.18096617 -3.3764663
v 2.459626 -0.18103597 -3.3764274
l 3051 3052
v 2.4595742 -0.1813388 -3.3762586
v 2.4595363 -0.18156822 -3.3761308
l 3053 3054
v 2.459626 -0.18103597 -3.3764274
v 2.4595861 -0.18126692 -3.3762987
l 3055 3056
v 2.4595861 -0.18126692 -3.3762987
v 2.4595742 -0.1813388 -3.3762586
l 3057 3058
v 2.4951868 -0.19371921 -3.3699133
v 2.4965286 -0.19371921 -3.3699331
l 3059 3060
v 2.4951868 -0.19371921 -3.3699133
v 2.4801853 -0.19371921 -3.3696933
l 3061 3062
v 2.4965286 -0.19371921 -3.3699331
v 2.512382 -0.19371921 -3.3700743
l 3063 3064
v 2.5551417 -0.19371921 -3.3703864
v 2.5560834 -0.19371921 -3.3703907
l 3065 3066
v 2.5396464 -0.19371921 -3.3703172
v 2.5450575 -0.19371921 -3.3703415
l 3067 3068
v 2.5551417 -0.19371921 -3.3703864
v 2.5450575 -0.19371921 -3.3703415
l 3069 3070
v 2.5396464 -0.19371921 -3.3703172
v 2.5331848 -0.19371921 -3.3702598
l 3071 3072
v 2.512382 -0.19371921 -3.3700743
v 2.5124691 -0.19371921 -3.3700752
l 3073 3074
v 2.5839906 -0.19371921 -3.3705151
v 2.5812666 -0.19371921 -3.3705029
l 3075 3076
v 2.5560834 -0.19371921 -3.3703907
v 2.5569489 -0.19371921 -3.3703945
l 3077 3078
v 2.573314 -0.19371921 -3.3704674
v 2.5650735 -0.19371921 -3.3704307
l 3079 3080
v 2.5569489 -0.19371921 -3.3703945
v 2.5650735 -0.19371921 -3.3704307
l 3081 3082
v 2.5812666 -0.19371921 -3.3705029
v 2.573314 -0.19371921 -3.3704674
l 3083 3084
v 2.6009505 -0.19371921 -3.3705359
v 2.5962491 -0.19371921 -3.3705301
l 3085 3086
v 2.5839906 -0.19371921 -3.3705151
v 2.5890048 -0.19371921 -3.3705213
l 3087 3088
v 2.5962491 -0.19371921 -3.3705301
v 2.5890048 -0.19371921 -3.3705213
l 3089 3090
v 2.6009505 -0.19371921 -3.3705359
v 2.6035006 -0.19371921 -3.3705389
l 3091 3092
v 2.6035006 -0.19371921 -3.3705389
v 2.6295722 -0.19371921 -3.3705709
l 3093 3094
v 2.4139266 -0.25394377 -3.3262501
v 2.4142289 -0.25363317 -3.3265688
l 3095 3096
v 2.4142289 -0.25363317 -3.3265688
v 2.4165332 -0.25131887 -3.3283708
l 3097 3098
v 2.4165332 -0.25131887 -3.3283708
v 2.4227417 -0.24585235 -3.3326454
l 3099 3100
v 2.4227417 -0.24585235 -3.3326454
v 2.4244118 -0.24438171 -3.3337953
l 3101 3102
v 2.4114559 -0.25648445 -3.3236158
v 2.4139266 -0.25394377 -3.3262501
l 3103 3104
v 2.4091947 -0.2581031 -3.3219116
v 2.4114559 -0.25648445 -3.3236158
l 3105 3106
v 2.4461439 -0.21338131 -3.357713
v 2.4475617 -0.21083686 -3.3596673
l 3107 3108
v 2.4461439 -0.21338131 -3.357713
v 2.4456532 -0.21459715 -3.3567836
l 3109 3110
v 2.4456532 -0.21459715 -3.3567836
v 2.4458163 -0.21419296 -3.3570926
l 3111 3112
v 2.4458163 -0.21419296 -3.3570926
v 2.4461439 -0.21338131 -3.357713
l 3113 3114
v 2.4393909 -0.22498637 -3.3487926
v 2.4456532 -0.21459715 -3.3567836
l 3115 3116
v 2.3744199 -0.27582404 -3.3028724
v 2.3820519 -0.27376118 -3.3052247
l 3117 3118
v 2.3976498 -0.26636758 -3.3132093
v 2.3820519 -0.27376118 -3.3052247
l 3119 3120
v 2.4542742 -0.19745523 -3.3672378
v 2.4546258 -0.19633417 -3.3678672
l 3121 3122
v 2.4475617 -0.21083686 -3.3596673
v 2.4519281 -0.20213233 -3.3645918
l 3123 3124
v 2.4519281 -0.20213233 -3.3645918
v 2.4542742 -0.19745523 -3.3672378
l 3125 3126
v 2.3360946 -0.27956107 -3.2971866
v 2.3463919 -0.27999574 -3.2972755
l 3127 3128
v 2.334044 -0.27947441 -3.297138
v 2.3360946 -0.27956107 -3.2971866
l 3129 3130
v 2.3119173 -0.2758418 -3.2993083
v 2.3152225 -0.27653843 -3.29883
l 3131 3132
v 2.326755 -0.2785522 -3.2975783
v 2.334044 -0.27947441 -3.297138
l 3133 3134
v 2.3152225 -0.27653843 -3.29883
v 2.3218062 -0.27792609 -3.2978776
l 3135 3136
v 2.3218062 -0.27792609 -3.2978776
v 2.326755 -0.2785522 -3.2975783
l 3137 3138
v 2.2989395 -0.27217978 -3.3021128
v 2.3040621 -0.27369618 -3.300935
l 3139 3140
v 2.3098099 -0.27539766 -3.2996132
v 2.3119173 -0.2758418 -3.2993083
l 3141 3142
v 2.3040621 -0.27369618 -3.300935
v 2.3098099 -0.27539766 -3.2996132
l 3143 3144
v 2.2981031 -0.27193183 -3.3022909
v 2.2989395 -0.27217978 -3.3021128
l 3145 3146
v 2.2981031 -0.27193183 -3.3022909
v 2.286747 -0.26757118 -3.3056998
l 3147 3148
v 2.2837372 -0.26614195 -3.3068769
v 2.286747 -0.26757118 -3.3056998
l 3149 3150
v 2.2551506 -0.24954714 -3.3209167
v 2.2598045 -0.25268692 -3.3182621
l 3151 3152
v 2.2545512 -0.24907552 -3.3213258
v 2.2551506 -0.24954714 -3.3209167
l 3153 3154
v 2.2598045 -0.25268692 -3.3182621
v 2.2629428 -0.25480416 -3.3164721
l 3155 3156
v 2.2629428 -0.25480416 -3.3164721
v 2.2632902 -0.25503808 -3.3162673
l 3157 3158
v 2.2632902 -0.25503808 -3.3162673
v 2.2652178 -0.25633618 -3.3151307
l 3159 3160
v 2.2828627 -0.26572657 -3.307219
v 2.2837372 -0.26614195 -3.3068769
l 3161 3162
v 2.2757699 -0.26235843 -3.3099928
v 2.2828627 -0.26572657 -3.307219
l 3163 3164
v 2.2652178 -0.25633618 -3.3151307
v 2.2728636 -0.26069972 -3.3114078
l 3165 3166
v 2.2728636 -0.26069972 -3.3114078
v 2.2757699 -0.26235843 -3.3099928
l 3167 3168
v 2.2457473 -0.2420339 -3.3258269
v 2.2541511 -0.2487554 -3.3215303
l 3169 3170
v 2.2541511 -0.2487554 -3.3215303
v 2.2545512 -0.24907552 -3.3213258
l 3171 3172
v 2.2385347 -0.23558444 -3.3300283
v 2.2411716 -0.23810324 -3.3283708
l 3173 3174
v 2.2411716 -0.23810324 -3.3283708
v 2.2451549 -0.24152495 -3.3261564
l 3175 3176
v 2.2451549 -0.24152495 -3.3261564
v 2.2457473 -0.2420339 -3.3258269
l 3177 3178
v 2.2289205 -0.22640125 -3.336071
v 2.2385347 -0.23558444 -3.3300283
l 3179 3180
v 2.2280939 -0.22543181 -3.3367262
v 2.2289205 -0.22640125 -3.336071
l 3181 3182
v 2.2385347 0.23558444 -3.3300283
v 2.2289205 0.22640125 -3.336071
l 3183 3184
v 2.2289205 0.22640125 -3.336071
v 2.2280939 0.22543181 -3.3367262
l 3185 3186
v 2.2545512 0.24907552 -3.3213258
v 2.2541511 0.2487554 -3.3215303
l 3187 3188
v 2.2411716 0.23810324 -3.3283708
v 2.2457473 0.2420339 -3.3258269
l 3189 3190
v 2.2541511 0.2487554 -3.3215303
v 2.2457473 0.2420339 -3.3258269
l 3191 3192
v 2.2411716 0.23810324 -3.3283708
v 2.2385347 0.23558444 -3.3300283
l 3193 3194
v 2.2551506 0.24954714 -3.3209167
v 2.2545512 0.24907552 -3.3213258
l 3195 3196
v 2.2598045 0.25268692 -3.3182621
v 2.2551506 0.24954714 -3.3209167
l 3197 3198
v 2.2629428 0.25480416 -3.3164721
v 2.2598045 0.25268692 -3.3182621
l 3199 3200
v 2.2837372 0.26614195 -3.3068769
v 2.2828627 0.26572657 -3.307219
l 3201 3202
v 2.2828627 0.26572657 -3.307219
v 2.2757699 0.26235843 -3.3099928
l 3203 3204
v 2.2632902 0.25503808 -3.3162673
v 2.2629428 0.25480416 -3.3164721
l 3205 3206
v 2.2652178 0.25633618 -3.3151307
v 2.2632902 0.25503808 -3.3162673
l 3207 3208
v 2.2757699 0.26235843 -3.3099928
v 2.2728636 0.26069972 -3.3114078
l 3209 3210
v 2.2728636 0.26069972 -3.3114078
v 2.2652178 0.25633618 -3.3151307
l 3211 3212
v 2.2989395 0.27217978 -3.3021128
v 2.2981031 0.27193183 -3.3022909
l 3213 3214
v 2.2981031 0.27193183 -3.3022909
v 2.2932701 0.27007601 -3.3037417
l 3215 3216
v 2.286747 0.26757118 -3.3056998
v 2.2837372 0.26614195 -3.3068769
l 3217 3218
v 2.2932701 0.27007601 -3.3037417
v 2.286747 0.26757118 -3.3056998
l 3219 3220
v 2.2197142 0.21562119 -3.3431826
v 2.2142186 0.20918721 -3.3474166
l 3221 3222
v 2.2142186 0.20918721 -3.3474166
v 2.2111957 0.20480901 -3.3503788
l 3223 3224
v 2.2280939 0.22543181 -3.3367262
v 2.2270153 0.22416903 -3.3375573
l 3225 3226
v 2.2270153 0.22416903 -3.3375573
v 2.2197142 0.21562119 -3.3431826
l 3227 3228
v 2.194381 0.17867959 -3.3631375
v 2.18975 0.17050879 -3.3670919
l 3229 3230
v 2.18975 0.17050879 -3.3670919
v 2.1880088 0.16654263 -3.3690746
l 3231 3232
v 2.2027445 0.1928715 -3.3561282
v 2.2010763 0.19051522 -3.3572631
l 3233 3234
v 2.2010763 0.19051522 -3.3572631
v 2.1960938 0.18170723 -3.3616347
l 3235 3236
v 2.1960938 0.18170723 -3.3616347
v 2.194381 0.17867959 -3.3631375
l 3237 3238
v 2.2111957 0.20480901 -3.3503788
v 2.2102087 0.2034149 -3.3510501
l 3239 3240
v 2.2102087 0.2034149 -3.3510501
v 2.2027445 0.1928715 -3.3561282
l 3241 3242
v 2.1642249 -0.079608105 -3.396642
v 2.1647553 -0.083546013 -3.3958211
l 3243 3244
v 2.1647553 -0.083546013 -3.3958211
v 2.1668506 -0.099105775 -3.3925772
l 3245 3246
v 2.1634572 -0.05484283 -3.4020925
v 2.1635277 -0.057122983 -3.4015906
l 3247 3248
v 2.1635277 -0.057122983 -3.4015906
v 2.1642249 -0.079608105 -3.396642
l 3249 3250
v 2.1634543 -0.054781601 -3.4020965
v 2.1634572 -0.05484283 -3.4020925
l 3251 3252
v 2.1634729 -0.051990408 -3.4023037
v 2.1634543 -0.054781601 -3.4020965
l 3253 3254
v 2.1674716 -0.10371755 -3.3916156
v 2.1683464 -0.10735204 -3.3909011
l 3255 3256
v 2.1668506 -0.099105775 -3.3925772
v 2.1674716 -0.10371755 -3.3916156
l 3257 3258
v 2.1727934 -0.12698647 -3.3839312
v 2.1752529 -0.13428529 -3.3814344
l 3259 3260
v 2.1752529 -0.13428529 -3.3814344
v 2.1757481 -0.13575496 -3.3809319
l 3261 3262
v 2.1683464 -0.10735204 -3.3909011
v 2.168709 -0.10895372 -3.3903325
l 3263 3264
v 2.168709 -0.10895372 -3.3903325
v 2.1727934 -0.12698647 -3.3839312
l 3265 3266
v 2.1803098 -0.14929137 -3.3763015
v 2.1840107 -0.15743609 -3.3736272
l 3267 3268
v 2.1757481 -0.13575496 -3.3809319
v 2.1803098 -0.14929137 -3.3763015
l 3269 3270
v 2.18435 -0.15820871 -3.3732409
v 2.1880088 -0.16654263 -3.3690746
l 3271 3272
v 2.1840107 -0.15743609 -3.3736272
v 2.18435 -0.15820871 -3.3732409
l 3273 3274
v 2.18975 -0.17050879 -3.3670919
v 2.194381 -0.17867959 -3.3631375
l 3275 3276
v 2.1880088 -0.16654263 -3.3690746
v 2.18975 -0.17050879 -3.3670919
l 3277 3278
v 2.2010763 -0.19051522 -3.3572631
v 2.2027445 -0.1928715 -3.3561282
l 3279 3280
v 2.194381 -0.17867959 -3.3631375
v 2.1960938 -0.18170723 -3.3616347
l 3281 3282
v 2.1960938 -0.18170723 -3.3616347
v 2.2010763 -0.19051522 -3.3572631
l 3283 3284
v 2.2142186 -0.20918721 -3.3474166
v 2.2197142 -0.21562119 -3.3431826
l 3285 3286
v 2.2111957 -0.20480901 -3.3503788
v 2.2142186 -0.20918721 -3.3474166
l 3287 3288
v 2.2102087 -0.2034149 -3.3510501
v 2.2111957 -0.20480901 -3.3503788
l 3289 3290
v 2.2027445 -0.1928715 -3.3561282
v 2.2102087 -0.2034149 -3.3510501
l 3291 3292
v 2.2280939 -0.22543181 -3.3367262
v 2.2197142 -0.21562119 -3.3431826
l 3293 3294
v 2.1638176 0.00023119984 -3.4061441
v 2.1638193 0 -3.4061613
l 3295 3296
v 2.1634948 0.048694756 -3.4025483
v 2.1634729 0.051990408 -3.4023037
l 3297 3298
v 2.1635354 0.042607911 -3.4029999
v 2.1634948 0.048694756 -3.4025483
l 3299 3300
v 2.1636546 0.02471536 -3.4043274
v 2.1636569 0.024347378 -3.4043548
l 3301 3302
v 2.1636569 0.024347378 -3.4043548
v 2.1635354 0.042607911 -3.4029999
l 3303 3304
v 2.1637361 0.012473281 -3.4052358
v 2.1636953 0.018594321 -3.4047816
l 3305 3306
v 2.1636953 0.018594321 -3.4047816
v 2.1636977 0.018260533 -3.4048064
l 3307 3308
v 2.1636977 0.018260533 -3.4048064
v 2.1637361 0.012473281 -3.4052358
l 3309 3310
v 2.1636569 0.024347378 -3.4043548
v 2.1636953 0.018594321 -3.4047816
l 3311 3312
v 2.1637769 0.0063522402 -3.40569
v 2.1637361 0.012473281 -3.4052358
l 3313 3314
v 2.1637383 0.012173689 -3.4052582
v 2.1637769 0.0063522402 -3.40569
l 3315 3316
v 2.1637361 0.012473281 -3.4052358
v 2.1637383 0.012173689 -3.4052582
l 3317 3318
v 2.1637769 0.0063522402 -3.40569
v 2.1637788 0.0060868445 -3.4057097
l 3319 3320
v 2.1637788 0.0060868445 -3.4057097
v 2.1638176 0.00023119984 -3.4061441
l 3321 3322
v 2.1638193 0 -3.4061613
v 2.1638176 -0.00023119984 -3.4061441
l 3323 3324
v 2.1638176 -0.00023119984 -3.4061441
v 2.1637788 -0.0060868445 -3.4057097
l 3325 3326
v 2.1637788 -0.0060868445 -3.4057097
v 2.1637769 -0.0063522402 -3.40569
l 3327 3328
v 2.1637769 -0.0063522402 -3.40569
v 2.1637383 -0.012173689 -3.4052582
l 3329 3330
v 2.1637383 -0.012173689 -3.4052582
v 2.1637361 -0.012473281 -3.4052358
l 3331 3332
v 2.1636953 -0.018594321 -3.4047816
v 2.1637361 -0.012473281 -3.4052358
l 3333 3334
v 2.1636977 -0.018260533 -3.4048064
v 2.1636953 -0.018594321 -3.4047816
l 3335 3336
v 2.1637361 -0.012473281 -3.4052358
v 2.1636977 -0.018260533 -3.4048064
l 3337 3338
v 2.1636569 -0.024347378 -3.4043548
v 2.1636546 -0.02471536 -3.4043274
l 3339 3340
v 2.1636546 -0.02471536 -3.4043274
v 2.1636164 -0.030434223 -3.4039032
l 3341 3342
v 2.1636953 -0.018594321 -3.4047816
v 2.1636569 -0.024347378 -3.4043548
l 3343 3344
v 2.1637361 -0.012473281 -3.4052358
v 2.1638176 -0.00023119984 -3.4061441
l 3345 3346
v 2.1634915 -0.049199522 -3.4025109
v 2.1634729 -0.051990408 -3.4023037
l 3347 3348
v 2.1634948 -0.048694756 -3.4025483
v 2.1635354 -0.042607911 -3.4029999
l 3349 3350
v 2.1634948 -0.048694756 -3.4025483
v 2.1634915 -0.049199522 -3.4025109
l 3351 3352
v 2.1635354 -0.042607911 -3.4029999
v 2.1635759 -0.036521066 -3.4034514
l 3353 3354
v 2.1635759 -0.036521066 -3.4034514
v 2.1636164 -0.030434223 -3.4039032
l 3355 3356
v 2.1636164 -0.030434223 -3.4039032
v 2.1636138 -0.030836402 -3.4038734
l 3357 3358
v 2.1636138 -0.030836402 -3.4038734
v 2.1635759 -0.036521066 -3.4034514
l 3359 3360
v 2.1668506 0.099105775 -3.3925772
v 2.1647553 0.083546013 -3.3958211
l 3361 3362
v 2.1647553 0.083546013 -3.3958211
v 2.1642249 0.079608105 -3.396642
l 3363 3364
v 2.1642249 0.079608105 -3.396642
v 2.1635277 0.057122983 -3.4015906
l 3365 3366
v 2.1635277 0.057122983 -3.4015906
v 2.1634572 0.05484283 -3.4020925
l 3367 3368
v 2.1634543 0.054781601 -3.4020965
v 2.1634729 0.051990408 -3.4023037
l 3369 3370
v 2.1634572 0.05484283 -3.4020925
v 2.1634543 0.054781601 -3.4020965
l 3371 3372
v 2.1752529 0.13428529 -3.3814344
v 2.1727934 0.12698647 -3.3839312
l 3373 3374
v 2.1757481 0.13575496 -3.3809319
v 2.1752529 0.13428529 -3.3814344
l 3375 3376
v 2.168709 0.10895372 -3.3903325
v 2.1683464 0.10735204 -3.3909011
l 3377 3378
v 2.1727934 0.12698647 -3.3839312
v 2.168709 0.10895372 -3.3903325
l 3379 3380
v 2.1683464 0.10735204 -3.3909011
v 2.1674716 0.10371755 -3.3916156
l 3381 3382
v 2.1674716 0.10371755 -3.3916156
v 2.1668506 0.099105775 -3.3925772
l 3383 3384
v 2.1880088 0.16654263 -3.3690746
v 2.18435 0.15820871 -3.3732409
l 3385 3386
v 2.18435 0.15820871 -3.3732409
v 2.1840107 0.15743609 -3.3736272
l 3387 3388
v 2.1840107 0.15743609 -3.3736272
v 2.1803098 0.14929137 -3.3763015
l 3389 3390
v 2.1803098 0.14929137 -3.3763015
v 2.1757481 0.13575496 -3.3809319
l 3391 3392
v 2.3463919 -0.27999574 -3.2972755
v 2.3464928 -0.28 -3.2972765
l 3393 3394
v 2.3464928 -0.28 -3.2972765
v 2.353157 -0.2794196 -3.2981958
l 3395 3396
v 2.353157 -0.2794196 -3.2981958
v 2.364918 -0.2783953 -3.299818
l 3397 3398
v 7.2122383 -2.3024359 -0.78283119
v 7.2161932 -2.3147259 -0.78188378
l 3399 3400
v 7.2161932 -2.3147259 -0.78188378
v 7.2166882 -2.3162651 -0.78176516
l 3401 3402
v 7.2430797 -2.1983922 -0.79093933
v 7.2338786 -2.2063639 -0.79030877
l 3403 3404
v 7.2098327 -2.283401 -0.78430361
v 7.210001 -2.2874584 -0.78398925
l 3405 3406
v 7.2095637 -2.2769248 -0.7848053
v 7.2098327 -2.283401 -0.78430361
l 3407 3408
v 7.2338786 -2.2063639 -0.79030877
v 7.2283273 -2.2154653 -0.7895956
l 3409 3410
v 7.2163253 -2.2387166 -0.78777665
v 7.2122383 -2.251415 -0.78678662
l 3411 3412
v 7.2187595 -2.2311521 -0.78836644
v 7.2163253 -2.2387166 -0.78777665
l 3413 3414
v 7.2283273 -2.2154653 -0.7895956
v 7.2187595 -2.2311521 -0.78836644
l 3415 3416
v 7.2122383 -2.251415 -0.78678662
v 7.2113924 -2.2570789 -0.78634638
l 3417 3418
v 7.2113924 -2.2570789 -0.78634638
v 7.210001 -2.2663913 -0.78562254
l 3419 3420
v 7.2098341 -2.2704122 -0.78531057
v 7.2095637 -2.2769248 -0.7848053
l 3421 3422
v 7.210001 -2.2663913 -0.78562254
v 7.2098341 -2.2704122 -0.78531057
l 3423 3424
v 7.3691368 -2.16099 -0.79270464
v 7.3621678 -2.1600158 -0.79287565
l 3425 3426
v 7.3068032 -2.1641433 -0.79330981
v 7.3621678 -2.1600158 -0.79287565
l 3427 3428
v 7.2911239 -2.1703043 -0.79304391
v 7.2859864 -2.172323 -0.79295683
l 3429 3430
v 7.3068032 -2.1641433 -0.79330981
v 7.2911239 -2.1703043 -0.79304391
l 3431 3432
v 7.3068032 -2.3896089 -0.77574831
v 7.3146367 -2.3901558 -0.77559882
l 3433 3434
v 7.28616 -2.3815954 -0.77665424
v 7.2886324 -2.3825552 -0.77654576
l 3435 3436
v 7.2886324 -2.3825552 -0.77654576
v 7.3068032 -2.3896089 -0.77574831
l 3437 3438
v 7.2522674 -2.1904297 -0.79155678
v 7.2430797 -2.1983922 -0.79093933
l 3439 3440
v 7.2859864 -2.172323 -0.79295683
v 7.2626362 -2.1814442 -0.79225355
l 3441 3442
v 7.2626362 -2.1814442 -0.79225355
v 7.2522674 -2.1904297 -0.79155678
l 3443 3444
v 7.2626362 -2.3724091 -0.77737719
v 7.28616 -2.3815954 -0.77665424
l 3445 3446
v 7.2166882 -2.3162651 -0.78176516
v 7.2187595 -2.322701 -0.78126317
l 3447 3448
v 7.2187595 -2.322701 -0.78126317
v 7.2278366 -2.337584 -0.78010094
l 3449 3450
v 7.2626362 -2.3724091 -0.77737719
v 7.2338786 -2.3474901 -0.77932733
l 3451 3452
v 7.2278366 -2.337584 -0.78010094
v 7.2338786 -2.3474901 -0.77932733
l 3453 3454
v 7.4868789 -2.1870797 -0.78796446
v 7.4799113 -2.1844916 -0.78835064
l 3455 3456
v 7.4799113 -2.1844916 -0.78835064
v 7.4421177 -2.173959 -0.79017091
l 3457 3458
v 7.4218574 -2.1683125 -0.7911467
v 7.4058151 -2.166106 -0.79174215
l 3459 3460
v 7.4421177 -2.173959 -0.79017091
v 7.4218574 -2.1683125 -0.7911467
l 3461 3462
v 7.4218574 -2.3847854 -0.77420151
v 7.4385285 -2.3799865 -0.77413791
l 3463 3464
v 7.4059968 -2.3871126 -0.77443719
v 7.4218574 -2.3847854 -0.77420151
l 3465 3466
v 7.4009953 -2.1654336 -0.79186863
v 7.3691368 -2.16099 -0.79270464
l 3467 3468
v 7.4058151 -2.166106 -0.79174215
v 7.4009953 -2.1654336 -0.79186863
l 3469 3470
v 7.39747 -2.3883474 -0.77447116
v 7.4059968 -2.3871126 -0.77443719
l 3471 3472
v 7.3393631 -2.3918743 -0.77508539
v 7.3621678 -2.3934596 -0.77461189
l 3473 3474
v 7.3146367 -2.3901558 -0.77559882
v 7.3393631 -2.3918743 -0.77508539
l 3475 3476
v 7.3621678 -2.3934596 -0.77461189
v 7.39747 -2.3883474 -0.77447116
l 3477 3478
v 7.4981217 -2.191252 -0.78732115
v 7.4868789 -2.1870797 -0.78796446
l 3479 3480
v 7.5321097 -2.2038715 -0.78537571
v 7.5320115 -2.2038288 -0.78538185
l 3481 3482
v 7.5320115 -2.2038288 -0.78538185
v 7.4981217 -2.191252 -0.78732115
l 3483 3484
v 7.5320115 -2.3482203 -0.77401859
v 7.5322261 -2.348125 -0.77402008
l 3485 3486
v 7.4452348 -2.3780541 -0.77410203
v 7.4799113 -2.3680632 -0.77391678
l 3487 3488
v 7.4385285 -2.3799865 -0.77413791
v 7.4452348 -2.3780541 -0.77410203
l 3489 3490
v 7.5004301 -2.3602486 -0.77395684
v 7.5320115 -2.3482203 -0.77401859
l 3491 3492
v 7.4799113 -2.3680632 -0.77391678
v 7.5004301 -2.3602486 -0.77395684
l 3493 3494
v 7.6039009 -2.236248 -0.78018326
v 7.5876956 -2.2284889 -0.78139079
l 3495 3496
v 7.5876956 -2.2284889 -0.78139079
v 7.5756202 -2.2227073 -0.78229064
l 3497 3498
v 7.5472965 -2.2104459 -0.7842989
v 7.5321097 -2.2038715 -0.78537571
l 3499 3500
v 7.5756202 -2.2227073 -0.78229064
v 7.5472965 -2.2104459 -0.7842989
l 3501 3502
v 7.5756202 -2.3287838 -0.77394342
v 7.5802522 -2.3265066 -0.77395201
l 3503 3504
v 7.5322261 -2.348125 -0.77402008
v 7.5487857 -2.3407443 -0.77399081
l 3505 3506
v 7.5487857 -2.3407443 -0.77399081
v 7.5756202 -2.3287838 -0.77394342
l 3507 3508
v 7.6641326 -2.2824476 -0.77420813
v 7.6676855 -2.2804108 -0.77420855
l 3509 3510
v 7.6676855 -2.2804108 -0.77420855
v 7.6709261 -2.278507 -0.77421254
l 3511 3512
v 7.6676855 -2.2698493 -0.7750442
v 7.6641212 -2.2678618 -0.77536273
l 3513 3514
v 7.6709099 -2.2716925 -0.77475244
v 7.6676855 -2.2698493 -0.7750442
l 3515 3516
v 7.6709261 -2.278507 -0.77421254
v 7.6767969 -2.2750583 -0.77421981
l 3517 3518
v 7.6767969 -2.2750583 -0.77421981
v 7.6709099 -2.2716925 -0.77475244
l 3519 3520
v 7.6099997 -2.2391663 -0.7797175
v 7.6039009 -2.236248 -0.78018326
l 3521 3522
v 7.6641212 -2.2678618 -0.77536273
v 7.6591692 -2.265095 -0.77577233
l 3523 3524
v 7.6591692 -2.265095 -0.77577233
v 7.6545124 -2.2624931 -0.77615756
l 3525 3526
v 7.619091 -2.2438304 -0.77899832
v 7.6099997 -2.2391663 -0.7797175
l 3527 3528
v 7.6358209 -2.252414 -0.77767485
v 7.619091 -2.2438304 -0.77899832
l 3529 3530
v 7.6545124 -2.2624931 -0.77615756
v 7.642416 -2.2559702 -0.77713948
l 3531 3532
v 7.642416 -2.2559702 -0.77713948
v 7.6358209 -2.252414 -0.77767485
l 3533 3534
v 7.6592383 -2.2852478 -0.77417505
v 7.6641326 -2.2824476 -0.77420813
l 3535 3536
v 7.5802522 -2.3265066 -0.77395201
v 7.5885415 -2.3224292 -0.7739554
l 3537 3538
v 7.5885415 -2.3224292 -0.7739554
v 7.6099997 -2.3118746 -0.77396423
l 3539 3540
v 7.6545124 -2.2879515 -0.7741431
v 7.6592383 -2.2852478 -0.77417505
l 3541 3542
v 7.6426044 -2.2945323 -0.77408093
v 7.6545124 -2.2879515 -0.7741431
l 3543 3544
v 7.6358209 -2.2982812 -0.77404553
v 7.6426044 -2.2945323 -0.77408093
l 3545 3546
v 7.6099997 -2.3118746 -0.77396423
v 7.6195164 -2.3068647 -0.77399421
l 3547 3548
v 7.6195164 -2.3068647 -0.77399421
v 7.6358209 -2.2982812 -0.77404553
l 3549 3550
v 7.3621678 2.1600158 -0.79287565
v 7.3691368 2.16099 -0.79270464
l 3551 3552
v 7.2911239 2.1703043 -0.79304391
v 7.3068032 2.1641433 -0.79330981
l 3553 3554
v 7.2859864 2.172323 -0.79295683
v 7.2911239 2.1703043 -0.79304391
l 3555 3556
v 7.3427486 2.1614635 -0.79302794
v 7.3621678 2.1600158 -0.79287565
l 3557 3558
v 7.3068032 2.1641433 -0.79330981
v 7.3427486 2.1614635 -0.79302794
l 3559 3560
v 7.3146367 2.3901558 -0.77559882
v 7.3068032 2.3896089 -0.77574831
l 3561 3562
v 7.2886324 2.3825552 -0.77654576
v 7.28616 2.3815954 -0.77665424
l 3563 3564
v 7.3068032 2.3896089 -0.77574831
v 7.2886324 2.3825552 -0.77654576
l 3565 3566
v 7.2338786 2.2063639 -0.79030877
v 7.2430797 2.1983922 -0.79093933
l 3567 3568
v 7.2166882 2.3162651 -0.78176516
v 7.2161932 2.3147259 -0.78188378
l 3569 3570
v 7.2161932 2.3147259 -0.78188378
v 7.2122383 2.3024359 -0.78283119
l 3571 3572
v 7.2283273 2.2154653 -0.7895956
v 7.2338786 2.2063639 -0.79030877
l 3573 3574
v 7.2098327 2.283401 -0.78430361
v 7.2095637 2.2769248 -0.7848053
l 3575 3576
v 7.210001 2.2874584 -0.78398925
v 7.2098327 2.283401 -0.78430361
l 3577 3578
v 7.2095637 2.2769248 -0.7848053
v 7.2098341 2.2704122 -0.78531057
l 3579 3580
v 7.2098341 2.2704122 -0.78531057
v 7.210001 2.2663913 -0.78562254
l 3581 3582
v 7.210001 2.2663913 -0.78562254
v 7.2113924 2.2570789 -0.78634638
l 3583 3584
v 7.2113924 2.2570789 -0.78634638
v 7.2122383 2.251415 -0.78678662
l 3585 3586
v 7.2187595 2.2311521 -0.78836644
v 7.2283273 2.2154653 -0.7895956
l 3587 3588
v 7.2163253 2.2387166 -0.78777665
v 7.2187595 2.2311521 -0.78836644
l 3589 3590
v 7.2122383 2.251415 -0.78678662
v 7.2163253 2.2387166 -0.78777665
l 3591 3592
v 7.2626362 2.1814442 -0.79225355
v 7.2859864 2.172323 -0.79295683
l 3593 3594
v 7.2430797 2.1983922 -0.79093933
v 7.2522674 2.1904297 -0.79155678
l 3595 3596
v 7.2522674 2.1904297 -0.79155678
v 7.2626362 2.1814442 -0.79225355
l 3597 3598
v 7.28616 2.3815954 -0.77665424
v 7.2626362 2.3724091 -0.77737719
l 3599 3600
v 7.2187595 2.322701 -0.78126317
v 7.2166882 2.3162651 -0.78176516
l 3601 3602
v 7.2278366 2.337584 -0.78010094
v 7.2187595 2.322701 -0.78126317
l 3603 3604
v 7.2626362 2.3724091 -0.77737719
v 7.2509561 2.3622882 -0.77816927
l 3605 3606
v 7.2338786 2.3474901 -0.77932733
v 7.2278366 2.337584 -0.78010094
l 3607 3608
v 7.2509561 2.3622882 -0.77816927
v 7.2338786 2.3474901 -0.77932733
l 3609 3610
v 7.4009953 2.1654336 -0.79186863
v 7.4058151 2.166106 -0.79174215
l 3611 3612
v 7.3691368 2.16099 -0.79270464
v 7.4009953 2.1654336 -0.79186863
l 3613 3614
v 7.4059968 2.3871126 -0.77443719
v 7.39747 2.3883474 -0.77447116
l 3615 3616
v 7.3393631 2.3918743 -0.77508539
v 7.3146367 2.3901558 -0.77559882
l 3617 3618
v 7.3621678 2.3934596 -0.77461189
v 7.3393631 2.3918743 -0.77508539
l 3619 3620
v 7.39747 2.3883474 -0.77447116
v 7.3621678 2.3934596 -0.77461189
l 3621 3622
v 7.5876956 2.2284889 -0.78139079
v 7.6039009 2.236248 -0.78018326
l 3623 3624
v 7.5756202 2.2227073 -0.78229064
v 7.5876956 2.2284889 -0.78139079
l 3625 3626
v 7.5802522 2.3265066 -0.77395201
v 7.5756202 2.3287838 -0.77394342
l 3627 3628
v 7.5487857 2.3407443 -0.77399081
v 7.5322261 2.348125 -0.77402008
l 3629 3630
v 7.5756202 2.3287838 -0.77394342
v 7.5487857 2.3407443 -0.77399081
l 3631 3632
v 7.6039009 2.236248 -0.78018326
v 7.6099997 2.2391663 -0.7797175
l 3633 3634
v 7.6641326 2.2824476 -0.77420813
v 7.6592383 2.2852478 -0.77417505
l 3635 3636
v 7.6545124 2.2879515 -0.7741431
v 7.6426044 2.2945323 -0.77408093
l 3637 3638
v 7.6426044 2.2945323 -0.77408093
v 7.6358209 2.2982812 -0.77404553
l 3639 3640
v 7.6592383 2.2852478 -0.77417505
v 7.6545124 2.2879515 -0.7741431
l 3641 3642
v 7.5885415 2.3224292 -0.7739554
v 7.5802522 2.3265066 -0.77395201
l 3643 3644
v 7.6099997 2.3118746 -0.77396423
v 7.5885415 2.3224292 -0.7739554
l 3645 3646
v 7.6195164 2.3068647 -0.77399421
v 7.6099997 2.3118746 -0.77396423
l 3647 3648
v 7.6358209 2.2982812 -0.77404553
v 7.6195164 2.3068647 -0.77399421
l 3649 3650
v 7.5320115 2.2038288 -0.78538185
v 7.5321097 2.2038715 -0.78537571
l 3651 3652
v 7.4868789 2.1870797 -0.78796446
v 7.4981217 2.191252 -0.78732115
l 3653 3654
v 7.4981217 2.191252 -0.78732115
v 7.5320115 2.2038288 -0.78538185
l 3655 3656
v 7.5322261 2.348125 -0.77402008
v 7.5320115 2.3482203 -0.77401859
l 3657 3658
v 7.5320115 2.3482203 -0.77401859
v 7.5004301 2.3602486 -0.77395684
l 3659 3660
v 7.4452348 2.3780541 -0.77410203
v 7.4385285 2.3799865 -0.77413791
l 3661 3662
v 7.5004301 2.3602486 -0.77395684
v 7.4799113 2.3680632 -0.77391678
l 3663 3664
v 7.4799113 2.3680632 -0.77391678
v 7.4452348 2.3780541 -0.77410203
l 3665 3666
v 7.4799113 2.1844916 -0.78835064
v 7.4868789 2.1870797 -0.78796446
l 3667 3668
v 7.4218574 2.1683125 -0.7911467
v 7.4421177 2.173959 -0.79017091
l 3669 3670
v 7.4421177 2.173959 -0.79017091
v 7.4799113 2.1844916 -0.78835064
l 3671 3672
v 7.4058151 2.166106 -0.79174215
v 7.4218574 2.1683125 -0.7911467
l 3673 3674
v 7.4385285 2.3799865 -0.77413791
v 7.4218574 2.3847854 -0.77420151
l 3675 3676
v 7.4218574 2.3847854 -0.77420151
v 7.4059968 2.3871126 -0.77443719
l 3677 3678
v 7.6641212 2.2678618 -0.77536273
v 7.6676855 2.2698493 -0.7750442
l 3679 3680
v 7.6676855 2.2804108 -0.77420855
v 7.6641326 2.2824476 -0.77420813
l 3681 3682
v 7.6709261 2.278507 -0.77421254
v 7.6676855 2.2804108 -0.77420855
l 3683 3684
v 7.6676855 2.2698493 -0.7750442
v 7.6709099 2.2716925 -0.77475244
l 3685 3686
v 7.6767969 2.2750583 -0.77421981
v 7.6709261 2.278507 -0.77421254
l 3687 3688
v 7.6709099 2.2716925 -0.77475244
v 7.6767969 2.2750583 -0.77421981
l 3689 3690
v 2.4613788 -0.17917345 -3.3824925
v 2.4599974 -0.17917345 -3.3774662
l 3691 3692
v 2.4613788 -0.17917345 -3.3824925
v 2.4728627 -0.17917345 -3.4066641
l 3693 3694
v 2.6068375 -0.17917345 -3.4835441
v 2.6347151 -0.17917345 -3.4810421
l 3695 3696
v 2.6347151 -0.17917345 -3.4810421
v 2.6609595 -0.17917345 -3.4738295
l 3697 3698
v 2.7595091 -0.17917345 -3.3562481
v 2.7596302 -0.17917345 -3.354898
l 3699 3700
v 2.7522962 -0.17917345 -3.3824925
v 2.7595091 -0.17917345 -3.3562481
l 3701 3702
v 2.7408125 -0.17917345 -3.4066641
v 2.7522962 -0.17917345 -3.3824925
l 3703 3704
v 2.7408125 -0.17917345 -3.4066641
v 2.7254972 -0.17917345 -3.4283233
l 3705 3706
v 2.7254972 -0.17917345 -3.4283233
v 2.7067902 -0.17917345 -3.4470303
l 3707 3708
v 2.7067902 -0.17917345 -3.4470303
v 2.6851311 -0.17917345 -3.4623456
l 3709 3710
v 2.6609595 -0.17917345 -3.4738295
v 2.6851311 -0.17917345 -3.4623456
l 3711 3712
v 2.6068375 -0.17917345 -3.4835441
v 2.5789602 -0.17917345 -3.4810421
l 3713 3714
v 2.5527158 -0.17917345 -3.4738295
v 2.5789602 -0.17917345 -3.4810421
l 3715 3716
v 2.5527158 -0.17917345 -3.4738295
v 2.5285442 -0.17917345 -3.4623456
l 3717 3718
v 2.5285442 -0.17917345 -3.4623456
v 2.5068851 -0.17917345 -3.4470303
l 3719 3720
v 2.5068851 -0.17917345 -3.4470303
v 2.488178 -0.17917345 -3.4283233
l 3721 3722
v 2.488178 -0.17917345 -3.4283233
v 2.4728627 -0.17917345 -3.4066641
l 3723 3724
v 2.9200745 -0.26235843 -3.217236
v 2.9285998 -0.25767443 -3.2187479
l 3725 3726
v 2.7595091 0.17917345 -3.3562481
v 2.7596302 0.17917345 -3.354898
l 3727 3728
v 2.7522962 0.17917345 -3.3824925
v 2.7595091 0.17917345 -3.3562481
l 3729 3730
v 2.4613788 0.17917345 -3.3824925
v 2.4728627 0.17917345 -3.4066641
l 3731 3732
v 2.4599974 0.17917345 -3.3774662
v 2.4613788 0.17917345 -3.3824925
l 3733 3734
v 2.488178 0.17917345 -3.4283233
v 2.4728627 0.17917345 -3.4066641
l 3735 3736
v 2.5068851 0.17917345 -3.4470303
v 2.488178 0.17917345 -3.4283233
l 3737 3738
v 2.5285442 0.17917345 -3.4623456
v 2.5068851 0.17917345 -3.4470303
l 3739 3740
v 2.5527158 0.17917345 -3.4738295
v 2.5285442 0.17917345 -3.4623456
l 3741 3742
v 2.5789602 0.17917345 -3.4810421
v 2.5527158 0.17917345 -3.4738295
l 3743 3744
v 2.5789602 0.17917345 -3.4810421
v 2.6068375 0.17917345 -3.4835441
l 3745 3746
v 2.6068375 0.17917345 -3.4835441
v 2.6347151 0.17917345 -3.4810421
l 3747 3748
v 2.6347151 0.17917345 -3.4810421
v 2.6609595 0.17917345 -3.4738295
l 3749 3750
v 2.6609595 0.17917345 -3.4738295
v 2.6851311 0.17917345 -3.4623456
l 3751 3752
v 2.6851311 0.17917345 -3.4623456
v 2.7067902 0.17917345 -3.4470303
l 3753 3754
v 2.7254972 0.17917345 -3.4283233
v 2.7067902 0.17917345 -3.4470303
l 3755 3756
v 2.7408125 0.17917345 -3.4066641
v 2.7254972 0.17917345 -3.4283233
l 3757 3758
v 2.7522962 0.17917345 -3.3824925
v 2.7408125 0.17917345 -3.4066641
l 3759 3760
v 2.4393909 -0.22498637 -3.3487926
v 2.4361701 -0.23032929 -3.3446829
l 3761 3762
v 23.877312 -0.003093607 2.16945
v 23.882635 -0.0023618566 2.1656682
l 3763 3764
v 23.874157 -0.0035273149 2.1716917
v 23.877312 -0.003093607 2.16945
l 3765 3766
v 23.882635 -0.0023618566 2.1656682
v 23.882755 -0.0023454519 2.1655836
l 3767 3768
v 23.882635 0.0023618566 2.1656682
v 23.877312 0.003093607 2.16945
l 3769 3770
v 23.882755 0.0023454519 2.1655836
v 23.882635 0.0023618566 2.1656682
l 3771 3772
v 23.877312 0.003093607 2.16945
v 23.874157 0.0035273149 2.1716917
l 3773 3774
v 7.6767969 2.5100248 -2.1067805
v 7.6762705 2.510313 -2.1066601
l 3775 3776
v 7.6762719 2.5097029 -2.1067052
v 7.6767969 2.5100248 -2.1067805
l 3777 3778
v 7.6676855 2.5044401 -2.1054754
v 7.6762719 2.5097029 -2.1067052
l 3779 3780
v 7.6762705 2.510313 -2.1066601
v 7.6676855 2.515012 -2.1046987
l 3781 3782
v 7.6536989 2.4961526 -2.1038606
v 7.6545124 2.4966183 -2.1039476
l 3783 3784
v 7.6505613 2.4943564 -2.1035244
v 7.6536989 2.4961526 -2.1038606
l 3785 3786
v 7.6358209 2.4861526 -2.1032734
v 7.6390934 2.4879527 -2.1032076
l 3787 3788
v 7.6409049 2.4889641 -2.1032577
v 7.6505613 2.4943564 -2.1035244
l 3789 3790
v 7.6390934 2.4879527 -2.1032076
v 7.6409049 2.4889641 -2.1032577
l 3791 3792
v 7.6641726 2.5023367 -2.1049685
v 7.6670089 2.504035 -2.1053779
l 3793 3794
v 7.6545124 2.4966183 -2.1039476
v 7.6620317 2.5010695 -2.1047423
l 3795 3796
v 7.6620317 2.5010695 -2.1047423
v 7.6641726 2.5023367 -2.1049685
l 3797 3798
v 7.6670089 2.504035 -2.1053779
v 7.6676855 2.5044401 -2.1054754
l 3799 3800
v 7.6088729 2.4721377 -2.1041081
v 7.6099997 2.4726784 -2.1040313
l 3801 3802
v 7.6348658 2.485652 -2.1032872
v 7.6358209 2.4861526 -2.1032734
l 3803 3804
v 7.6211443 2.4784553 -2.1034851
v 7.6348658 2.485652 -2.1032872
l 3805 3806
v 7.6162891 2.475909 -2.1035552
v 7.6211443 2.4784553 -2.1034851
l 3807 3808
v 7.6099997 2.4726784 -2.1040313
v 7.6162891 2.475909 -2.1035552
l 3809 3810
v 7.5741563 2.4556906 -2.1073036
v 7.5756202 2.4563177 -2.1071618
l 3811 3812
v 7.6027851 2.4692159 -2.1045232
v 7.6088729 2.4721377 -2.1041081
l 3813 3814
v 7.5959139 2.4659183 -2.1049917
v 7.6027851 2.4692159 -2.1045232
l 3815 3816
v 7.5756202 2.4563177 -2.1071618
v 7.5959139 2.4659183 -2.1049917
l 3817 3818
v 7.4775562 2.4180117 -2.116544
v 7.4799113 2.4186418 -2.1162827
l 3819 3820
v 7.530127 2.4369538 -2.1115727
v 7.5320115 2.4376435 -2.1114104
l 3821 3822
v 7.4866848 2.4210529 -2.1153131
v 7.530127 2.4369538 -2.1115727
l 3823 3824
v 7.4843359 2.4202156 -2.1156428
v 7.4799113 2.4186418 -2.1162827
l 3825 3826
v 7.4799113 2.4186418 -2.1162827
v 7.4834218 2.4198904 -2.1157751
l 3827 3828
v 7.4834218 2.4198904 -2.1157751
v 7.4843359 2.4202156 -2.1156428
l 3829 3830
v 7.4843359 2.4202156 -2.1156428
v 7.4866848 2.4210529 -2.1153131
l 3831 3832
v 7.5741563 2.4556906 -2.1073036
v 7.5393572 2.4407859 -2.1106765
l 3833 3834
v 7.5320115 2.4376435 -2.1114104
v 7.5393572 2.4407859 -2.1106765
l 3835 3836
v 7.4164805 2.4024019 -2.123126
v 7.4218574 2.4031148 -2.1227751
l 3837 3838
v 7.3788443 2.3974111 -2.1255827
v 7.4164805 2.4024019 -2.123126
l 3839 3840
v 7.3655634 2.3956659 -2.1265392
v 7.3788443 2.3974111 -2.1255827
l 3841 3842
v 7.4308367 2.4055092 -2.1217299
v 7.4775562 2.4180117 -2.116544
l 3843 3844
v 7.4218574 2.4031148 -2.1227751
v 7.4308367 2.4055092 -2.1217299
l 3845 3846
v 7.3594937 2.3954127 -2.1267688
v 7.3621678 2.3952198 -2.1267838
l 3847 3848
v 7.3100562 2.3990076 -2.1266413
v 7.3117814 2.3988807 -2.1266367
l 3849 3850
v 7.3283458 2.397661 -2.1265938
v 7.3594937 2.3954127 -2.1267688
l 3851 3852
v 7.3117814 2.3988807 -2.1266367
v 7.3283458 2.397661 -2.1265938
l 3853 3854
v 7.3621678 2.3952198 -2.1267838
v 7.3655634 2.3956659 -2.1265392
l 3855 3856
v 7.2548223 2.4223695 -2.1196809
v 7.2626362 2.4158847 -2.1218328
l 3857 3858
v 7.2399931 2.4350016 -2.1174412
v 7.2548223 2.4223695 -2.1196809
l 3859 3860
v 7.2353468 2.4389596 -2.1167395
v 7.2399931 2.4350016 -2.1174412
l 3861 3862
v 7.2338786 2.4402101 -2.1165178
v 7.2353468 2.4389596 -2.1167395
l 3863 3864
v 7.2195158 2.4632988 -2.1120667
v 7.2317739 2.4435902 -2.115845
l 3865 3866
v 7.2317739 2.4435902 -2.115845
v 7.2338786 2.4402101 -2.1165178
l 3867 3868
v 7.2187595 2.4645147 -2.1118336
v 7.2195158 2.4632988 -2.1120667
l 3869 3870
v 7.2166038 2.4710665 -2.1104794
v 7.2187595 2.4645147 -2.1118336
l 3871 3872
v 7.2101092 2.4983461 -2.105267
v 7.21066 2.494653 -2.105511
l 3873 3874
v 7.21066 2.494653 -2.105511
v 7.2122383 2.4843342 -2.1077368
l 3875 3876
v 7.2126203 2.5363054 -2.1023524
v 7.2122383 2.5351217 -2.1024585
l 3877 3878
v 7.2101231 2.5209713 -2.1036041
v 7.210001 2.5201538 -2.1036704
l 3879 3880
v 7.2122383 2.5351217 -2.1024585
v 7.2101231 2.5209713 -2.1036041
l 3881 3882
v 7.2187595 2.5553439 -2.1006463
v 7.2142067 2.541225 -2.1019115
l 3883 3884
v 7.2142067 2.541225 -2.1019115
v 7.2126203 2.5363054 -2.1023524
l 3885 3886
v 7.2338786 2.5802941 -2.0996246
v 7.2317739 2.5767643 -2.0994463
l 3887 3888
v 7.2296591 2.5732217 -2.099292
v 7.2276063 2.5697834 -2.0991423
l 3889 3890
v 7.2317739 2.5767643 -2.0994463
v 7.2296591 2.5732217 -2.099292
l 3891 3892
v 7.2359815 2.5821514 -2.0996799
v 7.2338786 2.5802941 -2.0996246
l 3893 3894
v 7.2626362 2.6056907 -2.1003821
v 7.2587914 2.6022954 -2.1002808
l 3895 3896
v 7.2587914 2.6022954 -2.1002808
v 7.2359815 2.5821514 -2.0996799
l 3897 3898
v 7.3120041 2.6235101 -2.1001089
v 7.3068032 2.6231511 -2.1002319
l 3899 3900
v 7.3068032 2.6231511 -2.1002319
v 7.2963963 2.61903 -2.1002283
l 3901 3902
v 7.2963963 2.61903 -2.1002283
v 7.2793269 2.6122708 -2.1002221
l 3903 3904
v 7.2626362 2.4158847 -2.1218328
v 7.2650232 2.414983 -2.1220787
l 3905 3906
v 7.3068032 2.3992472 -2.1266496
v 7.3100562 2.3990076 -2.1266413
l 3907 3908
v 7.2793269 2.4095795 -2.1235514
v 7.3068032 2.3992472 -2.1266496
l 3909 3910
v 7.2723322 2.4122219 -2.1228311
v 7.2793269 2.4095795 -2.1235514
l 3911 3912
v 7.2650232 2.414983 -2.1220787
v 7.2723322 2.4122219 -2.1228311
l 3913 3914
v 7.4799113 2.6011531 -2.0958354
v 7.4756894 2.6023877 -2.0959613
l 3915 3916
v 7.3676777 2.6261961 -2.0990298
v 7.3621678 2.6270208 -2.0992033
l 3917 3918
v 7.4756894 2.6023877 -2.0959613
v 7.4576869 2.6076524 -2.0964985
l 3919 3920
v 7.4308367 2.6155045 -2.0972998
v 7.4218574 2.6181393 -2.0976169
l 3921 3922
v 7.4576869 2.6076524 -2.0964985
v 7.4308367 2.6155045 -2.0972998
l 3923 3924
v 7.4218574 2.6181393 -2.0976169
v 7.3949885 2.6221282 -2.0982797
l 3925 3926
v 7.3788443 2.6245248 -2.0986779
v 7.3676777 2.6261961 -2.0990298
l 3927 3928
v 7.3949885 2.6221282 -2.0982797
v 7.3788443 2.6245248 -2.0986779
l 3929 3930
v 7.3621678 2.6270208 -2.0992033
v 7.3416581 2.6255755 -2.0995181
l 3931 3932
v 7.3283458 2.6246376 -2.0997221
v 7.3120041 2.6235101 -2.1001089
l 3933 3934
v 7.3416581 2.6255755 -2.0995181
v 7.3283458 2.6246376 -2.0997221
l 3935 3936
v 7.5735354 2.5624323 -2.0937645
v 7.5568247 2.5697834 -2.0932436
l 3937 3938
v 7.5393572 2.5776694 -2.0938432
v 7.5320115 2.5809896 -2.0941179
l 3939 3940
v 7.5568247 2.5697834 -2.0932436
v 7.5393572 2.5776694 -2.0938432
l 3941 3942
v 7.5289683 2.5821669 -2.0942171
v 7.4843359 2.5994377 -2.0956724
l 3943 3944
v 7.4843359 2.5994377 -2.0956724
v 7.4799113 2.6011531 -2.0958354
l 3945 3946
v 7.5309596 2.5813966 -2.0941522
v 7.5289683 2.5821669 -2.0942171
l 3947 3948
v 7.5320115 2.5809896 -2.0941179
v 7.5309596 2.5813966 -2.0941522
l 3949 3950
v 7.5756202 2.5615153 -2.0938294
v 7.5735354 2.5624323 -2.0937645
l 3951 3952
v 7.6099997 2.5449085 -2.0955651
v 7.6084743 2.5456393 -2.095453
l 3953 3954
v 7.6346202 2.5324624 -2.0985641
v 7.6262698 2.5366604 -2.0974157
l 3955 3956
v 7.6162891 2.5416784 -2.0960431
v 7.6099997 2.5449085 -2.0955651
l 3957 3958
v 7.6262698 2.5366604 -2.0974157
v 7.6162891 2.5416784 -2.0960431
l 3959 3960
v 7.6358209 2.5318587 -2.0987294
v 7.6346202 2.5324624 -2.0985641
l 3961 3962
v 7.6545124 2.5221016 -2.1020753
v 7.653563 2.5225959 -2.1018975
l 3963 3964
v 7.653563 2.5225959 -2.1018975
v 7.6390934 2.5301278 -2.0991857
l 3965 3966
v 7.6390934 2.5301278 -2.0991857
v 7.6358209 2.5318587 -2.0987294
l 3967 3968
v 7.6669679 2.5153947 -2.1045353
v 7.6641726 2.5168853 -2.1038997
l 3969 3970
v 7.6545124 2.5221016 -2.1020753
v 7.6641726 2.5168853 -2.1038997
l 3971 3972
v 7.6676855 2.515012 -2.1046987
v 7.6669679 2.5153947 -2.1045353
l 3973 3974
v 7.6084743 2.5456393 -2.095453
v 7.6014886 2.5489855 -2.0949399
l 3975 3976
v 7.5860176 2.5564635 -2.0941887
v 7.5756202 2.5615153 -2.0938294
l 3977 3978
v 7.5959139 2.5516555 -2.0945303
v 7.5860176 2.5564635 -2.0941887
l 3979 3980
v 7.6014886 2.5489855 -2.0949399
v 7.5959139 2.5516555 -2.0945303
l 3981 3982
v 7.210001 2.4990718 -2.1052191
v 7.2101092 2.4983461 -2.105267
l 3983 3984
v 7.6545124 -2.4966183 -2.1039476
v 7.6536989 -2.4961526 -2.1038606
l 3985 3986
v 7.6536989 -2.4961526 -2.1038606
v 7.6505613 -2.4943564 -2.1035244
l 3987 3988
v 7.6390934 -2.4879527 -2.1032076
v 7.6505613 -2.4943564 -2.1035244
l 3989 3990
v 7.6390934 -2.4879527 -2.1032076
v 7.6358209 -2.4861526 -2.1032734
l 3991 3992
v 7.6670089 -2.504035 -2.1053779
v 7.6641726 -2.5023367 -2.1049685
l 3993 3994
v 7.6620317 -2.5010695 -2.1047423
v 7.6545124 -2.4966183 -2.1039476
l 3995 3996
v 7.6641726 -2.5023367 -2.1049685
v 7.6620317 -2.5010695 -2.1047423
l 3997 3998
v 7.6676855 -2.5044401 -2.1054754
v 7.6670089 -2.504035 -2.1053779
l 3999 4000
v 7.6099997 -2.4726784 -2.1040313
v 7.6088729 -2.4721377 -2.1041081
l 4001 4002
v 7.6358209 -2.4861526 -2.1032734
v 7.6348658 -2.485652 -2.1032872
l 4003 4004
v 7.6348658 -2.485652 -2.1032872
v 7.6211443 -2.4784553 -2.1034851
l 4005 4006
v 7.6162891 -2.475909 -2.1035552
v 7.6099997 -2.4726784 -2.1040313
l 4007 4008
v 7.6211443 -2.4784553 -2.1034851
v 7.6162891 -2.475909 -2.1035552
l 4009 4010
v 7.6088729 -2.4721377 -2.1041081
v 7.6027851 -2.4692159 -2.1045232
l 4011 4012
v 7.5959139 -2.4659183 -2.1049917
v 7.5756202 -2.4563177 -2.1071618
l 4013 4014
v 7.6027851 -2.4692159 -2.1045232
v 7.5959139 -2.4659183 -2.1049917
l 4015 4016
v 7.5320115 -2.4376435 -2.1114104
v 7.530127 -2.4369538 -2.1115727
l 4017 4018
v 7.530127 -2.4369538 -2.1115727
v 7.4866848 -2.4210529 -2.1153131
l 4019 4020
v 7.4799113 -2.4186418 -2.1162827
v 7.4843359 -2.4202156 -2.1156428
l 4021 4022
v 7.4843359 -2.4202156 -2.1156428
v 7.4834218 -2.4198904 -2.1157751
l 4023 4024
v 7.4834218 -2.4198904 -2.1157751
v 7.4799113 -2.4186418 -2.1162827
l 4025 4026
v 7.4866848 -2.4210529 -2.1153131
v 7.4843359 -2.4202156 -2.1156428
l 4027 4028
v 7.5741563 -2.4556906 -2.1073036
v 7.5624723 -2.4506862 -2.1084361
l 4029 4030
v 7.5393572 -2.4407859 -2.1106765
v 7.5320115 -2.4376435 -2.1114104
l 4031 4032
v 7.5624723 -2.4506862 -2.1084361
v 7.5393572 -2.4407859 -2.1106765
l 4033 4034
v 7.5756202 -2.4563177 -2.1071618
v 7.5741563 -2.4556906 -2.1073036
l 4035 4036
v 7.3655634 -2.3956659 -2.1265392
v 7.3621678 -2.3952198 -2.1267838
l 4037 4038
v 7.4799113 -2.4186418 -2.1162827
v 7.4775562 -2.4180117 -2.116544
l 4039 4040
v 7.4218574 -2.4031148 -2.1227751
v 7.4164805 -2.4024019 -2.123126
l 4041 4042
v 7.3788443 -2.3974111 -2.1255827
v 7.3655634 -2.3956659 -2.1265392
l 4043 4044
v 7.4164805 -2.4024019 -2.123126
v 7.3788443 -2.3974111 -2.1255827
l 4045 4046
v 7.4775562 -2.4180117 -2.116544
v 7.4308367 -2.4055092 -2.1217299
l 4047 4048
v 7.4308367 -2.4055092 -2.1217299
v 7.4218574 -2.4031148 -2.1227751
l 4049 4050
v 7.3621678 -2.3952198 -2.1267838
v 7.3594937 -2.3954127 -2.1267688
l 4051 4052
v 7.3594937 -2.3954127 -2.1267688
v 7.3283458 -2.397661 -2.1265938
l 4053 4054
v 7.3117814 -2.3988807 -2.1266367
v 7.3100562 -2.3990076 -2.1266413
l 4055 4056
v 7.3283458 -2.397661 -2.1265938
v 7.3117814 -2.3988807 -2.1266367
l 4057 4058
v 7.2626362 -2.4158847 -2.1218328
v 7.2548223 -2.4223695 -2.1196809
l 4059 4060
v 7.2399931 -2.4350016 -2.1174412
v 7.2353468 -2.4389596 -2.1167395
l 4061 4062
v 7.2548223 -2.4223695 -2.1196809
v 7.2399931 -2.4350016 -2.1174412
l 4063 4064
v 7.2650232 -2.414983 -2.1220787
v 7.2626362 -2.4158847 -2.1218328
l 4065 4066
v 7.3068032 -2.3992472 -2.1266496
v 7.2793269 -2.4095795 -2.1235514
l 4067 4068
v 7.3100562 -2.3990076 -2.1266413
v 7.3068032 -2.3992472 -2.1266496
l 4069 4070
v 7.2195158 -2.4632988 -2.1120667
v 7.2187595 -2.4645147 -2.1118336
l 4071 4072
v 7.2353468 -2.4389596 -2.1167395
v 7.2338786 -2.4402101 -2.1165178
l 4073 4074
v 7.2338786 -2.4402101 -2.1165178
v 7.2317739 -2.4435902 -2.115845
l 4075 4076
v 7.2317739 -2.4435902 -2.115845
v 7.2195158 -2.4632988 -2.1120667
l 4077 4078
v 7.2187595 -2.4645147 -2.1118336
v 7.2166038 -2.4710665 -2.1104794
l 4079 4080
v 7.2166038 -2.4710665 -2.1104794
v 7.212554 -2.4833744 -2.1079352
l 4081 4082
v 7.212554 -2.4833744 -2.1079352
v 7.2122383 -2.4843342 -2.1077368
l 4083 4084
v 7.2122383 -2.4843342 -2.1077368
v 7.21066 -2.494653 -2.105511
l 4085 4086
v 7.21066 -2.494653 -2.105511
v 7.2101092 -2.4983461 -2.105267
l 4087 4088
v 7.2126203 -2.5363054 -2.1023524
v 7.2142067 -2.541225 -2.1019115
l 4089 4090
v 7.2142067 -2.541225 -2.1019115
v 7.2187595 -2.5553439 -2.1006463
l 4091 4092
v 7.2122383 -2.5351217 -2.1024585
v 7.2126203 -2.5363054 -2.1023524
l 4093 4094
v 7.2095861 -2.5090747 -2.1045051
v 7.2095637 -2.5096166 -2.1044664
l 4095 4096
v 7.2101092 -2.4983461 -2.105267
v 7.210001 -2.4990718 -2.1052191
l 4097 4098
v 7.210001 -2.4990718 -2.1052191
v 7.2095861 -2.5090747 -2.1045051
l 4099 4100
v 7.2187595 -2.5553439 -2.1006463
v 7.2197165 -2.5569057 -2.1004834
l 4101 4102
v 7.2338786 -2.5802941 -2.0996246
v 7.2359815 -2.5821514 -2.0996799
l 4103 4104
v 7.2317739 -2.5767643 -2.0994463
v 7.2338786 -2.5802941 -2.0996246
l 4105 4106
v 7.2197165 -2.5569057 -2.1004834
v 7.2276063 -2.5697834 -2.0991423
l 4107 4108
v 7.2296591 -2.5732217 -2.099292
v 7.2317739 -2.5767643 -2.0994463
l 4109 4110
v 7.2276063 -2.5697834 -2.0991423
v 7.2296591 -2.5732217 -2.099292
l 4111 4112
v 7.2587914 -2.6022954 -2.1002808
v 7.2626362 -2.6056907 -2.1003821
l 4113 4114
v 7.2359815 -2.5821514 -2.0996799
v 7.2587914 -2.6022954 -2.1002808
l 4115 4116
v 7.2626362 -2.6056907 -2.1003821
v 7.2664709 -2.6072025 -2.1003451
l 4117 4118
v 7.2793269 -2.6122708 -2.1002221
v 7.2963963 -2.61903 -2.1002283
l 4119 4120
v 7.2963963 -2.61903 -2.1002283
v 7.3068032 -2.6231511 -2.1002319
l 4121 4122
v 7.2664709 -2.6072025 -2.1003451
v 7.2793269 -2.6122708 -2.1002221
l 4123 4124
v 7.3068032 -2.6231511 -2.1002319
v 7.3120041 -2.6235101 -2.1001089
l 4125 4126
v 7.3283458 -2.6246376 -2.0997221
v 7.3416581 -2.6255755 -2.0995181
l 4127 4128
v 7.3416581 -2.6255755 -2.0995181
v 7.3621678 -2.6270208 -2.0992033
l 4129 4130
v 7.3120041 -2.6235101 -2.1001089
v 7.3283458 -2.6246376 -2.0997221
l 4131 4132
v 7.3621678 -2.6270208 -2.0992033
v 7.3676777 -2.6261961 -2.0990298
l 4133 4134
v 7.4756894 -2.6023877 -2.0959613
v 7.4799113 -2.6011531 -2.0958354
l 4135 4136
v 7.4756894 -2.6023877 -2.0959613
v 7.4308367 -2.6155045 -2.0972998
l 4137 4138
v 7.4218574 -2.6181393 -2.0976169
v 7.4308367 -2.6155045 -2.0972998
l 4139 4140
v 7.4218574 -2.6181393 -2.0976169
v 7.3788443 -2.6245248 -2.0986779
l 4141 4142
v 7.3676777 -2.6261961 -2.0990298
v 7.3788443 -2.6245248 -2.0986779
l 4143 4144
v 7.5568247 -2.5697834 -2.0932436
v 7.5735354 -2.5624323 -2.0937645
l 4145 4146
v 7.5393572 -2.5776694 -2.0938432
v 7.5568247 -2.5697834 -2.0932436
l 4147 4148
v 7.5320115 -2.5809896 -2.0941179
v 7.5393572 -2.5776694 -2.0938432
l 4149 4150
v 7.4843359 -2.5994377 -2.0956724
v 7.5289683 -2.5821669 -2.0942171
l 4151 4152
v 7.4799113 -2.6011531 -2.0958354
v 7.4843359 -2.5994377 -2.0956724
l 4153 4154
v 7.5289683 -2.5821669 -2.0942171
v 7.5309596 -2.5813966 -2.0941522
l 4155 4156
v 7.5309596 -2.5813966 -2.0941522
v 7.5320115 -2.5809896 -2.0941179
l 4157 4158
v 7.5735354 -2.5624323 -2.0937645
v 7.5756202 -2.5615153 -2.0938294
l 4159 4160
v 7.6084743 -2.5456393 -2.095453
v 7.6099997 -2.5449085 -2.0955651
l 4161 4162
v 7.6084743 -2.5456393 -2.095453
v 7.5959139 -2.5516555 -2.0945303
l 4163 4164
v 7.5959139 -2.5516555 -2.0945303
v 7.6014886 -2.5489855 -2.0949399
l 4165 4166
v 7.6014886 -2.5489855 -2.0949399
v 7.6084743 -2.5456393 -2.095453
l 4167 4168
v 7.5756202 -2.5615153 -2.0938294
v 7.5860176 -2.5564635 -2.0941887
l 4169 4170
v 7.5860176 -2.5564635 -2.0941887
v 7.5959139 -2.5516555 -2.0945303
l 4171 4172
v 7.6262698 -2.5366604 -2.0974157
v 7.6346202 -2.5324624 -2.0985641
l 4173 4174
v 7.6162891 -2.5416784 -2.0960431
v 7.6262698 -2.5366604 -2.0974157
l 4175 4176
v 7.6099997 -2.5449085 -2.0955651
v 7.6162891 -2.5416784 -2.0960431
l 4177 4178
v 7.653563 -2.5225959 -2.1018975
v 7.6545124 -2.5221016 -2.1020753
l 4179 4180
v 7.6641726 -2.5168853 -2.1038997
v 7.6669679 -2.5153947 -2.1045353
l 4181 4182
v 7.6641726 -2.5168853 -2.1038997
v 7.6545124 -2.5221016 -2.1020753
l 4183 4184
v 7.6390934 -2.5301278 -2.0991857
v 7.653563 -2.5225959 -2.1018975
l 4185 4186
v 7.6358209 -2.5318587 -2.0987294
v 7.6390934 -2.5301278 -2.0991857
l 4187 4188
v 7.6346202 -2.5324624 -2.0985641
v 7.6358209 -2.5318587 -2.0987294
l 4189 4190
v 7.6669679 -2.5153947 -2.1045353
v 7.6676855 -2.515012 -2.1046987
l 4191 4192
v 7.2122383 -2.5351217 -2.1024585
v 7.210001 -2.5201538 -2.1036704
l 4193 4194
v 7.210001 -2.5201538 -2.1036704
v 7.2095637 -2.5096166 -2.1044664
l 4195 4196
v 8.1833076 -2.6626773 -2.9308949
v 8.1876364 -2.6408696 -2.9338834
l 4197 4198
v 8.1824093 -2.6667535 -2.9303751
v 8.1826715 -2.6658821 -2.9304557
l 4199 4200
v 8.1826715 -2.6658821 -2.9304557
v 8.1833076 -2.6626773 -2.9308949
l 4201 4202
v 8.178586 -2.6781926 -2.927752
v 8.1824093 -2.6667535 -2.9303751
l 4203 4204
v 8.1879883 -2.6379042 -2.9343932
v 8.1898661 -2.6189244 -2.9378178
l 4205 4206
v 8.1877527 -2.6402845 -2.9339638
v 8.1879883 -2.6379042 -2.9343932
l 4207 4208
v 8.1876364 -2.6408696 -2.9338834
v 8.1877527 -2.6402845 -2.9339638
l 4209 4210
v 8.1904688 -2.5972896 -2.9391503
v 8.1904736 -2.5970247 -2.9391677
l 4211 4212
v 8.190383 -2.6025388 -2.9388013
v 8.1904688 -2.5972896 -2.9391503
l 4213 4214
v 8.1898661 -2.6189244 -2.9378178
v 8.190197 -2.6138833 -2.9380472
l 4215 4216
v 8.190197 -2.6138833 -2.9380472
v 8.1902018 -2.6135666 -2.9380682
l 4217 4218
v 8.1902924 -2.6080527 -2.9384346
v 8.1903782 -2.6028209 -2.9387825
l 4219 4220
v 8.1903782 -2.6028209 -2.9387825
v 8.190383 -2.6025388 -2.9388013
l 4221 4222
v 8.1902018 -2.6135666 -2.9380682
v 8.1902924 -2.6080527 -2.9384346
l 4223 4224
v 8.190835 -2.5749691 -2.9406343
v 8.1909199 -2.5697834 -2.940979
l 4225 4226
v 8.1905594 -2.5917585 -2.939518
v 8.1905632 -2.5915108 -2.9395344
l 4227 4228
v 8.1905632 -2.5915108 -2.9395344
v 8.19065 -2.5862274 -2.9398856
l 4229 4230
v 8.1908312 -2.575165 -2.9406211
v 8.190835 -2.5749691 -2.9406343
l 4231 4232
v 8.1907444 -2.580483 -2.9402676
v 8.1906538 -2.5859969 -2.9399009
l 4233 4234
v 8.1907406 -2.5806961 -2.9402535
v 8.1907444 -2.580483 -2.9402676
l 4235 4236
v 8.1906538 -2.5859969 -2.9399009
v 8.1907406 -2.5806961 -2.9402535
l 4237 4238
v 8.1907444 -2.580483 -2.9402676
v 8.1908312 -2.575165 -2.9406211
l 4239 4240
v 8.1905546 -2.547509 -2.9394979
v 8.1904907 -2.5435874 -2.9392374
l 4241 4242
v 8.190917 -2.5696337 -2.940969
v 8.1909142 -2.5694528 -2.9409568
l 4243 4244
v 8.1909199 -2.5697834 -2.940979
v 8.190917 -2.5696337 -2.940969
l 4245 4246
v 8.1909142 -2.5694528 -2.9409568
v 8.1908264 -2.5641026 -2.9406013
l 4247 4248
v 8.1908264 -2.5641026 -2.9406013
v 8.1907396 -2.5587854 -2.9402478
l 4249 4250
v 8.1907358 -2.5585713 -2.9402335
v 8.190649 -2.5532715 -2.9398811
l 4251 4252
v 8.1907396 -2.5587854 -2.9402478
v 8.1907358 -2.5585713 -2.9402335
l 4253 4254
v 8.1905584 -2.5477576 -2.9395146
v 8.190649 -2.5532715 -2.9398811
l 4255 4256
v 8.1905584 -2.5477576 -2.9395146
v 8.1905546 -2.547509 -2.9394979
l 4257 4258
v 8.190649 -2.5532715 -2.9398811
v 8.1909142 -2.5694528 -2.9409568
l 4259 4260
v 8.1405573 -2.3792357 -2.9061971
v 8.138979 -2.377027 -2.9057195
l 4261 4262
v 8.1525917 -2.3969834 -2.9103413
v 8.1495247 -2.391788 -2.9089119
l 4263 4264
v 8.1495247 -2.391788 -2.9089119
v 8.1405573 -2.3792357 -2.9061971
l 4265 4266
v 8.1539536 -2.3992915 -2.9109762
v 8.1525917 -2.3969834 -2.9103413
l 4267 4268
v 8.1682034 -2.4256485 -2.9188466
v 8.1656818 -2.4203622 -2.9171088
l 4269 4270
v 8.1627016 -2.414113 -2.9150541
v 8.1539536 -2.3992915 -2.9109762
l 4271 4272
v 8.1656818 -2.4203622 -2.9171088
v 8.1627016 -2.414113 -2.9150541
l 4273 4274
v 8.1343327 -2.3708408 -2.9034617
v 8.1335945 -2.3700113 -2.903219
l 4275 4276
v 8.138979 -2.377027 -2.9057195
v 8.1343327 -2.3708408 -2.9034617
l 4277 4278
v 8.1682119 -2.4256661 -2.9188523
v 8.1682034 -2.4256485 -2.9188466
l 4279 4280
v 8.173501 -2.4376726 -2.921026
v 8.1682158 -2.4256752 -2.9188552
l 4281 4282
v 8.1807489 -2.4593561 -2.9259977
v 8.1752167 -2.4428051 -2.9222028
l 4283 4284
v 8.1752167 -2.4428051 -2.9222028
v 8.173501 -2.4376726 -2.921026
l 4285 4286
v 8.1871872 -2.4879205 -2.9316702
v 8.1842327 -2.4730375 -2.9296305
l 4287 4288
v 8.1881952 -2.4981055 -2.9335079
v 8.1874714 -2.4907939 -2.9321887
l 4289 4290
v 8.1874714 -2.4907939 -2.9321887
v 8.1871872 -2.4879205 -2.9316702
l 4291 4292
v 8.1817398 -2.462323 -2.9266782
v 8.1807489 -2.4593561 -2.9259977
l 4293 4294
v 8.1826439 -2.4662085 -2.9277489
v 8.1817398 -2.462323 -2.9266782
l 4295 4296
v 8.1842327 -2.4730375 -2.9296305
v 8.1826439 -2.4662085 -2.9277489
l 4297 4298
v 8.1901922 -2.5253842 -2.9380271
v 8.190115 -2.520658 -2.9377129
l 4299 4300
v 8.1904907 -2.5435874 -2.9392374
v 8.1904678 -2.5422437 -2.9391479
l 4301 4302
v 8.1904678 -2.5422437 -2.9391479
v 8.190464 -2.5419779 -2.9391303
l 4303 4304
v 8.190197 -2.5257015 -2.9380484
v 8.1901922 -2.5253842 -2.9380271
l 4305 4306
v 8.1903734 -2.5364466 -2.9387627
v 8.1902876 -2.5312157 -2.9384148
l 4307 4308
v 8.1903782 -2.5367296 -2.9387815
v 8.1903734 -2.5364466 -2.9387627
l 4309 4310
v 8.190464 -2.5419779 -2.9391303
v 8.1903782 -2.5367296 -2.9387815
l 4311 4312
v 8.1897993 -2.5143218 -2.9364338
v 8.1881952 -2.4981055 -2.9335079
l 4313 4314
v 8.1900911 -2.5201907 -2.9376187
v 8.1900749 -2.5198531 -2.9375505
l 4315 4316
v 8.190115 -2.520658 -2.9377129
v 8.1900911 -2.5201907 -2.9376187
l 4317 4318
v 8.1898184 -2.5147114 -2.9365125
v 8.1897993 -2.5143218 -2.9364338
l 4319 4320
v 8.1900749 -2.5198531 -2.9375505
v 8.1898184 -2.5147114 -2.9365125
l 4321 4322
v 8.190115 -2.520658 -2.9377129
v 8.1897993 -2.5143218 -2.9364338
l 4323 4324
v 8.164073 -2.714092 -2.9206164
v 8.1653919 -2.7111042 -2.9211709
l 4325 4326
v 8.1637497 -2.7146733 -2.9205379
v 8.164073 -2.714092 -2.9206164
l 4327 4328
v 8.1653919 -2.7111042 -2.9211709
v 8.1664343 -2.7087457 -2.9216087
l 4329 4330
v 8.1664343 -2.7087457 -2.9216087
v 8.1682034 -2.7047393 -2.9223523
l 4331 4332
v 8.1759176 -2.6861765 -2.9259214
v 8.178586 -2.6781926 -2.927752
l 4333 4334
v 8.1744614 -2.6905324 -2.9249225
v 8.1759176 -2.6861765 -2.9259214
l 4335 4336
v 8.1682034 -2.7047393 -2.9223523
v 8.1744614 -2.6905324 -2.9249225
l 4337 4338
v 8.1547375 -2.7299418 -2.916337
v 8.1637497 -2.7146733 -2.9205379
l 4339 4340
v 8.1509161 -2.7364171 -2.9145558
v 8.1547375 -2.7299418 -2.916337
l 4341 4342
v 8.1488171 -2.7393556 -2.9139202
v 8.1509161 -2.7364171 -2.9145558
l 4343 4344
v 8.141242 -2.7499585 -2.9116271
v 8.1488171 -2.7393556 -2.9139202
l 4345 4346
v 8.1297426 -2.7646277 -2.9089372
v 8.135951 -2.7573643 -2.9100251
l 4347 4348
v 8.135951 -2.7573643 -2.9100251
v 8.141242 -2.7499585 -2.9116271
l 4349 4350
v 8.0729561 -2.8132815 -2.9007313
v 8.0800648 -2.8105254 -2.8993227
l 4351 4352
v 8.0463009 -2.8228767 -2.9065707
v 8.0553293 -2.8197901 -2.9044695
l 4353 4354
v 8.0624304 -2.8173623 -2.9028168
v 8.0729561 -2.8132815 -2.9007313
l 4355 4356
v 8.0553293 -2.8197901 -2.9044695
v 8.0624304 -2.8173623 -2.9028168
l 4357 4358
v 8.0800648 -2.8105254 -2.8993227
v 8.0801239 -2.8105025 -2.8993111
l 4359 4360
v 8.0801239 -2.8105025 -2.8993111
v 8.0867071 -2.8052678 -2.9000311
l 4361 4362
v 8.1001434 -2.7945504 -2.9013348
v 8.1060858 -2.7889206 -2.9025824
l 4363 4364
v 8.0867071 -2.8052678 -2.9000311
v 8.0912142 -2.8016722 -2.9004686
l 4365 4366
v 8.0912142 -2.8016722 -2.9004686
v 8.1001434 -2.7945504 -2.9013348
l 4367 4368
v 8.1188917 -2.7767899 -2.9052708
v 8.1260996 -2.7687159 -2.9077241
l 4369 4370
v 8.1260996 -2.7687159 -2.9077241
v 8.1273928 -2.7672675 -2.9081643
l 4371 4372
v 8.1060858 -2.7889206 -2.9025824
v 8.1093082 -2.7858684 -2.9032588
l 4373 4374
v 8.1093082 -2.7858684 -2.9032588
v 8.1188917 -2.7767899 -2.9052708
l 4375 4376
v 8.0867071 -2.3244367 -2.8925879
v 8.086175 -2.3240139 -2.8925297
l 4377 4378
v 8.1116838 -2.3463678 -2.8965268
v 8.1086702 -2.3435133 -2.8958941
l 4379 4380
v 8.1086702 -2.3435133 -2.8958941
v 8.0982628 -2.3336546 -2.8937092
l 4381 4382
v 8.0907125 -2.3276315 -2.8929765
v 8.0867071 -2.3244367 -2.8925879
l 4383 4384
v 8.0982628 -2.3336546 -2.8937092
v 8.0907125 -2.3276315 -2.8929765
l 4385 4386
v 8.117012 -2.3514152 -2.8976455
v 8.1116838 -2.3463678 -2.8965268
l 4387 4388
v 8.1273928 -2.3630431 -2.9011786
v 8.12533 -2.3607323 -2.9004765
l 4389 4390
v 8.12533 -2.3607323 -2.9004765
v 8.117012 -2.3514152 -2.8976455
l 4391 4392
v 8.1335945 -2.3700113 -2.903219
v 8.1273928 -2.3630431 -2.9011786
l 4393 4394
v 8.0148706 -2.297065 -2.9046969
v 8.0063276 -2.2949257 -2.9071479
l 4395 4396
v 8.0187273 -2.2980306 -2.9035904
v 8.0148706 -2.297065 -2.9046969
l 4397 4398
v 8.0463009 -2.3061035 -2.896848
v 8.0422287 -2.3047225 -2.8976552
l 4399 4400
v 8.0422287 -2.3047225 -2.8976552
v 8.03687 -2.3031433 -2.8989546
l 4401 4402
v 8.0240355 -2.2993598 -2.9020677
v 8.0187273 -2.2980306 -2.9035904
l 4403 4404
v 8.03687 -2.3031433 -2.8989546
v 8.0240355 -2.2993598 -2.9020677
l 4405 4406
v 8.0533705 -2.3085093 -2.8953381
v 8.0463009 -2.3061035 -2.896848
l 4407 4408
v 8.086175 -2.3240139 -2.8925297
v 8.0851068 -2.3231642 -2.8924129
l 4409 4410
v 8.054739 -2.3089752 -2.8950458
v 8.0533705 -2.3085093 -2.8953381
l 4411 4412
v 8.0851068 -2.3231642 -2.8924129
v 8.078042 -2.3177025 -2.8908648
l 4413 4414
v 8.0602264 -2.3108428 -2.8938737
v 8.054739 -2.3089752 -2.8950458
l 4415 4416
v 8.078042 -2.3177025 -2.8908648
v 8.0723248 -2.3155012 -2.8918304
l 4417 4418
v 8.0723248 -2.3155012 -2.8918304
v 8.0602264 -2.3108428 -2.8938737
l 4419 4420
v 8.0040789 -2.8342478 -2.9180524
v 8.0063276 -2.8337872 -2.9173641
l 4421 4422
v 8.0374012 -2.825587 -2.9087617
v 8.0433846 -2.8238189 -2.9072475
l 4423 4424
v 8.0263729 -2.8288453 -2.911552
v 8.0080557 -2.8334322 -2.9168093
l 4425 4426
v 8.0063276 -2.8337872 -2.9173641
v 8.0080557 -2.8334322 -2.9168093
l 4427 4428
v 8.0263729 -2.8288453 -2.911552
v 8.0374012 -2.825587 -2.9087617
l 4429 4430
v 8.0433846 -2.8238189 -2.9072475
v 8.0445223 -2.8234828 -2.9069598
l 4431 4432
v 8.0445223 -2.8234828 -2.9069598
v 8.0463009 -2.8228767 -2.9065707
l 4433 4434
v 8.0006723 -2.8349452 -2.919095
v 8.0040789 -2.8342478 -2.9180524
l 4435 4436
v 7.9669404 -2.8406599 -2.9303203
v 7.9708838 -2.8402073 -2.9288452
l 4437 4438
v 7.9895358 -2.8372254 -2.9225039
v 8.0006723 -2.8349452 -2.919095
l 4439 4440
v 7.9708838 -2.8402073 -2.9288452
v 7.9818811 -2.8384492 -2.9251063
l 4441 4442
v 7.9818811 -2.8384492 -2.9251063
v 7.9895358 -2.8372254 -2.9225039
l 4443 4444
v 7.9141397 -2.8441026 -2.9509389
v 7.9183555 -2.8440053 -2.9492121
l 4445 4446
v 7.8905387 -2.843281 -2.9616363
v 7.8911428 -2.8433418 -2.9613323
l 4447 4448
v 7.901577 -2.8436871 -2.9566166
v 7.9141397 -2.8441026 -2.9509389
l 4449 4450
v 7.8911428 -2.8433418 -2.9613323
v 7.901577 -2.8436871 -2.9566166
l 4451 4452
v 7.9183555 -2.8440053 -2.9492121
v 7.9238229 -2.8438795 -2.9469726
l 4453 4454
v 7.9238229 -2.8438795 -2.9469726
v 7.9282928 -2.8437765 -2.9451418
l 4455 4456
v 7.9520736 -2.8423593 -2.9356439
v 7.9623199 -2.841188 -2.9319749
l 4457 4458
v 7.9282928 -2.8437765 -2.9451418
v 7.9331651 -2.8436637 -2.9430616
l 4459 4460
v 7.94346 -2.8429534 -2.939023
v 7.9520736 -2.8423593 -2.9356439
l 4461 4462
v 7.9331651 -2.8436637 -2.9430616
v 7.94346 -2.8429534 -2.939023
l 4463 4464
v 7.9623199 -2.841188 -2.9319749
v 7.9628119 -2.8411317 -2.9317985
l 4465 4466
v 7.9628119 -2.8411317 -2.9317985
v 7.9669404 -2.8406599 -2.9303203
l 4467 4468
v 7.9312177 -2.2845414 -2.9351602
v 7.9284892 -2.2844775 -2.9364648
l 4469 4470
v 7.9669404 -2.2877998 -2.9205008
v 7.9626656 -2.287308 -2.922153
l 4471 4472
v 7.9626656 -2.287308 -2.922153
v 7.9499588 -2.2858458 -2.9270644
l 4473 4474
v 7.9434233 -2.2853909 -2.9298875
v 7.9312177 -2.2845414 -2.9351602
l 4475 4476
v 7.9499588 -2.2858458 -2.9270644
v 7.9434233 -2.2853909 -2.9298875
l 4477 4478
v 7.9732742 -2.2887394 -2.9181473
v 7.9686556 -2.287998 -2.919807
l 4479 4480
v 7.9686556 -2.287998 -2.919807
v 7.9669404 -2.2877998 -2.9205008
l 4481 4482
v 7.9816256 -2.2900805 -2.9151461
v 7.9732742 -2.2887394 -2.9181473
l 4483 4484
v 8.0063276 -2.2949257 -2.9071479
v 8.0057154 -2.2947729 -2.9073133
l 4485 4486
v 7.987226 -2.2909796 -2.9131334
v 8.0057154 -2.2947729 -2.9073133
l 4487 4488
v 7.987226 -2.2909796 -2.9131334
v 7.9816256 -2.2900805 -2.9151461
l 4489 4490
v 7.9284892 -2.2844775 -2.9364648
v 7.9282928 -2.2844729 -2.9365587
l 4491 4492
v 7.8826399 -2.2855237 -2.9567382
v 7.8779373 -2.2859952 -2.9590137
l 4493 4494
v 7.8667579 -2.2871163 -2.9644232
v 7.8538318 -2.2893095 -2.971355
l 4495 4496
v 7.8779373 -2.2859952 -2.9590137
v 7.8667579 -2.2871163 -2.9644232
l 4497 4498
v 7.9274464 -2.2844532 -2.9369469
v 7.9238896 -2.2843714 -2.9384038
l 4499 4500
v 7.9022264 -2.2844336 -2.9477005
v 7.8905387 -2.2848201 -2.9529829
l 4501 4502
v 7.9122272 -2.2841027 -2.9431808
v 7.9022264 -2.2844336 -2.9477005
l 4503 4504
v 7.9238896 -2.2843714 -2.9384038
v 7.9122272 -2.2841027 -2.9431808
l 4505 4506
v 7.889225 -2.2848635 -2.9535518
v 7.8826399 -2.2855237 -2.9567382
l 4507 4508
v 7.8905387 -2.2848201 -2.9529829
v 7.889225 -2.2848635 -2.9535518
l 4509 4510
v 7.9282928 -2.2844729 -2.9365587
v 7.9274464 -2.2844532 -2.9369469
l 4511 4512
v 7.8449097 -2.2908163 -2.9759505
v 7.8341637 -2.2934017 -2.9820671
l 4513 4514
v 7.8538318 -2.2893095 -2.971355
v 7.8538313 -2.2893095 -2.9713552
l 4515 4516
v 7.8538313 -2.2893095 -2.9713552
v 7.8449097 -2.2908163 -2.9759505
l 4517 4518
v 7.846839 -2.8373888 -2.9837775
v 7.8529501 -2.8384209 -2.9806297
l 4519 4520
v 7.8529501 -2.8384209 -2.9806297
v 7.8538318 -2.8385699 -2.9801757
l 4521 4522
v 7.8225102 -2.8313022 -2.9978015
v 7.8256278 -2.8322856 -2.9958508
l 4523 4524
v 7.8256278 -2.8322856 -2.9958508
v 7.8289213 -2.8330779 -2.9939761
l 4525 4526
v 7.8289213 -2.8330779 -2.9939761
v 7.846839 -2.8373888 -2.9837775
l 4527 4528
v 7.8686786 -2.841089 -2.972214
v 7.8719668 -2.8414187 -2.9706228
l 4529 4530
v 7.8538318 -2.8385699 -2.9801757
v 7.8686786 -2.841089 -2.972214
l 4531 4532
v 7.8719668 -2.8414187 -2.9706228
v 7.8771758 -2.8419411 -2.9681022
l 4533 4534
v 7.8771758 -2.8419411 -2.9681022
v 7.8905387 -2.843281 -2.9616363
l 4535 4536
v 7.818325 -2.8299816 -3.0004203
v 7.8225102 -2.8313022 -2.9978015
l 4537 4538
v 7.7626314 -2.8090045 -3.0309014
v 7.7738276 -2.8138516 -3.0247469
l 4539 4540
v 7.7551551 -2.8052013 -3.0353255
v 7.7626314 -2.8090045 -3.0309014
l 4541 4542
v 7.7515273 -2.8033557 -3.0374722
v 7.7551551 -2.8052013 -3.0353255
l 4543 4544
v 7.7835221 -2.818049 -3.0194175
v 7.7841725 -2.8182836 -3.0190861
l 4545 4546
v 7.7738276 -2.8138516 -3.0247469
v 7.7801118 -2.8165724 -3.0212924
l 4547 4548
v 7.7801118 -2.8165724 -3.0212924
v 7.7835221 -2.818049 -3.0194175
l 4549 4550
v 7.8049774 -2.8258243 -3.0079746
v 7.8051224 -2.8258686 -3.0079019
l 4551 4552
v 7.8051224 -2.8258686 -3.0079019
v 7.8098273 -2.8273144 -3.005533
l 4553 4554
v 7.7841725 -2.8182836 -3.0190861
v 7.8039589 -2.8254344 -3.0085301
l 4555 4556
v 7.8039589 -2.8254344 -3.0085301
v 7.8049774 -2.8258243 -3.0079746
l 4557 4558
v 7.8098273 -2.8273144 -3.005533
v 7.818325 -2.8299816 -3.0004203
l 4559 4560
v 7.7830253 -2.3101561 -3.0132685
v 7.7829971 -2.3101683 -3.013284
l 4561 4562
v 7.7841725 -2.3097422 -3.0126836
v 7.7830253 -2.3101561 -3.0132685
l 4563 4564
v 7.7871614 -2.3086505 -3.0110826
v 7.7866192 -2.3088579 -3.0113785
l 4565 4566
v 7.7866192 -2.3088579 -3.0113785
v 7.7841725 -2.3097422 -3.0126836
l 4567 4568
v 7.7829971 -2.3101683 -3.013284
v 7.7824368 -2.310411 -3.013592
l 4569 4570
v 7.7824368 -2.310411 -3.013592
v 7.7621346 -2.3192005 -3.0247524
l 4571 4572
v 7.818325 -2.2976148 -2.9913859
v 7.8062134 -2.3014164 -2.9986734
l 4573 4574
v 7.8031402 -2.3023808 -3.0005221
v 7.7871614 -2.3086505 -3.0110826
l 4575 4576
v 7.8062134 -2.3014164 -2.9986734
v 7.8031402 -2.3023808 -3.0005221
l 4577 4578
v 7.8341637 -2.2934017 -2.9820671
v 7.8299327 -2.2944195 -2.9844751
l 4579 4580
v 7.8236985 -2.2959194 -2.9880238
v 7.818325 -2.2976148 -2.9913859
l 4581 4582
v 7.8299327 -2.2944195 -2.9844751
v 7.8236985 -2.2959194 -2.9880238
l 4583 4584
v 7.7259817 -2.2903218 -3.0173216
v 7.7205434 -2.2903218 -3.019006
l 4585 4586
v 7.7399068 -2.2903218 -3.0130084
v 7.7259817 -2.2903218 -3.0173216
l 4587 4588
v 7.7414522 -2.3005133 -3.0202215
v 7.7414498 -2.3004735 -3.0201921
l 4589 4590
v 7.7414498 -2.3004735 -3.0201921
v 7.7413654 -2.2990572 -3.0191495
l 4591 4592
v 7.7414522 -2.3005133 -3.0202215
v 7.7415409 -2.3020065 -3.0213208
l 4593 4594
v 7.7399368 -2.2904956 -3.0131304
v 7.7399068 -2.2903218 -3.0130084
l 4595 4596
v 7.7399368 -2.2904956 -3.0131304
v 7.7401834 -2.2919211 -3.0141299
l 4597 4598
v 7.7404103 -2.2932336 -3.0150502
v 7.7401834 -2.2919211 -3.0141299
l 4599 4600
v 7.7404299 -2.2933464 -3.0151293
v 7.7404103 -2.2932336 -3.0150502
l 4601 4602
v 7.7406621 -2.2946897 -3.0160711
v 7.7409134 -2.2961454 -3.0170918
l 4603 4604
v 7.741365 -2.2990477 -3.0191424
v 7.7414522 -2.3005133 -3.0202215
l 4605 4606
v 7.7413654 -2.2990572 -3.0191495
v 7.741365 -2.2990477 -3.0191424
l 4607 4608
v 7.7406621 -2.2946897 -3.0160711
v 7.7404299 -2.2933464 -3.0151293
l 4609 4610
v 7.741365 -2.2990477 -3.0191424
v 7.7413387 -2.298605 -3.0188165
l 4611 4612
v 7.741169 -2.2976224 -3.0181277
v 7.7411652 -2.2976015 -3.0181129
l 4613 4614
v 7.7413387 -2.298605 -3.0188165
v 7.741169 -2.2976224 -3.0181277
l 4615 4616
v 7.7069941 -2.2903218 -3.0227406
v 7.6943765 -2.2903218 -3.0262182
l 4617 4618
v 7.7205434 -2.2903218 -3.019006
v 7.7082324 -2.2903218 -3.0223992
l 4619 4620
v 7.7082324 -2.2903218 -3.0223992
v 7.7069941 -2.2903218 -3.0227406
l 4621 4622
v 7.7263198 -2.3381467 -3.0456736
v 7.7280059 -2.3366091 -3.0443439
l 4623 4624
v 7.7280059 -2.3366091 -3.0443439
v 7.7298336 -2.3349428 -3.0429027
l 4625 4626
v 7.7224479 -2.3409188 -3.0483062
v 7.7244906 -2.3394563 -3.0469172
l 4627 4628
v 7.7330017 -2.3347161 -3.0418811
v 7.7224479 -2.3409188 -3.0483062
l 4629 4630
v 7.7351446 -2.3334565 -3.0405765
v 7.7330017 -2.3347161 -3.0418811
l 4631 4632
v 7.7415991 -2.3033316 -3.0220397
v 7.7415409 -2.3020065 -3.0213208
l 4633 4634
v 7.7416034 -2.3034251 -3.0220904
v 7.7415991 -2.3033316 -3.0220397
l 4635 4636
v 7.7244906 -2.3394563 -3.0469172
v 7.7263198 -2.3381467 -3.0456736
l 4637 4638
v 7.7415376 -2.3080466 -3.0246727
v 7.7416034 -2.3034251 -3.0220904
l 4639 4640
v 7.741529 -2.3086522 -3.0250111
v 7.7408633 -2.3136971 -3.027998
l 4641 4642
v 7.741529 -2.3086522 -3.0250111
v 7.7415376 -2.3080466 -3.0246727
l 4643 4644
v 7.7298336 -2.3349428 -3.0429027
v 7.7311778 -2.3333929 -3.0416627
l 4645 4646
v 7.7311778 -2.3333929 -3.0416627
v 7.7329555 -2.3313429 -3.0400229
l 4647 4648
v 7.7396402 -2.3185244 -3.0310216
v 7.739913 -2.3174474 -3.0303471
l 4649 4650
v 7.739913 -2.3174474 -3.0303471
v 7.7408633 -2.3136971 -3.027998
l 4651 4652
v 7.7329555 -2.3313429 -3.0400229
v 7.7339807 -2.329838 -3.0388982
l 4653 4654
v 7.7356529 -2.327383 -3.0370634
v 7.7363882 -2.3259757 -3.0360749
l 4655 4656
v 7.7363882 -2.3259757 -3.0360749
v 7.7378922 -2.3230982 -3.0340533
l 4657 4658
v 7.7339807 -2.329838 -3.0388982
v 7.7356529 -2.327383 -3.0370634
l 4659 4660
v 7.7383747 -2.3218355 -3.0332165
v 7.7396402 -2.3185244 -3.0310216
l 4661 4662
v 7.7378922 -2.3230982 -3.0340533
v 7.7383747 -2.3218355 -3.0332165
l 4663 4664
v 7.7419281 -2.3294697 -3.0364466
v 7.7351446 -2.3334565 -3.0405765
l 4665 4666
v 7.7515273 -2.3245966 -3.0310292
v 7.7419281 -2.3294697 -3.0364466
l 4667 4668
v 7.7303314 -2.7932622 -3.0490649
v 7.7289352 -2.7919896 -3.0501654
l 4669 4670
v 7.7289352 -2.7919896 -3.0501654
v 7.7268176 -2.7900586 -3.0518355
l 4671 4672
v 7.7268176 -2.7900586 -3.0518355
v 7.7261486 -2.7895796 -3.0522904
l 4673 4674
v 7.7258196 -2.7889755 -3.0527186
v 7.7303557 -2.7916412 -3.0499573
l 4675 4676
v 7.7303557 -2.7916412 -3.0499573
v 7.7424264 -2.7987356 -3.0426087
l 4677 4678
v 7.7424264 -2.7987356 -3.0426087
v 7.7515273 -2.8033557 -3.0374722
l 4679 4680
v 7.741888 -2.818501 -3.031796
v 7.7415519 -2.8159506 -3.0333059
l 4681 4682
v 7.7401381 -2.8096807 -3.0371838
v 7.7413611 -2.814508 -3.0341599
l 4683 4684
v 7.7415519 -2.8159506 -3.0333059
v 7.7413611 -2.814508 -3.0341599
l 4685 4686
v 7.73839 -2.8051069 -3.0402153
v 7.7401381 -2.8096807 -3.0371838
l 4687 4688
v 7.7320538 -2.7952483 -3.0474758
v 7.7303314 -2.7932622 -3.0490649
l 4689 4690
v 7.7334533 -2.7968621 -3.046185
v 7.7320538 -2.7952483 -3.0474758
l 4691 4692
v 7.7361507 -2.8008223 -3.0432253
v 7.73839 -2.8051069 -3.0402153
l 4693 4694
v 7.7348013 -2.798841 -3.0447061
v 7.7334533 -2.7968621 -3.046185
l 4695 4696
v 7.7361507 -2.8008223 -3.0432253
v 7.7348013 -2.798841 -3.0447061
l 4697 4698
v 7.725472 -2.7890952 -3.0527506
v 7.7229457 -2.7872863 -3.0544682
l 4699 4700
v 7.7229457 -2.7872863 -3.0544682
v 7.7258196 -2.7889755 -3.0527186
l 4701 4702
v 7.7261486 -2.7895796 -3.0522904
v 7.725472 -2.7890952 -3.0527506
l 4703 4704
v 7.7420268 -2.8195529 -3.031173
v 7.741888 -2.818501 -3.031796
l 4705 4706
v 7.7415409 -2.8375602 -3.0213208
v 7.7415867 -2.8365166 -3.0218871
l 4707 4708
v 7.7415867 -2.8365166 -3.0218871
v 7.7415905 -2.8364275 -3.0219352
l 4709 4710
v 7.7415905 -2.8364275 -3.0219352
v 7.7416496 -2.835083 -3.0226643
l 4711 4712
v 7.7416496 -2.835083 -3.0226643
v 7.7416544 -2.8349714 -3.0227249
l 4713 4714
v 7.7416544 -2.8349714 -3.0227249
v 7.7417126 -2.8336499 -3.0234418
l 4715 4716
v 7.7417183 -2.8335156 -3.0235145
v 7.741775 -2.8322165 -3.0242193
l 4717 4718
v 7.741775 -2.8322165 -3.0242193
v 7.7417822 -2.8320596 -3.0243042
l 4719 4720
v 7.7417183 -2.8335156 -3.0235145
v 7.7416496 -2.835083 -3.0226643
l 4721 4722
v 7.742044 -2.8207655 -3.0304954
v 7.7420268 -2.8195529 -3.031173
l 4723 4724
v 7.7421012 -2.82478 -3.0282524
v 7.742044 -2.8207655 -3.0304954
l 4725 4726
v 7.7417822 -2.8320596 -3.0243042
v 7.741838 -2.8307831 -3.0249965
l 4727 4728
v 7.741838 -2.8307831 -3.0249965
v 7.7418461 -2.8306038 -3.0250938
l 4729 4730
v 7.7420893 -2.8250496 -3.0281062
v 7.7421012 -2.82478 -3.0282524
l 4731 4732
v 7.7419734 -2.8276918 -3.0266731
v 7.7420263 -2.826483 -3.0273287
l 4733 4734
v 7.7420263 -2.826483 -3.0273287
v 7.7420373 -2.826236 -3.0274627
l 4735 4736
v 7.7420373 -2.826236 -3.0274627
v 7.7420893 -2.8250496 -3.0281062
l 4737 4738
v 7.7419009 -2.8293498 -3.025774
v 7.7419095 -2.8291478 -3.0258834
l 4739 4740
v 7.7419095 -2.8291478 -3.0258834
v 7.7419639 -2.8279161 -3.0265515
l 4741 4742
v 7.7418461 -2.8306038 -3.0250938
v 7.7419009 -2.8293498 -3.025774
l 4743 4744
v 7.7419639 -2.8279161 -3.0265515
v 7.7419734 -2.8276918 -3.0266731
l 4745 4746
v 7.7205434 -2.8378832 -3.0270789
v 7.7391472 -2.8378832 -3.0218186
l 4747 4748
v 7.7192898 -2.8378832 -3.0273945
v 7.7205434 -2.8378832 -3.0270789
l 4749 4750
v 7.7078753 -2.8378832 -3.0302663
v 7.7192898 -2.8378832 -3.0273945
l 4751 4752
v 7.7078753 -2.8378832 -3.0302663
v 7.6913738 -2.8378832 -3.0344183
l 4753 4754
v 7.7415218 -2.8378832 -3.0210831
v 7.7415409 -2.8375602 -3.0213208
l 4755 4756
v 7.7391472 -2.8378832 -3.0218186
v 7.7396102 -2.8378832 -3.0216751
l 4757 4758
v 7.7396102 -2.8378832 -3.0216751
v 7.7415218 -2.8378832 -3.0210831
l 4759 4760
v 7.6676855 -2.515012 -2.1046987
v 7.6767969 -2.5100248 -2.1067805
l 4761 4762
v 7.6676855 -2.5044401 -2.1054754
v 7.6767969 -2.5100248 -2.1067805
l 4763 4764
v 7.6402354 -2.8378832 -3.0443339
v 7.660552 -2.8378832 -3.0408766
l 4765 4766
v 7.6390934 -2.8378832 -3.0445282
v 7.6402354 -2.8378832 -3.0443339
l 4767 4768
v 7.660552 -2.8378832 -3.0408766
v 7.6641726 -2.8378832 -3.0402606
l 4769 4770
v 7.6741219 -2.8378832 -3.0381236
v 7.6886368 -2.8378832 -3.0350063
l 4771 4772
v 7.6654415 -2.8378832 -3.039988
v 7.6741219 -2.8378832 -3.0381236
l 4773 4774
v 7.6641726 -2.8378832 -3.0402606
v 7.6654415 -2.8378832 -3.039988
l 4775 4776
v 7.6886368 -2.8378832 -3.0350063
v 7.6913738 -2.8378832 -3.0344183
l 4777 4778
v 7.6397238 -2.2903218 -3.0380027
v 7.6393342 -2.2903218 -3.0380754
l 4779 4780
v 7.6641726 -2.2903218 -3.0334454
v 7.6397238 -2.2903218 -3.0380027
l 4781 4782
v 7.6654778 -2.2903218 -3.0331385
v 7.6641726 -2.2903218 -3.0334454
l 4783 4784
v 7.6721873 -2.2903218 -3.0315597
v 7.6654778 -2.2903218 -3.0331385
l 4785 4786
v 7.6913738 -2.2903218 -3.0270457
v 7.6735654 -2.2903218 -3.0312357
l 4787 4788
v 7.6735654 -2.2903218 -3.0312357
v 7.6721873 -2.2903218 -3.0315597
l 4789 4790
v 7.6943765 -2.2903218 -3.0262182
v 7.6915689 -2.2903218 -3.0269921
l 4791 4792
v 7.6915689 -2.2903218 -3.0269921
v 7.6913738 -2.2903218 -3.0270457
l 4793 4794
v 7.6393342 -2.2903218 -3.0380754
v 7.6390934 -2.2903218 -3.0381203
l 4795 4796
v 7.6390934 -2.2903218 -3.0381203
v 7.6368098 -2.2903218 -3.0384073
l 4797 4798
v 7.6368098 -2.2903218 -3.0384073
v 7.6295004 -2.2903218 -3.0393262
l 4799 4800
v 7.616055 -2.2903218 -3.0408523
v 7.6056027 -2.2903218 -3.0413086
l 4801 4802
v 7.6056027 -2.2903218 -3.0413086
v 7.6053524 -2.2903218 -3.0413196
l 4803 4804
v 7.6162891 -2.2903218 -3.0408421
v 7.616055 -2.2903218 -3.0408523
l 4805 4806
v 7.6295004 -2.2903218 -3.0393262
v 7.6162891 -2.2903218 -3.0408421
l 4807 4808
v 7.6351094 -2.8378832 -3.0449855
v 7.6390934 -2.8378832 -3.0445282
l 4809 4810
v 7.6300259 -2.8378832 -3.0455687
v 7.6351094 -2.8378832 -3.0449855
l 4811 4812
v 7.6162891 -2.8378832 -3.0471449
v 7.6300259 -2.8378832 -3.0455687
l 4813 4814
v 7.6123772 -2.8378832 -3.0473156
v 7.6162891 -2.8378832 -3.0471449
l 4815 4816
v 7.6061101 -2.8378832 -3.0475893
v 7.6123772 -2.8378832 -3.0473156
l 4817 4818
v 7.5977006 -2.8378832 -3.0479565
v 7.6061101 -2.8378832 -3.0475893
l 4819 4820
v 7.5959139 -2.8378832 -3.0480344
v 7.5977006 -2.8378832 -3.0479565
l 4821 4822
v 7.5366464 -2.8378832 -3.0479472
v 7.5393572 -2.8378832 -3.04796
l 4823 4824
v 7.5177522 -2.8378832 -3.047857
v 7.5366464 -2.8378832 -3.0479472
l 4825 4826
v 7.5393572 -2.8378832 -3.04796
v 7.5504961 -2.8378832 -3.0479748
l 4827 4828
v 7.5717549 -2.8378832 -3.0480027
v 7.5959139 -2.8378832 -3.0480344
l 4829 4830
v 7.5717549 -2.8378832 -3.0480027
v 7.5637279 -2.8378832 -3.0479922
l 4831 4832
v 7.5504961 -2.8378832 -3.0479748
v 7.5637279 -2.8378832 -3.0479922
l 4833 4834
v 7.4843359 -2.8378832 -3.0476978
v 7.49508 -2.8378832 -3.047749
l 4835 4836
v 7.4411016 -2.8378832 -3.0472858
v 7.4431171 -2.8378832 -3.0473051
l 4837 4838
v 7.4574461 -2.8378832 -3.0474415
v 7.4470925 -2.8378832 -3.047343
l 4839 4840
v 7.4431171 -2.8378832 -3.0473051
v 7.4470925 -2.8378832 -3.047343
l 4841 4842
v 7.4720888 -2.8378832 -3.047581
v 7.4772015 -2.8378832 -3.0476298
l 4843 4844
v 7.4652472 -2.8378832 -3.0475159
v 7.4720888 -2.8378832 -3.047581
l 4845 4846
v 7.4652472 -2.8378832 -3.0475159
v 7.4574461 -2.8378832 -3.0474415
l 4847 4848
v 7.4308367 -2.8378832 -3.047188
v 7.4245715 -2.8378832 -3.0470898
l 4849 4850
v 7.3885303 -2.8378832 -3.046524
v 7.3925776 -2.8378832 -3.0465875
l 4851 4852
v 7.4245715 -2.8378832 -3.0470898
v 7.4138279 -2.8378832 -3.046921
l 4853 4854
v 7.4138279 -2.8378832 -3.046921
v 7.4055576 -2.8378832 -3.0467913
l 4855 4856
v 7.4394655 -2.8378832 -3.0472703
v 7.4411016 -2.8378832 -3.0472858
l 4857 4858
v 7.4308367 -2.8378832 -3.047188
v 7.4323182 -2.8378832 -3.0472021
l 4859 4860
v 7.3873091 -2.8378832 -3.0465047
v 7.3885303 -2.8378832 -3.046524
l 4861 4862
v 7.3788443 -2.8378832 -3.0463719
v 7.3873091 -2.8378832 -3.0465047
l 4863 4864
v 7.3357849 -2.8378832 -3.0453641
v 7.337338 -2.8378832 -3.0454006
l 4865 4866
v 7.3283458 -2.8378832 -3.0451901
v 7.3357849 -2.8378832 -3.0453641
l 4867 4868
v 7.3710823 -2.8378832 -3.0461903
v 7.3788443 -2.8378832 -3.0463719
l 4869 4870
v 7.337338 -2.8378832 -3.0454006
v 7.3510518 -2.8378832 -3.0457215
l 4871 4872
v 7.3694901 -2.8378832 -3.0461531
v 7.3710823 -2.8378832 -3.0461903
l 4873 4874
v 7.3510518 -2.8378832 -3.0457215
v 7.3671341 -2.8378832 -3.046098
l 4875 4876
v 7.3671341 -2.8378832 -3.046098
v 7.3694901 -2.8378832 -3.0461531
l 4877 4878
v 7.3264136 -2.8378832 -3.0451267
v 7.3283458 -2.8378832 -3.0451901
l 4879 4880
v 7.3264136 -2.8378832 -3.0451267
v 7.2980094 -2.8378832 -3.0441957
l 4881 4882
v 7.2874985 -2.8378832 -3.0438511
v 7.2980094 -2.8378832 -3.0441957
l 4883 4884
v 7.2063971 -2.8378832 -3.0400424
v 7.2317739 -2.8378832 -3.0414922
l 4885 4886
v 7.2063971 -2.8378832 -3.0400424
v 7.1917763 -2.8378832 -3.039207
l 4887 4888
v 7.2381744 -2.8378832 -3.0417738
v 7.2389865 -2.8378832 -3.0418096
l 4889 4890
v 7.2317739 -2.8378832 -3.0414922
v 7.2317891 -2.8378832 -3.0414929
l 4891 4892
v 7.2317891 -2.8378832 -3.0414929
v 7.2381744 -2.8378832 -3.0417738
l 4893 4894
v 7.2685037 -2.8378832 -3.0431075
v 7.2793269 -2.8378832 -3.0435834
l 4895 4896
v 7.281702 -2.8378832 -3.0436611
v 7.2874985 -2.8378832 -3.0438511
l 4897 4898
v 7.2793269 -2.8378832 -3.0435834
v 7.281702 -2.8378832 -3.0436611
l 4899 4900
v 7.3791375 -2.2903218 -3.0400736
v 7.3788443 -2.2903218 -3.0400691
l 4901 4902
v 7.4308367 -2.2903218 -3.0408852
v 7.426518 -2.2903218 -3.0408175
l 4903 4904
v 7.3800087 -2.2903218 -3.0400875
v 7.3791375 -2.2903218 -3.0400736
l 4905 4906
v 7.3923645 -2.2903218 -3.0402813
v 7.3800087 -2.2903218 -3.0400875
l 4907 4908
v 7.3923645 -2.2903218 -3.0402813
v 7.4074244 -2.2903218 -3.0405178
l 4909 4910
v 7.4314675 -2.2903218 -3.0408912
v 7.4312816 -2.2903218 -3.0408895
l 4911 4912
v 7.4312816 -2.2903218 -3.0408895
v 7.4308367 -2.2903218 -3.0408852
l 4913 4914
v 7.4851947 -2.2903218 -3.041399
v 7.4843359 -2.2903218 -3.0413949
l 4915 4916
v 7.4843359 -2.2903218 -3.0413949
v 7.4783673 -2.2903218 -3.041338
l 4917 4918
v 7.4783673 -2.2903218 -3.041338
v 7.4737506 -2.2903218 -3.0412941
l 4919 4920
v 7.4358974 -2.2903218 -3.0409334
v 7.4314675 -2.2903218 -3.0408912
l 4921 4922
v 7.4404993 -2.2903218 -3.0409772
v 7.4358974 -2.2903218 -3.0409334
l 4923 4924
v 7.4737506 -2.2903218 -3.0412941
v 7.4691286 -2.2903218 -3.04125
l 4925 4926
v 7.4691286 -2.2903218 -3.04125
v 7.4636898 -2.2903218 -3.0411983
l 4927 4928
v 7.4562397 -2.2903218 -3.0411272
v 7.4636898 -2.2903218 -3.0411983
l 4929 4930
v 7.5393572 -2.2903218 -3.0416572
v 7.5350909 -2.2903218 -3.0416369
l 4931 4932
v 7.5183005 -2.2903218 -3.0415568
v 7.5350909 -2.2903218 -3.0416369
l 4933 4934
v 7.5403504 -2.2903218 -3.0416586
v 7.5393572 -2.2903218 -3.0416572
l 4935 4936
v 7.5959139 -2.2903218 -3.0417316
v 7.5759177 -2.2903218 -3.0417054
l 4937 4938
v 7.5759177 -2.2903218 -3.0417054
v 7.5704184 -2.2903218 -3.041698
l 4939 4940
v 7.5490952 -2.2903218 -3.0416701
v 7.5403504 -2.2903218 -3.0416586
l 4941 4942
v 7.5704184 -2.2903218 -3.041698
v 7.5490952 -2.2903218 -3.0416701
l 4943 4944
v 7.3470931 -2.2903218 -3.039326
v 7.3467684 -2.2903218 -3.0393176
l 4945 4946
v 7.3373351 -2.2903218 -3.0390759
v 7.3467684 -2.2903218 -3.0393176
l 4947 4948
v 7.3373351 -2.2903218 -3.0390759
v 7.3283458 -2.2903218 -3.0388453
l 4949 4950
v 7.3283458 -2.2903218 -3.0388453
v 7.3281636 -2.2903218 -3.0388389
l 4951 4952
v 7.3281636 -2.2903218 -3.0388389
v 7.3193164 -2.2903218 -3.0385213
l 4953 4954
v 7.3193164 -2.2903218 -3.0385213
v 7.30231 -2.2903218 -3.0379105
l 4955 4956
v 7.2923207 -2.2903218 -3.0375519
v 7.2793269 -2.2903218 -3.0370853
l 4957 4958
v 7.30231 -2.2903218 -3.0379105
v 7.2923207 -2.2903218 -3.0375519
l 4959 4960
v 7.3628535 -2.2903218 -3.0396948
v 7.3470931 -2.2903218 -3.039326
l 4961 4962
v 7.3788443 -2.2903218 -3.0400691
v 7.3784614 -2.2903218 -3.04006
l 4963 4964
v 7.3737216 -2.2903218 -3.0399492
v 7.3628535 -2.2903218 -3.0396948
l 4965 4966
v 7.3784614 -2.2903218 -3.04006
v 7.3737216 -2.2903218 -3.0399492
l 4967 4968
v 7.2301302 -2.2903218 -3.0346918
v 7.225235 -2.2903218 -3.0343854
l 4969 4970
v 7.1981125 -2.2903218 -3.0326879
v 7.1856723 -2.2903218 -3.0319092
l 4971 4972
v 7.2317739 -2.2903218 -3.0347948
v 7.2301302 -2.2903218 -3.0346918
l 4973 4974
v 7.2784963 -2.2903218 -3.0370452
v 7.2317739 -2.2903218 -3.0347948
l 4975 4976
v 7.2793269 -2.2903218 -3.0370853
v 7.2784963 -2.2903218 -3.0370452
l 4977 4978
v 7.1856723 -2.2903218 -3.0319092
v 7.1830373 -2.2903218 -3.0316999
l 4979 4980
v 7.1830373 -2.2903218 -3.0316999
v 7.1686506 -2.2903218 -3.0305579
l 4981 4982
v 7.1639266 -2.2903218 -3.0301828
v 7.1410089 -2.2903218 -3.0283637
l 4983 4984
v 7.1686506 -2.2903218 -3.0305579
v 7.1639266 -2.2903218 -3.0301828
l 4985 4986
v 7.1410089 -2.2903218 -3.0283637
v 7.1371894 -2.2903218 -3.0279865
l 4987 4988
v 7.1389728 -2.3325744 -3.0525744
v 7.1410089 -2.3348863 -3.0540407
l 4989 4990
v 7.1410089 -2.3365493 -3.0549631
v 7.128777 -2.3294697 -3.049933
l 4991 4992
v 7.1378884 -2.3313429 -3.0517936
v 7.1389728 -2.3325744 -3.0525744
l 4993 4994
v 7.1202517 -2.3252077 -3.0467999
v 7.1168456 -2.3235047 -3.0455482
l 4995 4996
v 7.128777 -2.3294697 -3.049933
v 7.1202517 -2.3252077 -3.0467999
l 4997 4998
v 7.1362047 -2.3289087 -3.0502913
v 7.1378884 -2.3313429 -3.0517936
l 4999 5000
v 7.1294475 -2.295783 -3.0313058
v 7.1294312 -2.2961454 -3.0315053
l 5001 5002
v 7.1294556 -2.2955942 -3.0312018
v 7.1294475 -2.295783 -3.0313058
l 5003 5004
v 7.1294312 -2.2961454 -3.0315053
v 7.1293836 -2.2972162 -3.032095
l 5005 5006
v 7.1293836 -2.2972162 -3.032095
v 7.1293664 -2.2976015 -3.0323071
l 5007 5008
v 7.1293664 -2.2976015 -3.0323071
v 7.1293197 -2.2986491 -3.0328841
l 5009 5010
v 7.1351495 -2.327383 -3.04935
v 7.1362047 -2.3289087 -3.0502913
l 5011 5012
v 7.1338544 -2.3249438 -3.0478799
v 7.1351495 -2.327383 -3.04935
l 5013 5014
v 7.1293197 -2.2986491 -3.0328841
v 7.1293015 -2.2990572 -3.0331089
l 5015 5016
v 7.132875 -2.3230982 -3.046768
v 7.1338544 -2.3249438 -3.0478799
l 5017 5018
v 7.1319489 -2.3207116 -3.0453603
v 7.132875 -2.3230982 -3.046768
l 5019 5020
v 7.1293015 -2.2990572 -3.0331089
v 7.1292558 -2.3000822 -3.0336735
l 5021 5022
v 7.1291924 -2.3015151 -3.0344627
v 7.1292558 -2.3000822 -3.0336735
l 5023 5024
v 7.1291924 -2.3015151 -3.0344627
v 7.1291718 -2.3019691 -3.0347126
l 5025 5026
v 7.1311007 -2.3185244 -3.0440705
v 7.1319489 -2.3207116 -3.0453603
l 5027 5028
v 7.1305137 -2.3162436 -3.0427523
v 7.1311007 -2.3185244 -3.0440705
l 5029 5030
v 7.129858 -2.3136971 -3.0412805
v 7.1305137 -2.3162436 -3.0427523
l 5031 5032
v 7.1291718 -2.3019691 -3.0347126
v 7.1291285 -2.3029482 -3.0352519
l 5033 5034
v 7.1295733 -2.3115711 -3.0400755
v 7.129858 -2.3136971 -3.0412805
l 5035 5036
v 7.1291828 -2.3086522 -3.0384209
v 7.1295733 -2.3115711 -3.0400755
l 5037 5038
v 7.1291285 -2.3029482 -3.0352519
v 7.1291075 -2.3034251 -3.0355146
l 5039 5040
v 7.1291547 -2.3067248 -3.0373492
v 7.1291828 -2.3086522 -3.0384209
l 5041 5042
v 7.1291075 -2.3034251 -3.0355146
v 7.1291547 -2.3067248 -3.0373492
l 5043 5044
v 7.1485691 -2.3409188 -3.057935
v 7.1433859 -2.337923 -3.0558975
l 5045 5046
v 7.1456761 -2.338882 -3.0565956
v 7.1485691 -2.3409188 -3.057935
l 5047 5048
v 7.1433859 -2.337923 -3.0558975
v 7.1410089 -2.3365493 -3.0549631
l 5049 5050
v 7.1421371 -2.3359096 -3.0546901
v 7.1446319 -2.3381467 -3.0561118
l 5051 5052
v 7.1410584 -2.3349428 -3.0540757
v 7.1421371 -2.3359096 -3.0546901
l 5053 5054
v 7.1410089 -2.3348863 -3.0540407
v 7.1410584 -2.3349428 -3.0540757
l 5055 5056
v 7.1446319 -2.3381467 -3.0561118
v 7.1456761 -2.338882 -3.0565956
l 5057 5058
v 7.1168456 -2.3235047 -3.0455482
v 7.1082358 -2.3192005 -3.0423841
l 5059 5060
v 7.1082358 -2.3192005 -3.0423841
v 7.0977688 -2.3147473 -3.03897
l 5061 5062
v 7.1410089 -2.8378832 -3.0356214
v 7.145844 -2.8378832 -3.0359719
l 5063 5064
v 7.1458173 -2.788584 -3.0633185
v 7.1480627 -2.7872863 -3.0642011
l 5065 5066
v 7.1410089 -2.7913632 -3.0614283
v 7.1458173 -2.788584 -3.0633185
l 5067 5068
v 7.1480627 -2.7872863 -3.0642011
v 7.1446619 -2.789681 -3.0626264
l 5069 5070
v 7.1411777 -2.7927017 -3.060698
v 7.1410089 -2.7928529 -3.0606019
l 5071 5072
v 7.1446619 -2.789681 -3.0626264
v 7.1441255 -2.7900586 -3.0623779
l 5073 5074
v 7.1441255 -2.7900586 -3.0623779
v 7.1411777 -2.7927017 -3.060698
l 5075 5076
v 7.1856723 -2.8378832 -3.0388582
v 7.1917763 -2.8378832 -3.039207
l 5077 5078
v 7.1856723 -2.8378832 -3.0388582
v 7.1633563 -2.8378832 -3.037241
l 5079 5080
v 7.145844 -2.8378832 -3.0359719
v 7.1633563 -2.8378832 -3.037241
l 5081 5082
v 7.1300254 -2.7977204 -3.0569115
v 7.1410089 -2.7913632 -3.0614283
l 5083 5084
v 7.1410089 -2.7928529 -3.0606019
v 7.140553 -2.7932622 -3.0603337
l 5085 5086
v 7.140553 -2.7932622 -3.0603337
v 7.1380725 -2.7960789 -3.0585475
l 5087 5088
v 7.1290774 -2.8354669 -3.035886
v 7.1291199 -2.8364275 -3.035357
l 5089 5090
v 7.129055 -2.8349714 -3.036159
v 7.1290774 -2.8354669 -3.035886
l 5091 5092
v 7.129055 -2.8349714 -3.036159
v 7.1289902 -2.8335156 -3.0369606
l 5093 5094
v 7.1290135 -2.8340337 -3.0366755
v 7.129055 -2.8349714 -3.036159
l 5095 5096
v 7.1289902 -2.8335156 -3.0369606
v 7.1290135 -2.8340337 -3.0366755
l 5097 5098
v 7.1289258 -2.8320596 -3.0377626
v 7.1289496 -2.8326008 -3.0374646
l 5099 5100
v 7.1288857 -2.8311677 -3.0382538
v 7.1289258 -2.8320596 -3.0377626
l 5101 5102
v 7.1288857 -2.8311677 -3.0382538
v 7.1288223 -2.8297348 -3.0390429
l 5103 5104
v 7.128861 -2.8306038 -3.0385644
v 7.1288857 -2.8311677 -3.0382538
l 5105 5106
v 7.1288223 -2.8297348 -3.0390429
v 7.128861 -2.8306038 -3.0385644
l 5107 5108
v 7.1288857 -2.8311677 -3.0382538
v 7.1287961 -2.8291478 -3.0393662
l 5109 5110
v 7.1287961 -2.8291478 -3.0393662
v 7.1288223 -2.8297348 -3.0390429
l 5111 5112
v 7.1287313 -2.8276918 -3.040168
v 7.1287584 -2.8283017 -3.0398324
l 5113 5114
v 7.1286945 -2.8268688 -3.0406215
v 7.1287313 -2.8276918 -3.040168
l 5115 5116
v 7.1287584 -2.8283017 -3.0398324
v 7.1287961 -2.8291478 -3.0393662
l 5117 5118
v 7.1286664 -2.826236 -3.0409698
v 7.1286945 -2.8268688 -3.0406215
l 5119 5120
v 7.1286306 -2.8254356 -3.0414107
v 7.1286664 -2.826236 -3.0409698
l 5121 5122
v 7.1380725 -2.7960789 -3.0585475
v 7.137383 -2.7968621 -3.0580509
l 5123 5124
v 7.1353631 -2.7997828 -3.0562487
v 7.1346436 -2.8008223 -3.0556071
l 5125 5126
v 7.137383 -2.7968621 -3.0580509
v 7.1353631 -2.7997828 -3.0562487
l 5127 5128
v 7.1330733 -2.803781 -3.0538239
v 7.1323695 -2.8051069 -3.053025
l 5129 5130
v 7.1346436 -2.8008223 -3.0556071
v 7.1330733 -2.803781 -3.0538239
l 5131 5132
v 7.1323695 -2.8051069 -3.053025
v 7.1312304 -2.8080428 -3.0512938
l 5133 5134
v 7.1312304 -2.8080428 -3.0512938
v 7.1305947 -2.8096807 -3.0503278
l 5135 5136
v 7.1286016 -2.82478 -3.0417717
v 7.1286306 -2.8254356 -3.0414107
l 5137 5138
v 7.1286402 -2.8220971 -3.0432637
v 7.1286016 -2.82478 -3.0417717
l 5139 5140
v 7.1305947 -2.8096807 -3.0503278
v 7.1298599 -2.8125365 -3.0486772
l 5141 5142
v 7.1298599 -2.8125365 -3.0486772
v 7.1293526 -2.814508 -3.0475378
l 5143 5144
v 7.1286769 -2.8195529 -3.0446782
v 7.1286402 -2.8220971 -3.0432637
l 5145 5146
v 7.1293526 -2.814508 -3.0475378
v 7.1289878 -2.8172314 -3.045994
l 5147 5148
v 7.1289878 -2.8172314 -3.045994
v 7.1286769 -2.8195529 -3.0446782
l 5149 5150
v 7.0155048 -2.8379383 -3.021651
v 7.0160022 -2.8378601 -3.0217829
l 5151 5152
v 7.0559387 -2.828306 -3.0324163
v 7.042088 -2.8322856 -3.0283589
l 5153 5154
v 7.0160022 -2.8378601 -3.0217829
v 7.0190115 -2.8373888 -3.0224462
l 5155 5156
v 7.0190115 -2.8373888 -3.0224462
v 7.0270329 -2.8356149 -3.0245016
l 5157 5158
v 7.0270329 -2.8356149 -3.0245016
v 7.042088 -2.8322856 -3.0283589
l 5159 5160
v 7.0645924 -2.8258243 -3.0347488
v 7.0667424 -2.8250608 -3.0354097
l 5161 5162
v 7.0559387 -2.828306 -3.0324163
v 7.0645924 -2.8258243 -3.0347488
l 5163 5164
v 7.0864902 -2.818049 -3.0414803
v 7.0977688 -2.8132427 -3.0453923
l 5165 5166
v 7.075316 -2.8220165 -3.0380454
v 7.0864902 -2.818049 -3.0414803
l 5167 5168
v 7.0667424 -2.8250608 -3.0354097
v 7.075316 -2.8220165 -3.0380454
l 5169 5170
v 7.1282716 -2.7987356 -3.05619
v 7.1300254 -2.7977204 -3.0569115
l 5171 5172
v 7.0977688 -2.8132427 -3.0453923
v 7.0990911 -2.8126802 -3.0458233
l 5173 5174
v 7.1282716 -2.7987356 -3.05619
v 7.1077304 -2.8090045 -3.0486414
l 5175 5176
v 7.0990911 -2.8126802 -3.0458233
v 7.1077304 -2.8090045 -3.0486414
l 5177 5178
v 7.0559387 -2.2997544 -3.0260332
v 7.0542507 -2.2992692 -3.0255387
l 5179 5180
v 7.0564613 -2.2999041 -3.0261741
v 7.0559387 -2.2997544 -3.0260332
l 5181 5182
v 7.0492983 -2.2978384 -3.0237343
v 7.0426569 -2.2959194 -3.0213144
l 5183 5184
v 7.0542507 -2.2992692 -3.0255387
v 7.0492983 -2.2978384 -3.0237343
l 5185 5186
v 7.0196853 -2.2908163 -3.0141027
v 7.0155048 -2.2901592 -3.012995
l 5187 5188
v 7.0426569 -2.2959194 -3.0213144
v 7.0246978 -2.2919297 -3.0156763
l 5189 5190
v 7.0246978 -2.2919297 -3.0156763
v 7.0196853 -2.2908163 -3.0141027
l 5191 5192
v 7.0977688 -2.3147473 -3.03897
v 7.0969338 -2.3143916 -3.0386806
l 5193 5194
v 7.0969338 -2.3143916 -3.0386806
v 7.0869951 -2.3101561 -3.0352333
l 5195 5196
v 7.0650969 -2.3023808 -3.0285015
v 7.0564613 -2.2999041 -3.0261741
l 5197 5198
v 7.0869951 -2.3101561 -3.0352333
v 7.0732832 -2.3052876 -3.031018
l 5199 5200
v 7.0732832 -2.3052876 -3.031018
v 7.0650969 -2.3023808 -3.0285015
l 5201 5202
v 7.0155048 -2.2901592 -3.012995
v 7.0055013 -2.2885833 -3.0100548
l 5203 5204
v 7.0055013 -2.2885833 -3.0100548
v 6.9999433 -2.2877076 -3.0084214
l 5205 5206
v 6.9961896 -2.2871163 -3.0073183
v 6.9764524 -2.2852645 -3.0024667
l 5207 5208
v 6.9999433 -2.2877076 -3.0084214
v 6.9961896 -2.2871163 -3.0073183
l 5209 5210
v 6.9764524 -2.2852645 -3.0024667
v 6.97507 -2.2851346 -3.0020816
l 5211 5212
v 6.972188 -2.2848635 -3.0012791
v 6.9613037 -2.2845247 -2.9987652
l 5213 5214
v 6.97507 -2.2851346 -3.0020816
v 6.972188 -2.2848635 -3.0012791
l 5215 5216
v 6.9613037 -2.2845247 -2.9987652
v 6.9499664 -2.2841716 -2.9961464
l 5217 5218
v 6.9477544 -2.2841027 -2.9956353
v 6.9387684 -2.2842987 -2.9939189
l 5219 5220
v 6.9499664 -2.2841716 -2.9961464
v 6.9477544 -2.2841027 -2.9956353
l 5221 5222
v 6.9520531 -2.8439476 -3.005219
v 6.970048 -2.8433871 -3.0093756
l 5223 5224
v 6.9387684 -2.8439214 -3.0024824
v 6.947073 -2.8441026 -3.0040686
l 5225 5226
v 6.947073 -2.8441026 -3.0040686
v 6.9520531 -2.8439476 -3.005219
l 5227 5228
v 6.9715066 -2.8433418 -3.0097125
v 6.9764524 -2.8428767 -3.0110896
l 5229 5230
v 6.970048 -2.8433871 -3.0093756
v 6.9715066 -2.8433418 -3.0097125
l 5231 5232
v 7.0023065 -2.8400176 -3.017772
v 7.0154099 -2.8379533 -3.0216231
l 5233 5234
v 6.9764524 -2.8428767 -3.0110896
v 6.9772925 -2.8427978 -3.011296
l 5235 5236
v 6.9955063 -2.841089 -3.0157733
v 7.0023065 -2.8400176 -3.017772
l 5237 5238
v 6.9772925 -2.8427978 -3.011296
v 6.9955063 -2.841089 -3.0157733
l 5239 5240
v 7.0154099 -2.8379533 -3.0216231
v 7.0155048 -2.8379383 -3.021651
l 5241 5242
v 6.8927341 -2.8407841 -2.9932137
v 6.9024382 -2.8418481 -2.9951792
l 5243 5244
v 6.9269986 -2.8436637 -2.9998038
v 6.9296622 -2.8437221 -3.0004101
l 5245 5246
v 6.9024382 -2.8418481 -2.9951792
v 6.9071169 -2.8423593 -2.9959354
l 5247 5248
v 6.910388 -2.8425739 -2.9965718
v 6.9269986 -2.8436637 -2.9998038
l 5249 5250
v 6.9071169 -2.8423593 -2.9959354
v 6.910388 -2.8425739 -2.9965718
l 5251 5252
v 6.9306145 -2.8437428 -3.0006268
v 6.9387684 -2.8439214 -3.0024824
l 5253 5254
v 6.9296622 -2.8437221 -3.0004101
v 6.9306145 -2.8437428 -3.0006268
l 5255 5256
v 6.8904586 -2.8405347 -2.9927528
v 6.8927341 -2.8407841 -2.9932137
l 5257 5258
v 6.8674479 -2.837106 -2.988776
v 6.868052 -2.8372254 -2.9888582
l 5259 5260
v 6.8874726 -2.8402073 -2.9921482
v 6.868052 -2.8372254 -2.9888582
l 5261 5262
v 6.8874726 -2.8402073 -2.9921482
v 6.8904586 -2.8405347 -2.9927528
l 5263 5264
v 6.8851461 -2.2884591 -2.9832578
v 6.8697219 -2.2908273 -2.9806449
l 5265 5266
v 6.8687291 -2.2909796 -2.9804766
v 6.8674479 -2.2912328 -2.9803023
l 5267 5268
v 6.8697219 -2.2908273 -2.9806449
v 6.8687291 -2.2909796 -2.9804766
l 5269 5270
v 6.9024382 -2.2864313 -2.9866605
v 6.8892212 -2.2878804 -2.9839838
l 5271 5272
v 6.8881497 -2.287998 -2.9837668
v 6.8851461 -2.2884591 -2.9832578
l 5273 5274
v 6.8892212 -2.2878804 -2.9839838
v 6.8881497 -2.287998 -2.9837668
l 5275 5276
v 6.9077964 -2.2858458 -2.9875264
v 6.9024382 -2.2864313 -2.9866605
l 5277 5278
v 6.909049 -2.2857635 -2.9877701
v 6.9077964 -2.2858458 -2.9875264
l 5279 5280
v 6.9387684 -2.2842987 -2.9939189
v 6.9291558 -2.2845089 -2.9917312
l 5281 5282
v 6.9291558 -2.2845089 -2.9917312
v 6.9276776 -2.2845414 -2.991395
l 5283 5284
v 6.8674479 -2.2912328 -2.9803023
v 6.8514357 -2.2944093 -2.977391
l 5285 5286
v 6.8514357 -2.2944093 -2.977391
v 6.850493 -2.2945962 -2.9772196
l 5287 5288
v 6.8496027 -2.2947729 -2.9770577
v 6.8337836 -2.2986174 -2.9747148
l 5289 5290
v 6.850493 -2.2945962 -2.9772196
v 6.8496027 -2.2947729 -2.9770577
l 5291 5292
v 6.8337836 -2.2986174 -2.9747148
v 6.8316193 -2.2991455 -2.9742835
l 5293 5294
v 6.8307409 -2.2993598 -2.9741085
v 6.8201256 -2.3024321 -2.9723568
l 5295 5296
v 6.8316193 -2.2991455 -2.9742835
v 6.8307409 -2.2993598 -2.9741085
l 5297 5298
v 6.8201256 -2.3024321 -2.9723568
v 6.8130417 -2.3044822 -2.9711878
l 5299 5300
v 6.8122115 -2.3047225 -2.971051
v 6.8014317 -2.3083391 -2.9696472
l 5301 5302
v 6.8130417 -2.3044822 -2.9711878
v 6.8122115 -2.3047225 -2.971051
l 5303 5304
v 6.8014317 -2.8200915 -2.9780517
v 6.8115392 -2.8234828 -2.9793677
l 5305 5306
v 6.8115392 -2.8234828 -2.9793677
v 6.8139215 -2.824172 -2.9797609
l 5307 5308
v 6.8325825 -2.8294585 -2.9829264
v 6.8337836 -2.8297517 -2.9831657
l 5309 5310
v 6.8300691 -2.8288453 -2.9824257
v 6.8325825 -2.8294585 -2.9829264
l 5311 5312
v 6.8515396 -2.8339503 -2.9858837
v 6.8585982 -2.8353505 -2.9871671
l 5313 5314
v 6.8337836 -2.8297517 -2.9831657
v 6.848928 -2.8334322 -2.9854088
l 5315 5316
v 6.848928 -2.8334322 -2.9854088
v 6.8515396 -2.8339503 -2.9858837
l 5317 5318
v 6.8585982 -2.8353505 -2.9871671
v 6.8674479 -2.837106 -2.988776
l 5319 5320
v 6.7972674 -2.8186879 -2.9772718
v 6.793334 -2.8173623 -2.9765356
l 5321 5322
v 6.7714996 -2.8072109 -2.9745548
v 6.7754807 -2.8105025 -2.9738288
l 5323 5324
v 6.7754807 -2.8105025 -2.9738288
v 6.7777038 -2.8113565 -2.9741657
l 5325 5326
v 6.7777038 -2.8113565 -2.9741657
v 6.793334 -2.8173623 -2.9765356
l 5327 5328
v 6.7972674 -2.8186879 -2.9772718
v 6.8014317 -2.8200915 -2.9780517
l 5329 5330
v 6.7703781 -2.8062744 -2.9746222
v 6.7564034 -2.7945504 -2.9746611
l 5331 5332
v 6.7490606 -2.7870796 -2.9754083
v 6.7564034 -2.7945504 -2.9746611
l 5333 5334
v 6.7703781 -2.8062744 -2.9746222
v 6.7706771 -2.806524 -2.9746044
l 5335 5336
v 6.7706771 -2.806524 -2.9746044
v 6.7714996 -2.8072109 -2.9745548
l 5337 5338
v 6.7448764 -2.3458819 -2.9698086
v 6.7417817 -2.3490307 -2.9701235
l 5339 5340
v 6.7417817 -2.3490307 -2.9701235
v 6.7406082 -2.3502245 -2.970243
l 5341 5342
v 6.7545176 -2.3360727 -2.9688272
v 6.7448764 -2.3458819 -2.9698086
l 5343 5344
v 6.7569237 -2.3336546 -2.9682214
v 6.7657847 -2.3262913 -2.9671547
l 5345 5346
v 6.7569237 -2.3336546 -2.9682214
v 6.7545176 -2.3360727 -2.9688272
l 5347 5348
v 6.7703781 -2.3224742 -2.9666018
v 6.7657847 -2.3262913 -2.9671547
l 5349 5350
v 6.790844 -2.3120565 -2.967777
v 6.7769728 -2.3173862 -2.9656742
l 5351 5352
v 6.7761497 -2.3177025 -2.9655492
v 6.7703781 -2.3224742 -2.9666018
l 5353 5354
v 6.7769728 -2.3173862 -2.9656742
v 6.7761497 -2.3177025 -2.9655492
l 5355 5356
v 6.8014317 -2.3083391 -2.9696472
v 6.7948303 -2.310564 -2.968411
l 5357 5358
v 6.794003 -2.3108428 -2.968256
v 6.790844 -2.3120565 -2.967777
l 5359 5360
v 6.7948303 -2.310564 -2.968411
v 6.794003 -2.3108428 -2.968256
l 5361 5362
v 6.7121091 -2.3885014 -2.9763916
v 6.7099514 -2.391788 -2.9769111
l 5363 5364
v 6.7099514 -2.391788 -2.9769111
v 6.7094769 -2.3926864 -2.977123
l 5365 5366
v 6.7259498 -2.3681417 -2.9724231
v 6.723772 -2.3708408 -2.9727678
l 5367 5368
v 6.7129669 -2.3872023 -2.976125
v 6.7121091 -2.3885014 -2.9763916
l 5369 5370
v 6.723772 -2.3708408 -2.9727678
v 6.7129669 -2.3872023 -2.976125
l 5371 5372
v 6.7264657 -2.3675022 -2.9723415
v 6.7259498 -2.3681417 -2.9724231
l 5373 5374
v 6.7394438 -2.3514152 -2.9702871
v 6.7264657 -2.3675022 -2.9723415
l 5375 5376
v 6.7406082 -2.3502245 -2.970243
v 6.7394438 -2.3514152 -2.9702871
l 5377 5378
v 6.7094769 -2.3926864 -2.977123
v 6.7066631 -2.3980181 -2.9783807
l 5379 5380
v 6.7066631 -2.3980181 -2.9783807
v 6.7013211 -2.408371 -2.9793096
l 5381 5382
v 6.6983585 -2.414113 -2.9798245
v 6.6953869 -2.4215758 -2.9809909
l 5383 5384
v 6.7013211 -2.408371 -2.9793096
v 6.6983585 -2.414113 -2.9798245
l 5385 5386
v 6.6953869 -2.4215758 -2.9809909
v 6.6917138 -2.4308 -2.9824328
l 5387 5388
v 6.6889772 -2.4376726 -2.9835069
v 6.684866 -2.4519417 -2.9866254
l 5389 5390
v 6.6917138 -2.4308 -2.9824328
v 6.6889772 -2.4376726 -2.9835069
l 5391 5392
v 6.7121091 -2.7403948 -2.9819002
v 6.7128229 -2.7414951 -2.9818342
l 5393 5394
v 6.7131524 -2.7420032 -2.9818037
v 6.7138691 -2.7431083 -2.9817374
l 5395 5396
v 6.7128229 -2.7414951 -2.9818342
v 6.7131524 -2.7420032 -2.9818037
l 5397 5398
v 6.7297711 -2.7654057 -2.9777853
v 6.7232838 -2.7573643 -2.9788122
l 5399 5400
v 6.7138691 -2.7431083 -2.9817374
v 6.7232838 -2.7573643 -2.9788122
l 5401 5402
v 6.7422051 -2.7801049 -2.9761062
v 6.7490606 -2.7870796 -2.9754083
l 5403 5404
v 6.7406082 -2.7784801 -2.9762688
v 6.7422051 -2.7801049 -2.9761062
l 5405 5406
v 6.7389555 -2.7767899 -2.9763315
v 6.7406082 -2.7784801 -2.9762688
l 5407 5408
v 6.7297711 -2.7654057 -2.9777853
v 6.7389555 -2.7767899 -2.9763315
l 5409 5410
v 6.6978402 -2.7136314 -2.9840412
v 6.688642 -2.6905324 -2.9876516
l 5411 5412
v 6.6868815 -2.6844225 -2.988987
v 6.688642 -2.6905324 -2.9876516
l 5413 5414
v 6.7095428 -2.7364171 -2.9819665
v 6.7121091 -2.7403948 -2.9819002
l 5415 5416
v 6.6978402 -2.7136314 -2.9840412
v 6.6980238 -2.714092 -2.9839692
l 5417 5418
v 6.7013755 -2.720588 -2.9833865
v 6.7095428 -2.7364171 -2.9819665
l 5419 5420
v 6.6980238 -2.714092 -2.9839692
v 6.7013755 -2.720588 -2.9833865
l 5421 5422
v 6.6777644 -2.6422901 -2.9929364
v 6.6790729 -2.6499875 -2.9920223
l 5423 5424
v 6.6841903 -2.6746707 -2.9896591
v 6.684866 -2.67713 -2.989526
l 5425 5426
v 6.6790729 -2.6499875 -2.9920223
v 6.6817746 -2.6658821 -2.9901347
l 5427 5428
v 6.6817746 -2.6658821 -2.9901347
v 6.6841903 -2.6746707 -2.9896591
l 5429 5430
v 6.684866 -2.67713 -2.989526
v 6.6861157 -2.6816506 -2.9891918
l 5431 5432
v 6.6861157 -2.6816506 -2.9891918
v 6.6868815 -2.6844225 -2.988987
l 5433 5434
v 6.6774235 -2.6402845 -2.9931746
v 6.6777644 -2.6422901 -2.9929364
l 5435 5436
v 6.6765599 -2.6275358 -2.9954922
v 6.6774235 -2.6402845 -2.9931746
l 5437 5438
v 6.6763997 -2.6246824 -2.995605
v 6.6765599 -2.6275358 -2.9954922
l 5439 5440
v 6.6757922 -2.6138833 -2.996032
v 6.6763997 -2.6246824 -2.995605
l 5441 5442
v 6.6756554 -2.589684 -2.9977274
v 6.6756668 -2.5917585 -2.997582
l 5443 5444
v 6.6756668 -2.5917585 -2.997582
v 6.6756802 -2.5941017 -2.9974179
l 5445 5446
v 6.6757741 -2.6106436 -2.996259
v 6.6757922 -2.6138833 -2.996032
l 5447 5448
v 6.6757607 -2.6083519 -2.9964197
v 6.6757741 -2.6106436 -2.996259
l 5449 5450
v 6.6757298 -2.6028209 -2.9968071
v 6.6757426 -2.6051297 -2.9966452
l 5451 5452
v 6.6757116 -2.5996156 -2.9970317
v 6.6757298 -2.6028209 -2.9968071
l 5453 5454
v 6.6757426 -2.6051297 -2.9966452
v 6.6757607 -2.6083519 -2.9964197
l 5455 5456
v 6.6755428 -2.5697834 -2.9991217
v 6.6755552 -2.5720458 -2.9989631
l 5457 5458
v 6.6756492 -2.5885878 -2.9978042
v 6.6756554 -2.589684 -2.9977274
l 5459 5460
v 6.6756358 -2.5862274 -2.9979696
v 6.6756492 -2.5885878 -2.9978042
l 5461 5462
v 6.6755552 -2.5720458 -2.9989631
v 6.6755729 -2.575165 -2.9987445
l 5463 5464
v 6.6755867 -2.5775599 -2.9985769
v 6.6756043 -2.5806961 -2.9983571
l 5465 5466
v 6.6755729 -2.575165 -2.9987445
v 6.6755867 -2.5775599 -2.9985769
l 5467 5468
v 6.6756554 -2.5498829 -2.9977274
v 6.6756506 -2.5506806 -2.9977832
l 5469 5470
v 6.6756196 -2.5561948 -2.9981697
v 6.6756506 -2.5506806 -2.9977832
l 5471 5472
v 6.6755881 -2.5617087 -2.9985559
v 6.6756196 -2.5561948 -2.9981697
l 5473 5474
v 6.6756063 -2.5585713 -2.9983361
v 6.6755881 -2.5617087 -2.9985559
l 5475 5476
v 6.6756196 -2.5561948 -2.9981697
v 6.6756063 -2.5585713 -2.9983361
l 5477 5478
v 6.675561 -2.5665114 -2.9988923
v 6.6755881 -2.5617087 -2.9985559
l 5479 5480
v 6.6755748 -2.5641026 -2.9987235
v 6.675561 -2.5665114 -2.9988923
l 5481 5482
v 6.6755881 -2.5617087 -2.9985559
v 6.6755748 -2.5641026 -2.9987235
l 5483 5484
v 6.6755433 -2.5696337 -2.9991112
v 6.6755428 -2.5697834 -2.9991217
l 5485 5486
v 6.675561 -2.5665114 -2.9988923
v 6.6756196 -2.5561948 -2.9981697
l 5487 5488
v 6.675561 -2.5665114 -2.9988923
v 6.6755433 -2.5696337 -2.9991112
l 5489 5490
v 6.6759825 -2.5120823 -2.9951475
v 6.6758566 -2.5143218 -2.9952362
l 5491 5492
v 6.675838 -2.5175967 -2.9954655
v 6.6758251 -2.5198531 -2.9956236
l 5493 5494
v 6.6758566 -2.5143218 -2.9952362
v 6.675838 -2.5175967 -2.9954655
l 5495 5496
v 6.675807 -2.5231109 -2.9958518
v 6.6757941 -2.5253842 -2.996011
l 5497 5498
v 6.6758251 -2.5198531 -2.9956236
v 6.675807 -2.5231109 -2.9958518
l 5499 5500
v 6.6757627 -2.5309155 -2.9963987
v 6.6757445 -2.5341387 -2.9966245
l 5501 5502
v 6.6757755 -2.5286248 -2.9962382
v 6.6757627 -2.5309155 -2.9963987
l 5503 5504
v 6.6757941 -2.5253842 -2.996011
v 6.6757755 -2.5286248 -2.9962382
l 5505 5506
v 6.6756687 -2.547509 -2.997561
v 6.6756554 -2.5498829 -2.9977274
l 5507 5508
v 6.6756687 -2.547509 -2.997561
v 6.6757002 -2.5419779 -2.9971735
l 5509 5510
v 6.6756821 -2.5451667 -2.9973969
v 6.6756687 -2.547509 -2.997561
l 5511 5512
v 6.6757002 -2.5419779 -2.9971735
v 6.6756821 -2.5451667 -2.9973969
l 5513 5514
v 6.6757131 -2.5396528 -2.9970107
v 6.6757002 -2.5419779 -2.9971735
l 5515 5516
v 6.6758251 -2.5198531 -2.9956236
v 6.6756687 -2.547509 -2.997561
l 5517 5518
v 6.6757312 -2.5364466 -2.9967861
v 6.6757755 -2.5286248 -2.9962382
l 5519 5520
v 6.6757445 -2.5341387 -2.9966245
v 6.6757312 -2.5364466 -2.9967861
l 5521 5522
v 6.6757131 -2.5396528 -2.9970107
v 6.6757755 -2.5286248 -2.9962382
l 5523 5524
v 6.6765342 -2.5039349 -2.9936664
v 6.6759825 -2.5120823 -2.9951475
l 5525 5526
v 6.6770773 -2.4959202 -2.9922094
v 6.6765342 -2.5039349 -2.9936664
l 5527 5528
v 23.882755 -0.0023454519 2.1655836
v 23.899271 0 2.1538494
l 5529 5530
v 23.899271 0 2.1538494
v 23.882755 0.0023454519 2.1655836
l 5531 5532
v 7.2276063 2.5697834 -2.0991423
v 7.2187595 2.5553439 -2.1006463
l 5533 5534
v 7.2095637 2.5096166 -2.1044664
v 7.210001 2.4990718 -2.1052191
l 5535 5536
v 7.210001 2.5201538 -2.1036704
v 7.2095637 2.5096166 -2.1044664
l 5537 5538
v 7.2793269 2.6122708 -2.1002221
v 7.2626362 2.6056907 -2.1003821
l 5539 5540
v 8.178586 2.6781926 -2.927752
v 8.1759176 2.6861765 -2.9259214
l 5541 5542
v 8.1744614 2.6905324 -2.9249225
v 8.1682034 2.7047393 -2.9223523
l 5543 5544
v 8.1759176 2.6861765 -2.9259214
v 8.1744614 2.6905324 -2.9249225
l 5545 5546
v 8.1824093 2.6667535 -2.9303751
v 8.178586 2.6781926 -2.927752
l 5547 5548
v 8.1826715 2.6658821 -2.9304557
v 8.1824093 2.6667535 -2.9303751
l 5549 5550
v 8.1876364 2.6408696 -2.9338834
v 8.1833076 2.6626773 -2.9308949
l 5551 5552
v 8.1833076 2.6626773 -2.9308949
v 8.1826715 2.6658821 -2.9304557
l 5553 5554
v 8.1877527 2.6402845 -2.9339638
v 8.1876364 2.6408696 -2.9338834
l 5555 5556
v 8.1879883 2.6379042 -2.9343932
v 8.1877527 2.6402845 -2.9339638
l 5557 5558
v 8.1898661 2.6189244 -2.9378178
v 8.1879883 2.6379042 -2.9343932
l 5559 5560
v 8.1905594 2.5917585 -2.939518
v 8.1904907 2.5959792 -2.9392374
l 5561 5562
v 8.1908312 2.575165 -2.9406211
v 8.1907444 2.580483 -2.9402676
l 5563 5564
v 8.190835 2.5749691 -2.9406343
v 8.1908312 2.575165 -2.9406211
l 5565 5566
v 8.1909199 2.5697834 -2.940979
v 8.190835 2.5749691 -2.9406343
l 5567 5568
v 8.1905632 2.5915108 -2.9395344
v 8.1905594 2.5917585 -2.939518
l 5569 5570
v 8.19065 2.5862274 -2.9398856
v 8.1905632 2.5915108 -2.9395344
l 5571 5572
v 8.1907444 2.580483 -2.9402676
v 8.1907406 2.5806961 -2.9402535
l 5573 5574
v 8.190197 2.6138833 -2.9380472
v 8.1898661 2.6189244 -2.9378178
l 5575 5576
v 8.1904907 2.5959792 -2.9392374
v 8.1904736 2.5970247 -2.9391677
l 5577 5578
v 8.1904688 2.5972896 -2.9391503
v 8.190383 2.6025388 -2.9388013
l 5579 5580
v 8.1904736 2.5970247 -2.9391677
v 8.1904688 2.5972896 -2.9391503
l 5581 5582
v 8.1903782 2.6028209 -2.9387825
v 8.1902924 2.6080527 -2.9384346
l 5583 5584
v 8.190383 2.6025388 -2.9388013
v 8.1903782 2.6028209 -2.9387825
l 5585 5586
v 8.1902924 2.6080527 -2.9384346
v 8.1902876 2.6083519 -2.9384148
l 5587 5588
v 8.1902018 2.6135666 -2.9380682
v 8.190197 2.6138833 -2.9380472
l 5589 5590
v 8.1902876 2.6083519 -2.9384148
v 8.1902018 2.6135666 -2.9380682
l 5591 5592
v 8.1904678 2.5422437 -2.9391479
v 8.1904907 2.5435874 -2.9392374
l 5593 5594
v 8.190115 2.520658 -2.9377129
v 8.1901922 2.5253842 -2.9380271
l 5595 5596
v 8.190197 2.5257015 -2.9380484
v 8.1902828 2.5309155 -2.9383948
l 5597 5598
v 8.1901922 2.5253842 -2.9380271
v 8.190197 2.5257015 -2.9380484
l 5599 5600
v 8.1902876 2.5312157 -2.9384148
v 8.1903734 2.5364466 -2.9387627
l 5601 5602
v 8.1902828 2.5309155 -2.9383948
v 8.1902876 2.5312157 -2.9384148
l 5603 5604
v 8.1903734 2.5364466 -2.9387627
v 8.1903782 2.5367296 -2.9387815
l 5605 5606
v 8.190464 2.5419779 -2.9391303
v 8.1904678 2.5422437 -2.9391479
l 5607 5608
v 8.1903782 2.5367296 -2.9387815
v 8.190464 2.5419779 -2.9391303
l 5609 5610
v 8.190917 2.5696337 -2.940969
v 8.1909199 2.5697834 -2.940979
l 5611 5612
v 8.1907358 2.5585713 -2.9402335
v 8.1906452 2.5530403 -2.9398658
l 5613 5614
v 8.1907358 2.5585713 -2.9402335
v 8.1905584 2.5477576 -2.9395146
l 5615 5616
v 8.1908264 2.5641026 -2.9406013
v 8.1909142 2.5694528 -2.9409568
l 5617 5618
v 8.1907396 2.5587854 -2.9402478
v 8.1908264 2.5641026 -2.9406013
l 5619 5620
v 8.1907358 2.5585713 -2.9402335
v 8.1907396 2.5587854 -2.9402478
l 5621 5622
v 8.1909142 2.5694528 -2.9409568
v 8.190917 2.5696337 -2.940969
l 5623 5624
v 8.1900911 2.5201907 -2.9376187
v 8.190115 2.520658 -2.9377129
l 5625 5626
v 8.1898184 2.5147114 -2.9365125
v 8.1900749 2.5198531 -2.9375505
l 5627 5628
v 8.1897993 2.5143218 -2.9364338
v 8.1898184 2.5147114 -2.9365125
l 5629 5630
v 8.1881952 2.4981055 -2.9335079
v 8.1897993 2.5143218 -2.9364338
l 5631 5632
v 8.1900749 2.5198531 -2.9375505
v 8.1900911 2.5201907 -2.9376187
l 5633 5634
v 8.1682034 2.4256485 -2.9188466
v 8.1682119 2.4256661 -2.9188523
l 5635 5636
v 8.1682119 2.4256661 -2.9188523
v 8.1682158 2.4256752 -2.9188552
l 5637 5638
v 8.0867071 2.3244367 -2.8925879
v 8.0907125 2.3276315 -2.8929765
l 5639 5640
v 8.0982628 2.3336546 -2.8937092
v 8.1086702 2.3435133 -2.8958941
l 5641 5642
v 8.0907125 2.3276315 -2.8929765
v 8.0982628 2.3336546 -2.8937092
l 5643 5644
v 8.1273928 2.3630431 -2.9011786
v 8.117012 2.3514152 -2.8976455
l 5645 5646
v 8.1273928 2.3630431 -2.9011786
v 8.1335945 2.3700113 -2.903219
l 5647 5648
v 8.1495247 2.391788 -2.9089119
v 8.1525917 2.3969834 -2.9103413
l 5649 5650
v 8.138979 2.377027 -2.9057195
v 8.1405573 2.3792357 -2.9061971
l 5651 5652
v 8.1405573 2.3792357 -2.9061971
v 8.1495247 2.391788 -2.9089119
l 5653 5654
v 8.1343327 2.3708408 -2.9034617
v 8.138979 2.377027 -2.9057195
l 5655 5656
v 8.1335945 2.3700113 -2.903219
v 8.1343327 2.3708408 -2.9034617
l 5657 5658
v 8.1656818 2.4203622 -2.9171088
v 8.1682034 2.4256485 -2.9188466
l 5659 5660
v 8.1627016 2.414113 -2.9150541
v 8.1656818 2.4203622 -2.9171088
l 5661 5662
v 8.1525917 2.3969834 -2.9103413
v 8.1539536 2.3992915 -2.9109762
l 5663 5664
v 8.1539536 2.3992915 -2.9109762
v 8.1627016 2.414113 -2.9150541
l 5665 5666
v 8.1874714 2.4907939 -2.9321887
v 8.1881952 2.4981055 -2.9335079
l 5667 5668
v 8.1842327 2.4730375 -2.9296305
v 8.1871872 2.4879205 -2.9316702
l 5669 5670
v 8.1871872 2.4879205 -2.9316702
v 8.1874714 2.4907939 -2.9321887
l 5671 5672
v 8.1752167 2.4428051 -2.9222028
v 8.1807489 2.4593561 -2.9259977
l 5673 5674
v 8.1682158 2.4256752 -2.9188552
v 8.173501 2.4376726 -2.921026
l 5675 5676
v 8.173501 2.4376726 -2.921026
v 8.1752167 2.4428051 -2.9222028
l 5677 5678
v 8.1826439 2.4662085 -2.9277489
v 8.1842327 2.4730375 -2.9296305
l 5679 5680
v 8.1817398 2.462323 -2.9266782
v 8.1826439 2.4662085 -2.9277489
l 5681 5682
v 8.1807489 2.4593561 -2.9259977
v 8.1817398 2.462323 -2.9266782
l 5683 5684
v 8.164073 2.714092 -2.9206164
v 8.1637497 2.7146733 -2.9205379
l 5685 5686
v 8.1653919 2.7111042 -2.9211709
v 8.164073 2.714092 -2.9206164
l 5687 5688
v 8.1664343 2.7087457 -2.9216087
v 8.1653919 2.7111042 -2.9211709
l 5689 5690
v 8.1682034 2.7047393 -2.9223523
v 8.1664343 2.7087457 -2.9216087
l 5691 5692
v 8.135951 2.7573643 -2.9100251
v 8.1297426 2.7646277 -2.9089372
l 5693 5694
v 8.1488171 2.7393556 -2.9139202
v 8.141242 2.7499585 -2.9116271
l 5695 5696
v 8.141242 2.7499585 -2.9116271
v 8.135951 2.7573643 -2.9100251
l 5697 5698
v 8.1509161 2.7364171 -2.9145558
v 8.1488171 2.7393556 -2.9139202
l 5699 5700
v 8.1547375 2.7299418 -2.916337
v 8.1509161 2.7364171 -2.9145558
l 5701 5702
v 8.1637497 2.7146733 -2.9205379
v 8.1547375 2.7299418 -2.916337
l 5703 5704
v 8.1093082 2.7858684 -2.9032588
v 8.1060858 2.7889206 -2.9025824
l 5705 5706
v 8.1273928 2.7672675 -2.9081643
v 8.1260996 2.7687159 -2.9077241
l 5707 5708
v 8.1188917 2.7767899 -2.9052708
v 8.1093082 2.7858684 -2.9032588
l 5709 5710
v 8.1260996 2.7687159 -2.9077241
v 8.1188917 2.7767899 -2.9052708
l 5711 5712
v 8.1060858 2.7889206 -2.9025824
v 8.1001434 2.7945504 -2.9013348
l 5713 5714
v 8.0912142 2.8016722 -2.9004686
v 8.0867071 2.8052678 -2.9000311
l 5715 5716
v 8.1001434 2.7945504 -2.9013348
v 8.0912142 2.8016722 -2.9004686
l 5717 5718
v 8.0801239 2.8105025 -2.8993111
v 8.0800648 2.8105254 -2.8993227
l 5719 5720
v 8.0867071 2.8052678 -2.9000311
v 8.0801239 2.8105025 -2.8993111
l 5721 5722
v 8.0800648 2.8105254 -2.8993227
v 8.0729561 2.8132815 -2.9007313
l 5723 5724
v 8.0729561 2.8132815 -2.9007313
v 8.0624304 2.8173623 -2.9028168
l 5725 5726
v 8.0553293 2.8197901 -2.9044695
v 8.0463009 2.8228767 -2.9065707
l 5727 5728
v 8.0624304 2.8173623 -2.9028168
v 8.0553293 2.8197901 -2.9044695
l 5729 5730
v 8.0445223 2.8234828 -2.9069598
v 8.0433846 2.8238189 -2.9072475
l 5731 5732
v 8.0463009 2.8228767 -2.9065707
v 8.0445223 2.8234828 -2.9069598
l 5733 5734
v 8.0851068 2.3231642 -2.8924129
v 8.086175 2.3240139 -2.8925297
l 5735 5736
v 8.086175 2.3240139 -2.8925297
v 8.0867071 2.3244367 -2.8925879
l 5737 5738
v 8.0422287 2.3047225 -2.8976552
v 8.0463009 2.3061035 -2.896848
l 5739 5740
v 8.0148706 2.297065 -2.9046969
v 8.0187273 2.2980306 -2.9035904
l 5741 5742
v 8.03687 2.3031433 -2.8989546
v 8.0422287 2.3047225 -2.8976552
l 5743 5744
v 8.0240355 2.2993598 -2.9020677
v 8.03687 2.3031433 -2.8989546
l 5745 5746
v 8.0187273 2.2980306 -2.9035904
v 8.0240355 2.2993598 -2.9020677
l 5747 5748
v 8.0463009 2.3061035 -2.896848
v 8.0533705 2.3085093 -2.8953381
l 5749 5750
v 8.078042 2.3177025 -2.8908648
v 8.0851068 2.3231642 -2.8924129
l 5751 5752
v 8.0533705 2.3085093 -2.8953381
v 8.054739 2.3089752 -2.8950458
l 5753 5754
v 8.0723248 2.3155012 -2.8918304
v 8.078042 2.3177025 -2.8908648
l 5755 5756
v 8.0602264 2.3108428 -2.8938737
v 8.0723248 2.3155012 -2.8918304
l 5757 5758
v 8.054739 2.3089752 -2.8950458
v 8.0602264 2.3108428 -2.8938737
l 5759 5760
v 8.0063276 2.2949257 -2.9071479
v 8.0148706 2.297065 -2.9046969
l 5761 5762
v 7.9626656 2.287308 -2.922153
v 7.9669404 2.2877998 -2.9205008
l 5763 5764
v 7.9312177 2.2845414 -2.9351602
v 7.9434233 2.2853909 -2.9298875
l 5765 5766
v 7.9499588 2.2858458 -2.9270644
v 7.9626656 2.287308 -2.922153
l 5767 5768
v 7.9434233 2.2853909 -2.9298875
v 7.9499588 2.2858458 -2.9270644
l 5769 5770
v 7.9686556 2.287998 -2.919807
v 7.9732742 2.2887394 -2.9181473
l 5771 5772
v 7.9669404 2.2877998 -2.9205008
v 7.9686556 2.287998 -2.919807
l 5773 5774
v 8.0057154 2.2947729 -2.9073133
v 8.0063276 2.2949257 -2.9071479
l 5775 5776
v 7.9732742 2.2887394 -2.9181473
v 7.9816256 2.2900805 -2.9151461
l 5777 5778
v 8.0057154 2.2947729 -2.9073133
v 7.987226 2.2909796 -2.9131334
l 5779 5780
v 7.9816256 2.2900805 -2.9151461
v 7.987226 2.2909796 -2.9131334
l 5781 5782
v 7.9628119 2.8411317 -2.9317985
v 7.9623199 2.841188 -2.9319749
l 5783 5784
v 7.9669404 2.8406599 -2.9303203
v 7.9628119 2.8411317 -2.9317985
l 5785 5786
v 8.0006723 2.8349452 -2.919095
v 7.9895358 2.8372254 -2.9225039
l 5787 5788
v 7.9708838 2.8402073 -2.9288452
v 7.9669404 2.8406599 -2.9303203
l 5789 5790
v 7.9895358 2.8372254 -2.9225039
v 7.9818811 2.8384492 -2.9251063
l 5791 5792
v 7.9818811 2.8384492 -2.9251063
v 7.9708838 2.8402073 -2.9288452
l 5793 5794
v 8.0433846 2.8238189 -2.9072475
v 8.0374012 2.825587 -2.9087617
l 5795 5796
v 8.0080557 2.8334322 -2.9168093
v 8.0263729 2.8288453 -2.911552
l 5797 5798
v 8.0374012 2.825587 -2.9087617
v 8.0263729 2.8288453 -2.911552
l 5799 5800
v 8.0080557 2.8334322 -2.9168093
v 8.0063276 2.8337872 -2.9173641
l 5801 5802
v 7.9623199 2.841188 -2.9319749
v 7.9520736 2.8423593 -2.9356439
l 5803 5804
v 7.94346 2.8429534 -2.939023
v 7.9331651 2.8436637 -2.9430616
l 5805 5806
v 7.9520736 2.8423593 -2.9356439
v 7.94346 2.8429534 -2.939023
l 5807 5808
v 7.9331651 2.8436637 -2.9430616
v 7.9282928 2.8437765 -2.9451418
l 5809 5810
v 7.9238229 2.8438795 -2.9469726
v 7.9183555 2.8440053 -2.9492121
l 5811 5812
v 7.9282928 2.8437765 -2.9451418
v 7.9238229 2.8438795 -2.9469726
l 5813 5814
v 7.9183555 2.8440053 -2.9492121
v 7.9141397 2.8441026 -2.9509389
l 5815 5816
v 7.9141397 2.8441026 -2.9509389
v 7.901577 2.8436871 -2.9566166
l 5817 5818
v 7.8911428 2.8433418 -2.9613323
v 7.8905387 2.843281 -2.9616363
l 5819 5820
v 7.901577 2.8436871 -2.9566166
v 7.8911428 2.8433418 -2.9613323
l 5821 5822
v 7.8771758 2.8419411 -2.9681022
v 7.8719668 2.8414187 -2.9706228
l 5823 5824
v 7.8905387 2.843281 -2.9616363
v 7.8771758 2.8419411 -2.9681022
l 5825 5826
v 7.8826399 2.2855237 -2.9567382
v 7.889225 2.2848635 -2.9535518
l 5827 5828
v 7.889225 2.2848635 -2.9535518
v 7.8905387 2.2848201 -2.9529829
l 5829 5830
v 7.9238896 2.2843714 -2.9384038
v 7.9274464 2.2844532 -2.9369469
l 5831 5832
v 7.9122272 2.2841027 -2.9431808
v 7.9238896 2.2843714 -2.9384038
l 5833 5834
v 7.8905387 2.2848201 -2.9529829
v 7.9022264 2.2844336 -2.9477005
l 5835 5836
v 7.9022264 2.2844336 -2.9477005
v 7.9122272 2.2841027 -2.9431808
l 5837 5838
v 7.8779373 2.2859952 -2.9590137
v 7.8826399 2.2855237 -2.9567382
l 5839 5840
v 7.8667579 2.2871163 -2.9644232
v 7.8779373 2.2859952 -2.9590137
l 5841 5842
v 7.8538318 2.2893095 -2.971355
v 7.8667579 2.2871163 -2.9644232
l 5843 5844
v 7.9274464 2.2844532 -2.9369469
v 7.9282928 2.2844729 -2.9365587
l 5845 5846
v 7.818325 2.2976148 -2.9913859
v 7.8031402 2.3023808 -3.0005221
l 5847 5848
v 7.7871614 2.3086505 -3.0110826
v 7.8031402 2.3023808 -3.0005221
l 5849 5850
v 7.8299327 2.2944195 -2.9844751
v 7.8341637 2.2934017 -2.9820671
l 5851 5852
v 7.8236985 2.2959194 -2.9880238
v 7.8299327 2.2944195 -2.9844751
l 5853 5854
v 7.818325 2.2976148 -2.9913859
v 7.8236985 2.2959194 -2.9880238
l 5855 5856
v 7.7841725 2.3097422 -3.0126836
v 7.7866192 2.3088579 -3.0113785
l 5857 5858
v 7.7866192 2.3088579 -3.0113785
v 7.7871614 2.3086505 -3.0110826
l 5859 5860
v 7.8449097 2.2908163 -2.9759505
v 7.8538318 2.2893095 -2.971355
l 5861 5862
v 7.8341637 2.2934017 -2.9820671
v 7.8449097 2.2908163 -2.9759505
l 5863 5864
v 7.8098273 2.8273144 -3.005533
v 7.8051224 2.8258686 -3.0079019
l 5865 5866
v 7.8049774 2.8258243 -3.0079746
v 7.8039589 2.8254344 -3.0085301
l 5867 5868
v 7.8039589 2.8254344 -3.0085301
v 7.7841725 2.8182836 -3.0190861
l 5869 5870
v 7.8051224 2.8258686 -3.0079019
v 7.8049774 2.8258243 -3.0079746
l 5871 5872
v 7.818325 2.8299816 -3.0004203
v 7.8098273 2.8273144 -3.005533
l 5873 5874
v 7.8225102 2.8313022 -2.9978015
v 7.818325 2.8299816 -3.0004203
l 5875 5876
v 7.8256278 2.8322856 -2.9958508
v 7.8225102 2.8313022 -2.9978015
l 5877 5878
v 7.8538318 2.8385699 -2.9801757
v 7.8529501 2.8384209 -2.9806297
l 5879 5880
v 7.8289213 2.8330779 -2.9939761
v 7.8256278 2.8322856 -2.9958508
l 5881 5882
v 7.846839 2.8373888 -2.9837775
v 7.8289213 2.8330779 -2.9939761
l 5883 5884
v 7.8529501 2.8384209 -2.9806297
v 7.846839 2.8373888 -2.9837775
l 5885 5886
v 7.8719668 2.8414187 -2.9706228
v 7.8686786 2.841089 -2.972214
l 5887 5888
v 7.8686786 2.841089 -2.972214
v 7.8538318 2.8385699 -2.9801757
l 5889 5890
v 7.7391472 2.8378832 -3.0218186
v 7.7205434 2.8378832 -3.0270789
l 5891 5892
v 7.7415867 2.8365166 -3.0218871
v 7.7415409 2.8375602 -3.0213208
l 5893 5894
v 7.741888 2.818501 -3.031796
v 7.7420268 2.8195529 -3.031173
l 5895 5896
v 7.7420268 2.8195529 -3.031173
v 7.742044 2.8207655 -3.0304954
l 5897 5898
v 7.742044 2.8207655 -3.0304954
v 7.7421012 2.82478 -3.0282524
l 5899 5900
v 7.7420373 2.826236 -3.0274627
v 7.7421012 2.82478 -3.0282524
l 5901 5902
v 7.7421012 2.82478 -3.0282524
v 7.7420893 2.8250496 -3.0281062
l 5903 5904
v 7.7420893 2.8250496 -3.0281062
v 7.7420373 2.826236 -3.0274627
l 5905 5906
v 7.7420373 2.826236 -3.0274627
v 7.7420263 2.826483 -3.0273287
l 5907 5908
v 7.7420263 2.826483 -3.0273287
v 7.7419734 2.8276918 -3.0266731
l 5909 5910
v 7.7419095 2.8291478 -3.0258834
v 7.7419009 2.8293498 -3.025774
l 5911 5912
v 7.7419639 2.8279161 -3.0265515
v 7.7419095 2.8291478 -3.0258834
l 5913 5914
v 7.7419734 2.8276918 -3.0266731
v 7.7419639 2.8279161 -3.0265515
l 5915 5916
v 7.7419009 2.8293498 -3.025774
v 7.7418461 2.8306038 -3.0250938
l 5917 5918
v 7.7418461 2.8306038 -3.0250938
v 7.741838 2.8307831 -3.0249965
l 5919 5920
v 7.741838 2.8307831 -3.0249965
v 7.7417822 2.8320596 -3.0243042
l 5921 5922
v 7.7417183 2.8335156 -3.0235145
v 7.7417822 2.8320596 -3.0243042
l 5923 5924
v 7.7417822 2.8320596 -3.0243042
v 7.741775 2.8322165 -3.0242193
l 5925 5926
v 7.741775 2.8322165 -3.0242193
v 7.7417183 2.8335156 -3.0235145
l 5927 5928
v 7.7416544 2.8349714 -3.0227249
v 7.7416496 2.835083 -3.0226643
l 5929 5930
v 7.7417126 2.8336499 -3.0234418
v 7.7416544 2.8349714 -3.0227249
l 5931 5932
v 7.7417183 2.8335156 -3.0235145
v 7.7417126 2.8336499 -3.0234418
l 5933 5934
v 7.7417822 2.8320596 -3.0243042
v 7.7419639 2.8279161 -3.0265515
l 5935 5936
v 7.7415905 2.8364275 -3.0219352
v 7.7415867 2.8365166 -3.0218871
l 5937 5938
v 7.7416496 2.835083 -3.0226643
v 7.7417822 2.8320596 -3.0243042
l 5939 5940
v 7.7416496 2.835083 -3.0226643
v 7.7415905 2.8364275 -3.0219352
l 5941 5942
v 7.725472 2.7890952 -3.0527506
v 7.7261486 2.7895796 -3.0522904
l 5943 5944
v 7.7229457 2.7872863 -3.0544682
v 7.725472 2.7890952 -3.0527506
l 5945 5946
v 7.7258196 2.7889755 -3.0527186
v 7.7229457 2.7872863 -3.0544682
l 5947 5948
v 7.7415409 2.8375602 -3.0213208
v 7.7415218 2.8378832 -3.0210831
l 5949 5950
v 7.7396102 2.8378832 -3.0216751
v 7.7391472 2.8378832 -3.0218186
l 5951 5952
v 7.7415218 2.8378832 -3.0210831
v 7.7396102 2.8378832 -3.0216751
l 5953 5954
v 7.7268176 2.7900586 -3.0518355
v 7.7289352 2.7919896 -3.0501654
l 5955 5956
v 7.7289352 2.7919896 -3.0501654
v 7.7303314 2.7932622 -3.0490649
l 5957 5958
v 7.7261486 2.7895796 -3.0522904
v 7.7268176 2.7900586 -3.0518355
l 5959 5960
v 7.7424264 2.7987356 -3.0426087
v 7.7303557 2.7916412 -3.0499573
l 5961 5962
v 7.7303557 2.7916412 -3.0499573
v 7.7258196 2.7889755 -3.0527186
l 5963 5964
v 7.7515273 2.8033557 -3.0374722
v 7.7424264 2.7987356 -3.0426087
l 5965 5966
v 7.7415519 2.8159506 -3.0333059
v 7.741888 2.818501 -3.031796
l 5967 5968
v 7.7413611 2.814508 -3.0341599
v 7.7401381 2.8096807 -3.0371838
l 5969 5970
v 7.7413611 2.814508 -3.0341599
v 7.7415519 2.8159506 -3.0333059
l 5971 5972
v 7.7303314 2.7932622 -3.0490649
v 7.7320538 2.7952483 -3.0474758
l 5973 5974
v 7.7320538 2.7952483 -3.0474758
v 7.7334533 2.7968621 -3.046185
l 5975 5976
v 7.739078 2.8069069 -3.0390222
v 7.7401381 2.8096807 -3.0371838
l 5977 5978
v 7.73839 2.8051069 -3.0402153
v 7.739078 2.8069069 -3.0390222
l 5979 5980
v 7.7334533 2.7968621 -3.046185
v 7.7348013 2.798841 -3.0447061
l 5981 5982
v 7.7348013 2.798841 -3.0447061
v 7.7361507 2.8008223 -3.0432253
l 5983 5984
v 7.7371516 2.802737 -3.0418804
v 7.73839 2.8051069 -3.0402153
l 5985 5986
v 7.7361507 2.8008223 -3.0432253
v 7.7371516 2.802737 -3.0418804
l 5987 5988
v 7.7738276 2.8138516 -3.0247469
v 7.7626314 2.8090045 -3.0309014
l 5989 5990
v 7.7551551 2.8052013 -3.0353255
v 7.7515273 2.8033557 -3.0374722
l 5991 5992
v 7.7626314 2.8090045 -3.0309014
v 7.7551551 2.8052013 -3.0353255
l 5993 5994
v 7.7801118 2.8165724 -3.0212924
v 7.7738276 2.8138516 -3.0247469
l 5995 5996
v 7.7841725 2.8182836 -3.0190861
v 7.7835221 2.818049 -3.0194175
l 5997 5998
v 7.7835221 2.818049 -3.0194175
v 7.7801118 2.8165724 -3.0212924
l 5999 6000
v 7.7351446 2.3334565 -3.0405765
v 7.7419281 2.3294697 -3.0364466
l 6001 6002
v 7.7419281 2.3294697 -3.0364466
v 7.7515273 2.3245966 -3.0310292
l 6003 6004
v 7.7621346 2.3192005 -3.0247524
v 7.7824368 2.310411 -3.013592
l 6005 6006
v 7.7824368 2.310411 -3.013592
v 7.7829971 2.3101683 -3.013284
l 6007 6008
v 7.7515273 2.3245966 -3.0310292
v 7.7576475 2.3214831 -3.0274074
l 6009 6010
v 7.7576475 2.3214831 -3.0274074
v 7.7621346 2.3192005 -3.0247524
l 6011 6012
v 7.7829971 2.3101683 -3.013284
v 7.7830253 2.3101561 -3.0132685
l 6013 6014
v 7.7830253 2.3101561 -3.0132685
v 7.7841725 2.3097422 -3.0126836
l 6015 6016
v 7.7224479 2.3409188 -3.0483062
v 7.7330017 2.3347161 -3.0418811
l 6017 6018
v 7.7330017 2.3347161 -3.0418811
v 7.7351446 2.3334565 -3.0405765
l 6019 6020
v 7.7415409 2.3020065 -3.0213208
v 7.7415991 2.3033316 -3.0220397
l 6021 6022
v 7.7415991 2.3033316 -3.0220397
v 7.7416034 2.3034251 -3.0220904
l 6023 6024
v 7.7280059 2.3366091 -3.0443439
v 7.7263198 2.3381467 -3.0456736
l 6025 6026
v 7.7416034 2.3034251 -3.0220904
v 7.7415376 2.3080466 -3.0246727
l 6027 6028
v 7.7408633 2.3136971 -3.027998
v 7.741529 2.3086522 -3.0250111
l 6029 6030
v 7.7415376 2.3080466 -3.0246727
v 7.741529 2.3086522 -3.0250111
l 6031 6032
v 7.7298336 2.3349428 -3.0429027
v 7.7280059 2.3366091 -3.0443439
l 6033 6034
v 7.7311778 2.3333929 -3.0416627
v 7.7298336 2.3349428 -3.0429027
l 6035 6036
v 7.7408633 2.3136971 -3.027998
v 7.739913 2.3174474 -3.0303471
l 6037 6038
v 7.739913 2.3174474 -3.0303471
v 7.7396402 2.3185244 -3.0310216
l 6039 6040
v 7.7329555 2.3313429 -3.0400229
v 7.7311778 2.3333929 -3.0416627
l 6041 6042
v 7.7329555 2.3313429 -3.0400229
v 7.7356529 2.327383 -3.0370634
l 6043 6044
v 7.7378922 2.3230982 -3.0340533
v 7.7363882 2.3259757 -3.0360749
l 6045 6046
v 7.7363882 2.3259757 -3.0360749
v 7.7356529 2.327383 -3.0370634
l 6047 6048
v 7.7396402 2.3185244 -3.0310216
v 7.7383747 2.3218355 -3.0332165
l 6049 6050
v 7.7383747 2.3218355 -3.0332165
v 7.7378922 2.3230982 -3.0340533
l 6051 6052
v 7.741539 2.3019691 -3.0212934
v 7.7415409 2.3020065 -3.0213208
l 6053 6054
v 7.7259817 2.2903218 -3.0173216
v 7.7399068 2.2903218 -3.0130084
l 6055 6056
v 7.7401586 2.2917778 -3.0140295
v 7.7399068 2.2903218 -3.0130084
l 6057 6058
v 7.7404103 2.2932336 -3.0150502
v 7.7404299 2.2933464 -3.0151293
l 6059 6060
v 7.7414522 2.3005133 -3.0202215
v 7.7415347 2.3018987 -3.0212417
l 6061 6062
v 7.7415347 2.3018987 -3.0212417
v 7.741539 2.3019691 -3.0212934
l 6063 6064
v 7.7414498 2.3004735 -3.0201921
v 7.741365 2.2990477 -3.0191424
l 6065 6066
v 7.741365 2.2990477 -3.0191424
v 7.7413654 2.2990572 -3.0191495
l 6067 6068
v 7.7413654 2.2990572 -3.0191495
v 7.7414498 2.3004735 -3.0201921
l 6069 6070
v 7.741539 2.3019691 -3.0212934
v 7.7414498 2.3004735 -3.0201921
l 6071 6072
v 7.7409134 2.2961454 -3.0170918
v 7.7406621 2.2946897 -3.0160711
l 6073 6074
v 7.7404299 2.2933464 -3.0151293
v 7.7406621 2.2946897 -3.0160711
l 6075 6076
v 7.7411652 2.2976015 -3.0181129
v 7.741169 2.2976224 -3.0181277
l 6077 6078
v 7.7413387 2.298605 -3.0188165
v 7.741365 2.2990477 -3.0191424
l 6079 6080
v 7.741169 2.2976224 -3.0181277
v 7.7413387 2.298605 -3.0188165
l 6081 6082
v 7.7205434 2.2903218 -3.019006
v 7.7259817 2.2903218 -3.0173216
l 6083 6084
v 7.6641726 2.2903218 -3.0334454
v 7.6654778 2.2903218 -3.0331385
l 6085 6086
v 7.6735654 2.2903218 -3.0312357
v 7.6913738 2.2903218 -3.0270457
l 6087 6088
v 7.6654778 2.2903218 -3.0331385
v 7.6721873 2.2903218 -3.0315597
l 6089 6090
v 7.6721873 2.2903218 -3.0315597
v 7.6735654 2.2903218 -3.0312357
l 6091 6092
v 7.6915689 2.2903218 -3.0269921
v 7.6943765 2.2903218 -3.0262182
l 6093 6094
v 7.6913738 2.2903218 -3.0270457
v 7.6915689 2.2903218 -3.0269921
l 6095 6096
v 7.6943765 2.2903218 -3.0262182
v 7.7069941 2.2903218 -3.0227406
l 6097 6098
v 7.6913738 2.8378832 -3.0344183
v 7.6886368 2.8378832 -3.0350063
l 6099 6100
v 7.7192898 2.8378832 -3.0273945
v 7.7078753 2.8378832 -3.0302663
l 6101 6102
v 7.6913738 2.8378832 -3.0344183
v 7.7078753 2.8378832 -3.0302663
l 6103 6104
v 7.7205434 2.8378832 -3.0270789
v 7.7192898 2.8378832 -3.0273945
l 6105 6106
v 7.6886368 2.8378832 -3.0350063
v 7.6741219 2.8378832 -3.0381236
l 6107 6108
v 7.6641726 2.8378832 -3.0402606
v 7.6741219 2.8378832 -3.0381236
l 6109 6110
v 7.6351094 2.8378832 -3.0449855
v 7.6300259 2.8378832 -3.0455687
l 6111 6112
v 7.6300259 2.8378832 -3.0455687
v 7.6162891 2.8378832 -3.0471449
l 6113 6114
v 7.6390934 2.8378832 -3.0445282
v 7.6351094 2.8378832 -3.0449855
l 6115 6116
v 7.660552 2.8378832 -3.0408766
v 7.6402354 2.8378832 -3.0443339
l 6117 6118
v 7.6402354 2.8378832 -3.0443339
v 7.6390934 2.8378832 -3.0445282
l 6119 6120
v 7.6641726 2.8378832 -3.0402606
v 7.660552 2.8378832 -3.0408766
l 6121 6122
v 7.6162891 2.2903218 -3.0408421
v 7.6295004 2.2903218 -3.0393262
l 6123 6124
v 7.6390934 2.2903218 -3.0381203
v 7.6393342 2.2903218 -3.0380754
l 6125 6126
v 7.6393342 2.2903218 -3.0380754
v 7.6397238 2.2903218 -3.0380027
l 6127 6128
v 7.6397238 2.2903218 -3.0380027
v 7.6641726 2.2903218 -3.0334454
l 6129 6130
v 7.5759177 2.2903218 -3.0417054
v 7.5959139 2.2903218 -3.0417316
l 6131 6132
v 7.5704184 2.2903218 -3.041698
v 7.5403504 2.2903218 -3.0416586
l 6133 6134
v 7.5704184 2.2903218 -3.041698
v 7.5759177 2.2903218 -3.0417054
l 6135 6136
v 7.6056027 2.2903218 -3.0413086
v 7.616055 2.2903218 -3.0408523
l 6137 6138
v 7.6053524 2.2903218 -3.0413196
v 7.6056027 2.2903218 -3.0413086
l 6139 6140
v 7.5393572 2.2903218 -3.0416572
v 7.5403504 2.2903218 -3.0416586
l 6141 6142
v 7.616055 2.2903218 -3.0408523
v 7.6162891 2.2903218 -3.0408421
l 6143 6144
v 7.5350909 2.2903218 -3.0416369
v 7.5393572 2.2903218 -3.0416572
l 6145 6146
v 7.4987135 2.2903218 -3.0414634
v 7.489213 2.2903218 -3.0414181
l 6147 6148
v 7.4851947 2.2903218 -3.041399
v 7.489213 2.2903218 -3.0414181
l 6149 6150
v 7.5265193 2.2903218 -3.0415962
v 7.5350909 2.2903218 -3.0416369
l 6151 6152
v 7.5183005 2.2903218 -3.0415568
v 7.4987135 2.2903218 -3.0414634
l 6153 6154
v 7.5183005 2.2903218 -3.0415568
v 7.5265193 2.2903218 -3.0415962
l 6155 6156
v 7.4843359 2.2903218 -3.0413949
v 7.4851947 2.2903218 -3.041399
l 6157 6158
v 7.4411016 2.8378832 -3.0472858
v 7.4394655 2.8378832 -3.0472703
l 6159 6160
v 7.4394655 2.8378832 -3.0472703
v 7.4358974 2.8378832 -3.0472362
l 6161 6162
v 7.4323182 2.8378832 -3.0472021
v 7.4308367 2.8378832 -3.047188
l 6163 6164
v 7.4358974 2.8378832 -3.0472362
v 7.4323182 2.8378832 -3.0472021
l 6165 6166
v 7.4843359 2.8378832 -3.0476978
v 7.4828672 2.8378832 -3.0476837
l 6167 6168
v 7.4431171 2.8378832 -3.0473051
v 7.4411016 2.8378832 -3.0472858
l 6169 6170
v 7.4470925 2.8378832 -3.047343
v 7.4574461 2.8378832 -3.0474415
l 6171 6172
v 7.4470925 2.8378832 -3.047343
v 7.4431171 2.8378832 -3.0473051
l 6173 6174
v 7.4574461 2.8378832 -3.0474415
v 7.4652472 2.8378832 -3.0475159
l 6175 6176
v 7.49508 2.8378832 -3.047749
v 7.4843359 2.8378832 -3.0476978
l 6177 6178
v 7.5504961 2.8378832 -3.0479748
v 7.5423331 2.8378832 -3.0479641
l 6179 6180
v 7.5423331 2.8378832 -3.0479641
v 7.5393572 2.8378832 -3.04796
l 6181 6182
v 7.5393572 2.8378832 -3.04796
v 7.5366464 2.8378832 -3.0479472
l 6183 6184
v 7.4996357 2.8378832 -3.0477707
v 7.5012927 2.8378832 -3.0477786
l 6185 6186
v 7.4996357 2.8378832 -3.0477707
v 7.49508 2.8378832 -3.047749
l 6187 6188
v 7.5959139 2.8378832 -3.0480344
v 7.5717549 2.8378832 -3.0480027
l 6189 6190
v 7.5637279 2.8378832 -3.0479922
v 7.5717549 2.8378832 -3.0480027
l 6191 6192
v 7.5637279 2.8378832 -3.0479922
v 7.5504961 2.8378832 -3.0479748
l 6193 6194
v 7.6123772 2.8378832 -3.0473156
v 7.6061101 2.8378832 -3.0475893
l 6195 6196
v 7.5977006 2.8378832 -3.0479565
v 7.5959139 2.8378832 -3.0480344
l 6197 6198
v 7.6061101 2.8378832 -3.0475893
v 7.5977006 2.8378832 -3.0479565
l 6199 6200
v 7.6162891 2.8378832 -3.0471449
v 7.6123772 2.8378832 -3.0473156
l 6201 6202
v 7.337338 2.8378832 -3.0454006
v 7.3357849 2.8378832 -3.0453641
l 6203 6204
v 7.3357849 2.8378832 -3.0453641
v 7.3283458 2.8378832 -3.0451901
l 6205 6206
v 7.3283458 2.8378832 -3.0451901
v 7.3264136 2.8378832 -3.0451267
l 6207 6208
v 7.2980094 2.8378832 -3.0441957
v 7.3264136 2.8378832 -3.0451267
l 6209 6210
v 7.2980094 2.8378832 -3.0441957
v 7.2874985 2.8378832 -3.0438511
l 6211 6212
v 7.3788443 2.8378832 -3.0463719
v 7.3710823 2.8378832 -3.0461903
l 6213 6214
v 7.3510518 2.8378832 -3.0457215
v 7.337338 2.8378832 -3.0454006
l 6215 6216
v 7.3510518 2.8378832 -3.0457215
v 7.3710823 2.8378832 -3.0461903
l 6217 6218
v 7.3885303 2.8378832 -3.046524
v 7.3873091 2.8378832 -3.0465047
l 6219 6220
v 7.3873091 2.8378832 -3.0465047
v 7.3788443 2.8378832 -3.0463719
l 6221 6222
v 7.4308367 2.2903218 -3.0408852
v 7.4314675 2.2903218 -3.0408912
l 6223 6224
v 7.426518 2.2903218 -3.0408175
v 7.4308367 2.2903218 -3.0408852
l 6225 6226
v 7.3791375 2.2903218 -3.0400736
v 7.3800087 2.2903218 -3.0400875
l 6227 6228
v 7.4212852 2.2903218 -3.0407352
v 7.426518 2.2903218 -3.0408175
l 6229 6230
v 7.4165277 2.2903218 -3.0406606
v 7.4151535 2.2903218 -3.0406389
l 6231 6232
v 7.4165277 2.2903218 -3.0406606
v 7.4212852 2.2903218 -3.0407352
l 6233 6234
v 7.4074244 2.2903218 -3.0405178
v 7.3967543 2.2903218 -3.0403502
l 6235 6236
v 7.3788443 2.2903218 -3.0400691
v 7.3791375 2.2903218 -3.0400736
l 6237 6238
v 7.3467684 2.2903218 -3.0393176
v 7.3470931 2.2903218 -3.039326
l 6239 6240
v 7.3419108 2.2903218 -3.0391932
v 7.3283458 2.2903218 -3.0388453
l 6241 6242
v 7.3419108 2.2903218 -3.0391932
v 7.3467684 2.2903218 -3.0393176
l 6243 6244
v 7.2784963 2.2903218 -3.0370452
v 7.2793269 2.2903218 -3.0370853
l 6245 6246
v 7.3281636 2.2903218 -3.0388389
v 7.30231 2.2903218 -3.0379105
l 6247 6248
v 7.2793269 2.2903218 -3.0370853
v 7.2923207 2.2903218 -3.0375519
l 6249 6250
v 7.2923207 2.2903218 -3.0375519
v 7.30231 2.2903218 -3.0379105
l 6251 6252
v 7.3281636 2.2903218 -3.0388389
v 7.3283458 2.2903218 -3.0388453
l 6253 6254
v 7.2317739 2.2903218 -3.0347948
v 7.2318373 2.2903218 -3.0347979
l 6255 6256
v 7.2318373 2.2903218 -3.0347979
v 7.2324462 2.2903218 -3.0348272
l 6257 6258
v 7.2389865 2.8378832 -3.0418096
v 7.2381744 2.8378832 -3.0417738
l 6259 6260
v 7.2317739 2.8378832 -3.0414922
v 7.2381744 2.8378832 -3.0417738
l 6261 6262
v 7.2793269 2.8378832 -3.0435834
v 7.2685037 2.8378832 -3.0431075
l 6263 6264
v 7.2874985 2.8378832 -3.0438511
v 7.281702 2.8378832 -3.0436611
l 6265 6266
v 7.281702 2.8378832 -3.0436611
v 7.2793269 2.8378832 -3.0435834
l 6267 6268
v 7.2317739 2.8378832 -3.0414922
v 7.2063971 2.8378832 -3.0400424
l 6269 6270
v 7.1975589 2.8378832 -3.0395374
v 7.1917763 2.8378832 -3.039207
l 6271 6272
v 7.2063971 2.8378832 -3.0400424
v 7.1975589 2.8378832 -3.0395374
l 6273 6274
v 7.1856723 2.8378832 -3.0388582
v 7.1737852 2.8378832 -3.0379968
l 6275 6276
v 7.1633563 2.8378832 -3.037241
v 7.145844 2.8378832 -3.0359719
l 6277 6278
v 7.1737852 2.8378832 -3.0379968
v 7.1633563 2.8378832 -3.037241
l 6279 6280
v 7.1917763 2.8378832 -3.039207
v 7.1856723 2.8378832 -3.0388582
l 6281 6282
v 7.1480627 2.7872863 -3.0642011
v 7.1441255 2.7900586 -3.0623779
l 6283 6284
v 7.1446619 2.789681 -3.0626264
v 7.1480627 2.7872863 -3.0642011
l 6285 6286
v 7.1441255 2.7900586 -3.0623779
v 7.1446619 2.789681 -3.0626264
l 6287 6288
v 7.1458173 2.788584 -3.0633185
v 7.1410089 2.7913632 -3.0614283
l 6289 6290
v 7.1480627 2.7872863 -3.0642011
v 7.1458173 2.788584 -3.0633185
l 6291 6292
v 7.1410089 2.7928529 -3.0606019
v 7.1411777 2.7927017 -3.060698
l 6293 6294
v 7.1411777 2.7927017 -3.060698
v 7.1441255 2.7900586 -3.0623779
l 6295 6296
v 7.145844 2.8378832 -3.0359719
v 7.1410089 2.8378832 -3.0356214
l 6297 6298
v 7.1830373 2.2903218 -3.0316999
v 7.1856723 2.2903218 -3.0319092
l 6299 6300
v 7.225235 2.2903218 -3.0343854
v 7.2301302 2.2903218 -3.0346918
l 6301 6302
v 7.1856723 2.2903218 -3.0319092
v 7.1981125 2.2903218 -3.0326879
l 6303 6304
v 7.2301302 2.2903218 -3.0346918
v 7.2317739 2.2903218 -3.0347948
l 6305 6306
v 7.2122383 2.4843342 -2.1077368
v 7.2166038 2.4710665 -2.1104794
l 6307 6308
v 7.1359248 2.2903218 -3.0278616
v 7.1371894 2.2903218 -3.0279865
l 6309 6310
v 7.1295986 2.2932336 -3.0294342
v 7.1295104 2.2946897 -3.0305245
l 6311 6312
v 7.1294556 2.2955942 -3.0312018
v 7.1295104 2.2946897 -3.0305245
l 6313 6314
v 7.1297746 2.2903218 -3.0272541
v 7.1359248 2.2903218 -3.0278616
l 6315 6316
v 7.1296868 2.2917778 -3.0283444
v 7.1295986 2.2932336 -3.0294342
l 6317 6318
v 7.1371894 2.2903218 -3.0279865
v 7.1410089 2.2903218 -3.0283637
l 6319 6320
v 7.0969338 2.3143916 -3.0386806
v 7.0977688 2.3147473 -3.03897
l 6321 6322
v 7.0564613 2.2999041 -3.0261741
v 7.0650969 2.3023808 -3.0285015
l 6323 6324
v 7.0869951 2.3101561 -3.0352333
v 7.0969338 2.3143916 -3.0386806
l 6325 6326
v 7.0650969 2.3023808 -3.0285015
v 7.0732832 2.3052876 -3.031018
l 6327 6328
v 7.0732832 2.3052876 -3.031018
v 7.0869951 2.3101561 -3.0352333
l 6329 6330
v 7.1082358 2.3192005 -3.0423841
v 7.1168456 2.3235047 -3.0455482
l 6331 6332
v 7.0977688 2.3147473 -3.03897
v 7.1082358 2.3192005 -3.0423841
l 6333 6334
v 7.1291718 2.3019691 -3.0347126
v 7.1291924 2.3015151 -3.0344627
l 6335 6336
v 7.1291924 2.3015151 -3.0344627
v 7.1292367 2.3005133 -3.033911
l 6337 6338
v 7.1293197 2.2986491 -3.0328841
v 7.1292558 2.3000822 -3.0336735
l 6339 6340
v 7.1293015 2.2990572 -3.0331089
v 7.1293197 2.2986491 -3.0328841
l 6341 6342
v 7.1292558 2.3000822 -3.0336735
v 7.1293015 2.2990572 -3.0331089
l 6343 6344
v 7.1293836 2.2972162 -3.032095
v 7.1293197 2.2986491 -3.0328841
l 6345 6346
v 7.1293664 2.2976015 -3.0323071
v 7.1293836 2.2972162 -3.032095
l 6347 6348
v 7.1293197 2.2986491 -3.0328841
v 7.1293664 2.2976015 -3.0323071
l 6349 6350
v 7.1294312 2.2961454 -3.0315053
v 7.1294475 2.295783 -3.0313058
l 6351 6352
v 7.1294475 2.295783 -3.0313058
v 7.1294556 2.2955942 -3.0312018
l 6353 6354
v 7.1294556 2.2955942 -3.0312018
v 7.1293836 2.2972162 -3.032095
l 6355 6356
v 7.1293836 2.2972162 -3.032095
v 7.1294312 2.2961454 -3.0315053
l 6357 6358
v 7.1168456 2.3235047 -3.0455482
v 7.1202517 2.3252077 -3.0467999
l 6359 6360
v 7.1294556 2.2955942 -3.0312018
v 7.1291718 2.3019691 -3.0347126
l 6361 6362
v 7.128777 2.3294697 -3.049933
v 7.1410089 2.3365493 -3.0549631
l 6363 6364
v 7.1410089 2.3348863 -3.0540407
v 7.1389728 2.3325744 -3.0525744
l 6365 6366
v 7.1291285 2.3029482 -3.0352519
v 7.1291718 2.3019691 -3.0347126
l 6367 6368
v 7.1202517 2.3252077 -3.0467999
v 7.128777 2.3294697 -3.049933
l 6369 6370
v 7.1389728 2.3325744 -3.0525744
v 7.1378884 2.3313429 -3.0517936
l 6371 6372
v 7.1291075 2.3034251 -3.0355146
v 7.1291285 2.3029482 -3.0352519
l 6373 6374
v 7.1291547 2.3067248 -3.0373492
v 7.1291075 2.3034251 -3.0355146
l 6375 6376
v 7.1378884 2.3313429 -3.0517936
v 7.1362047 2.3289087 -3.0502913
l 6377 6378
v 7.1362047 2.3289087 -3.0502913
v 7.1351495 2.327383 -3.04935
l 6379 6380
v 7.1291828 2.3086522 -3.0384209
v 7.1291547 2.3067248 -3.0373492
l 6381 6382
v 7.1295733 2.3115711 -3.0400755
v 7.1291828 2.3086522 -3.0384209
l 6383 6384
v 7.1351495 2.327383 -3.04935
v 7.1338544 2.3249438 -3.0478799
l 6385 6386
v 7.1338544 2.3249438 -3.0478799
v 7.132875 2.3230982 -3.046768
l 6387 6388
v 7.129858 2.3136971 -3.0412805
v 7.1295733 2.3115711 -3.0400755
l 6389 6390
v 7.1305137 2.3162436 -3.0427523
v 7.129858 2.3136971 -3.0412805
l 6391 6392
v 7.132875 2.3230982 -3.046768
v 7.1319489 2.3207116 -3.0453603
l 6393 6394
v 7.1311007 2.3185244 -3.0440705
v 7.1305137 2.3162436 -3.0427523
l 6395 6396
v 7.1319489 2.3207116 -3.0453603
v 7.1311007 2.3185244 -3.0440705
l 6397 6398
v 7.1410584 2.3349428 -3.0540757
v 7.1410089 2.3348863 -3.0540407
l 6399 6400
v 7.1446319 2.3381467 -3.0561118
v 7.1485691 2.3409188 -3.057935
l 6401 6402
v 7.1446319 2.3381467 -3.0561118
v 7.1421371 2.3359096 -3.0546901
l 6403 6404
v 7.1421371 2.3359096 -3.0546901
v 7.1410584 2.3349428 -3.0540757
l 6405 6406
v 7.0667424 2.8250608 -3.0354097
v 7.0645924 2.8258243 -3.0347488
l 6407 6408
v 7.0645924 2.8258243 -3.0347488
v 7.0559387 2.828306 -3.0324163
l 6409 6410
v 7.0977688 2.8132427 -3.0453923
v 7.0864902 2.818049 -3.0414803
l 6411 6412
v 7.075316 2.8220165 -3.0380454
v 7.0667424 2.8250608 -3.0354097
l 6413 6414
v 7.0864902 2.818049 -3.0414803
v 7.075316 2.8220165 -3.0380454
l 6415 6416
v 7.1300254 2.7977204 -3.0569115
v 7.1282716 2.7987356 -3.05619
l 6417 6418
v 7.1282716 2.7987356 -3.05619
v 7.1225452 2.8015983 -3.0540857
l 6419 6420
v 7.0990911 2.8126802 -3.0458233
v 7.0977688 2.8132427 -3.0453923
l 6421 6422
v 7.1225452 2.8015983 -3.0540857
v 7.1077304 2.8090045 -3.0486414
l 6423 6424
v 7.1077304 2.8090045 -3.0486414
v 7.0990911 2.8126802 -3.0458233
l 6425 6426
v 7.140553 2.7932622 -3.0603337
v 7.1410089 2.7928529 -3.0606019
l 6427 6428
v 7.1410089 2.7913632 -3.0614283
v 7.1300254 2.7977204 -3.0569115
l 6429 6430
v 7.1410089 2.8378832 -3.0356214
v 7.140594 2.8378832 -3.035584
l 6431 6432
v 7.1380725 2.7960789 -3.0585475
v 7.140553 2.7932622 -3.0603337
l 6433 6434
v 7.1353631 2.7997828 -3.0562487
v 7.137383 2.7968621 -3.0580509
l 6435 6436
v 7.1346436 2.8008223 -3.0556071
v 7.1353631 2.7997828 -3.0562487
l 6437 6438
v 7.137383 2.7968621 -3.0580509
v 7.1380725 2.7960789 -3.0585475
l 6439 6440
v 7.140594 2.8378832 -3.035584
v 7.1291847 2.8378832 -3.0345554
l 6441 6442
v 7.1290774 2.8354669 -3.035886
v 7.129055 2.8349714 -3.036159
l 6443 6444
v 7.1291199 2.8364275 -3.035357
v 7.1290774 2.8354669 -3.035886
l 6445 6446
v 7.1289902 2.8335156 -3.0369606
v 7.129055 2.8349714 -3.036159
l 6447 6448
v 7.1290135 2.8340337 -3.0366755
v 7.1289902 2.8335156 -3.0369606
l 6449 6450
v 7.129055 2.8349714 -3.036159
v 7.1290135 2.8340337 -3.0366755
l 6451 6452
v 7.1289258 2.8320596 -3.0377626
v 7.1289902 2.8335156 -3.0369606
l 6453 6454
v 7.1288223 2.8297348 -3.0390429
v 7.1288857 2.8311677 -3.0382538
l 6455 6456
v 7.128861 2.8306038 -3.0385644
v 7.1288223 2.8297348 -3.0390429
l 6457 6458
v 7.1288857 2.8311677 -3.0382538
v 7.128861 2.8306038 -3.0385644
l 6459 6460
v 7.1288857 2.8311677 -3.0382538
v 7.1289902 2.8335156 -3.0369606
l 6461 6462
v 7.1289258 2.8320596 -3.0377626
v 7.1288857 2.8311677 -3.0382538
l 6463 6464
v 7.1286945 2.8268688 -3.0406215
v 7.1287584 2.8283017 -3.0398324
l 6465 6466
v 7.1287313 2.8276918 -3.040168
v 7.1286945 2.8268688 -3.0406215
l 6467 6468
v 7.1287584 2.8283017 -3.0398324
v 7.1287313 2.8276918 -3.040168
l 6469 6470
v 7.1286016 2.82478 -3.0417717
v 7.1286664 2.826236 -3.0409698
l 6471 6472
v 7.1286664 2.826236 -3.0409698
v 7.1287584 2.8283017 -3.0398324
l 6473 6474
v 7.1286769 2.8195529 -3.0446782
v 7.1286016 2.82478 -3.0417717
l 6475 6476
v 7.1286016 2.82478 -3.0417717
v 7.1288857 2.8311677 -3.0382538
l 6477 6478
v 7.1298599 2.8125365 -3.0486772
v 7.1305947 2.8096807 -3.0503278
l 6479 6480
v 7.1293526 2.814508 -3.0475378
v 7.1298599 2.8125365 -3.0486772
l 6481 6482
v 7.1323695 2.8051069 -3.053025
v 7.1305947 2.8096807 -3.0503278
l 6483 6484
v 7.1330733 2.803781 -3.0538239
v 7.1346436 2.8008223 -3.0556071
l 6485 6486
v 7.1323695 2.8051069 -3.053025
v 7.1330733 2.803781 -3.0538239
l 6487 6488
v 7.0155048 2.8379383 -3.021651
v 7.0154099 2.8379533 -3.0216231
l 6489 6490
v 7.0160022 2.8378601 -3.0217829
v 7.0155048 2.8379383 -3.021651
l 6491 6492
v 7.0154099 2.8379533 -3.0216231
v 7.0023065 2.8400176 -3.017772
l 6493 6494
v 7.0023065 2.8400176 -3.017772
v 6.9955063 2.841089 -3.0157733
l 6495 6496
v 6.9772925 2.8427978 -3.011296
v 6.9764524 2.8428767 -3.0110896
l 6497 6498
v 6.9955063 2.841089 -3.0157733
v 6.9772925 2.8427978 -3.011296
l 6499 6500
v 7.0190115 2.8373888 -3.0224462
v 7.0160022 2.8378601 -3.0217829
l 6501 6502
v 7.0559387 2.828306 -3.0324163
v 7.0513277 2.8296309 -3.0310657
l 6503 6504
v 7.0190115 2.8373888 -3.0224462
v 7.042088 2.8322856 -3.0283589
l 6505 6506
v 7.0513277 2.8296309 -3.0310657
v 7.042088 2.8322856 -3.0283589
l 6507 6508
v 7.0559387 2.2997544 -3.0260332
v 7.0564613 2.2999041 -3.0261741
l 6509 6510
v 7.0542507 2.2992692 -3.0255387
v 7.0559387 2.2997544 -3.0260332
l 6511 6512
v 6.9999433 2.2877076 -3.0084214
v 7.0055013 2.2885833 -3.0100548
l 6513 6514
v 6.9764524 2.2852645 -3.0024667
v 6.9961896 2.2871163 -3.0073183
l 6515 6516
v 6.9961896 2.2871163 -3.0073183
v 6.9999433 2.2877076 -3.0084214
l 6517 6518
v 7.0055013 2.2885833 -3.0100548
v 7.0155048 2.2901592 -3.012995
l 6519 6520
v 7.0492983 2.2978384 -3.0237343
v 7.0542507 2.2992692 -3.0255387
l 6521 6522
v 7.0155048 2.2901592 -3.012995
v 7.0196853 2.2908163 -3.0141027
l 6523 6524
v 7.0196853 2.2908163 -3.0141027
v 7.0246978 2.2919297 -3.0156763
l 6525 6526
v 7.0246978 2.2919297 -3.0156763
v 7.0426569 2.2959194 -3.0213144
l 6527 6528
v 7.0426569 2.2959194 -3.0213144
v 7.0492983 2.2978384 -3.0237343
l 6529 6530
v 6.9291558 2.2845089 -2.9917312
v 6.9387684 2.2842987 -2.9939189
l 6531 6532
v 6.9276776 2.2845414 -2.991395
v 6.9291558 2.2845089 -2.9917312
l 6533 6534
v 6.9613037 2.2845247 -2.9987652
v 6.9477544 2.2841027 -2.9956353
l 6535 6536
v 6.9387684 2.2842987 -2.9939189
v 6.9477544 2.2841027 -2.9956353
l 6537 6538
v 6.97507 2.2851346 -3.0020816
v 6.9764524 2.2852645 -3.0024667
l 6539 6540
v 6.972188 2.2848635 -3.0012791
v 6.97507 2.2851346 -3.0020816
l 6541 6542
v 6.9613037 2.2845247 -2.9987652
v 6.972188 2.2848635 -3.0012791
l 6543 6544
v 6.9024382 2.2864313 -2.9866605
v 6.9077964 2.2858458 -2.9875264
l 6545 6546
v 6.9077964 2.2858458 -2.9875264
v 6.909049 2.2857635 -2.9877701
l 6547 6548
v 6.9296622 2.8437221 -3.0004101
v 6.9269986 2.8436637 -2.9998038
l 6549 6550
v 6.9269986 2.8436637 -2.9998038
v 6.910388 2.8425739 -2.9965718
l 6551 6552
v 6.9071169 2.8423593 -2.9959354
v 6.9024382 2.8418481 -2.9951792
l 6553 6554
v 6.910388 2.8425739 -2.9965718
v 6.9071169 2.8423593 -2.9959354
l 6555 6556
v 6.9387684 2.8439214 -3.0024824
v 6.9306145 2.8437428 -3.0006268
l 6557 6558
v 6.9306145 2.8437428 -3.0006268
v 6.9296622 2.8437221 -3.0004101
l 6559 6560
v 6.970048 2.8433871 -3.0093756
v 6.9520531 2.8439476 -3.005219
l 6561 6562
v 6.947073 2.8441026 -3.0040686
v 6.9387684 2.8439214 -3.0024824
l 6563 6564
v 6.9520531 2.8439476 -3.005219
v 6.947073 2.8441026 -3.0040686
l 6565 6566
v 6.9764524 2.8428767 -3.0110896
v 6.9715066 2.8433418 -3.0097125
l 6567 6568
v 6.9715066 2.8433418 -3.0097125
v 6.970048 2.8433871 -3.0093756
l 6569 6570
v 6.8674479 2.837106 -2.988776
v 6.8585982 2.8353505 -2.9871671
l 6571 6572
v 6.8927341 2.8407841 -2.9932137
v 6.8904586 2.8405347 -2.9927528
l 6573 6574
v 6.8904586 2.8405347 -2.9927528
v 6.8874726 2.8402073 -2.9921482
l 6575 6576
v 6.868052 2.8372254 -2.9888582
v 6.8674479 2.837106 -2.988776
l 6577 6578
v 6.8874726 2.8402073 -2.9921482
v 6.8708572 2.8376563 -2.9893334
l 6579 6580
v 6.8708572 2.8376563 -2.9893334
v 6.868052 2.8372254 -2.9888582
l 6581 6582
v 6.9024382 2.8418481 -2.9951792
v 6.8927341 2.8407841 -2.9932137
l 6583 6584
v 6.8585982 2.8353505 -2.9871671
v 6.8515396 2.8339503 -2.9858837
l 6585 6586
v 6.848928 2.8334322 -2.9854088
v 6.8337836 2.8297517 -2.9831657
l 6587 6588
v 6.8515396 2.8339503 -2.9858837
v 6.848928 2.8334322 -2.9854088
l 6589 6590
v 6.850493 2.2945962 -2.9772196
v 6.8514357 2.2944093 -2.977391
l 6591 6592
v 6.8337836 2.2986174 -2.9747148
v 6.8496027 2.2947729 -2.9770577
l 6593 6594
v 6.8496027 2.2947729 -2.9770577
v 6.850493 2.2945962 -2.9772196
l 6595 6596
v 6.8514357 2.2944093 -2.977391
v 6.8674479 2.2912328 -2.9803023
l 6597 6598
v 6.8674479 2.2912328 -2.9803023
v 6.8687291 2.2909796 -2.9804766
l 6599 6600
v 6.9024382 2.2864313 -2.9866605
v 6.8881497 2.287998 -2.9837668
l 6601 6602
v 6.8851461 2.2884591 -2.9832578
v 6.8881497 2.287998 -2.9837668
l 6603 6604
v 6.794003 2.3108428 -2.968256
v 6.7948303 2.310564 -2.968411
l 6605 6606
v 6.7948303 2.310564 -2.968411
v 6.8014317 2.3083391 -2.9696472
l 6607 6608
v 6.790844 2.3120565 -2.967777
v 6.794003 2.3108428 -2.968256
l 6609 6610
v 6.8130417 2.3044822 -2.9711878
v 6.8201256 2.3024321 -2.9723568
l 6611 6612
v 6.8014317 2.3083391 -2.9696472
v 6.8122115 2.3047225 -2.971051
l 6613 6614
v 6.8122115 2.3047225 -2.971051
v 6.8130417 2.3044822 -2.9711878
l 6615 6616
v 6.8316193 2.2991455 -2.9742835
v 6.8337836 2.2986174 -2.9747148
l 6617 6618
v 6.8307409 2.2993598 -2.9741085
v 6.8316193 2.2991455 -2.9742835
l 6619 6620
v 6.8201256 2.3024321 -2.9723568
v 6.8307409 2.2993598 -2.9741085
l 6621 6622
v 6.790844 2.3120565 -2.967777
v 6.7761497 2.3177025 -2.9655492
l 6623 6624
v 6.7703781 2.3224742 -2.9666018
v 6.7761497 2.3177025 -2.9655492
l 6625 6626
v 6.7706771 2.806524 -2.9746044
v 6.7703781 2.8062744 -2.9746222
l 6627 6628
v 6.7714996 2.8072109 -2.9745548
v 6.7706771 2.806524 -2.9746044
l 6629 6630
v 6.7972674 2.8186879 -2.9772718
v 6.7956357 2.8181381 -2.9769664
l 6631 6632
v 6.7956357 2.8181381 -2.9769664
v 6.793334 2.8173623 -2.9765356
l 6633 6634
v 6.7754807 2.8105025 -2.9738288
v 6.7714996 2.8072109 -2.9745548
l 6635 6636
v 6.793334 2.8173623 -2.9765356
v 6.7777038 2.8113565 -2.9741657
l 6637 6638
v 6.7777038 2.8113565 -2.9741657
v 6.7754807 2.8105025 -2.9738288
l 6639 6640
v 6.8014317 2.8200915 -2.9780517
v 6.7972674 2.8186879 -2.9772718
l 6641 6642
v 6.8115392 2.8234828 -2.9793677
v 6.8014317 2.8200915 -2.9780517
l 6643 6644
v 6.8139215 2.824172 -2.9797609
v 6.8115392 2.8234828 -2.9793677
l 6645 6646
v 6.8337836 2.8297517 -2.9831657
v 6.8325825 2.8294585 -2.9829264
l 6647 6648
v 6.8325825 2.8294585 -2.9829264
v 6.8300691 2.8288453 -2.9824257
l 6649 6650
v 6.7406082 2.7784801 -2.9762688
v 6.7389555 2.7767899 -2.9763315
l 6651 6652
v 6.7389555 2.7767899 -2.9763315
v 6.7297711 2.7654057 -2.9777853
l 6653 6654
v 6.7490606 2.7870796 -2.9754083
v 6.7422051 2.7801049 -2.9761062
l 6655 6656
v 6.7422051 2.7801049 -2.9761062
v 6.7406082 2.7784801 -2.9762688
l 6657 6658
v 6.7564034 2.7945504 -2.9746611
v 6.7703781 2.8062744 -2.9746222
l 6659 6660
v 6.7564034 2.7945504 -2.9746611
v 6.7490606 2.7870796 -2.9754083
l 6661 6662
v 6.7297711 2.7654057 -2.9777853
v 6.7267718 2.761688 -2.97826
l 6663 6664
v 6.7232838 2.7573643 -2.9788122
v 6.7138691 2.7431083 -2.9817374
l 6665 6666
v 6.7267718 2.761688 -2.97826
v 6.7232838 2.7573643 -2.9788122
l 6667 6668
v 6.7138691 2.7431083 -2.9817374
v 6.7131524 2.7420032 -2.9818037
l 6669 6670
v 6.7131524 2.7420032 -2.9818037
v 6.7128229 2.7414951 -2.9818342
l 6671 6672
v 6.7128229 2.7414951 -2.9818342
v 6.7121091 2.7403948 -2.9819002
l 6673 6674
v 6.7448764 2.3458819 -2.9698086
v 6.7545176 2.3360727 -2.9688272
l 6675 6676
v 6.7406082 2.3502245 -2.970243
v 6.7417817 2.3490307 -2.9701235
l 6677 6678
v 6.7417817 2.3490307 -2.9701235
v 6.7448764 2.3458819 -2.9698086
l 6679 6680
v 6.7394438 2.3514152 -2.9702871
v 6.7406082 2.3502245 -2.970243
l 6681 6682
v 6.7264657 2.3675022 -2.9723415
v 6.7394438 2.3514152 -2.9702871
l 6683 6684
v 6.7259498 2.3681417 -2.9724231
v 6.7264657 2.3675022 -2.9723415
l 6685 6686
v 6.7657847 2.3262913 -2.9671547
v 6.7569237 2.3336546 -2.9682214
l 6687 6688
v 6.7545176 2.3360727 -2.9688272
v 6.7569237 2.3336546 -2.9682214
l 6689 6690
v 6.7657847 2.3262913 -2.9671547
v 6.7703781 2.3224742 -2.9666018
l 6691 6692
v 6.7066631 2.3980181 -2.9783807
v 6.7094769 2.3926864 -2.977123
l 6693 6694
v 6.7099514 2.391788 -2.9769111
v 6.7121091 2.3885014 -2.9763916
l 6695 6696
v 6.7094769 2.3926864 -2.977123
v 6.7099514 2.391788 -2.9769111
l 6697 6698
v 6.723772 2.3708408 -2.9727678
v 6.7259498 2.3681417 -2.9724231
l 6699 6700
v 6.7121091 2.3885014 -2.9763916
v 6.7129669 2.3872023 -2.976125
l 6701 6702
v 6.7129669 2.3872023 -2.976125
v 6.723772 2.3708408 -2.9727678
l 6703 6704
v 6.7013211 2.408371 -2.9793096
v 6.7066631 2.3980181 -2.9783807
l 6705 6706
v 6.6953869 2.4215758 -2.9809909
v 6.6983585 2.414113 -2.9798245
l 6707 6708
v 6.6983585 2.414113 -2.9798245
v 6.7013211 2.408371 -2.9793096
l 6709 6710
v 6.6953869 2.4215758 -2.9809909
v 6.6889772 2.4376726 -2.9835069
l 6711 6712
v 6.684866 2.4519417 -2.9866254
v 6.6889772 2.4376726 -2.9835069
l 6713 6714
v 6.6861157 2.6816506 -2.9891918
v 6.684866 2.67713 -2.989526
l 6715 6716
v 6.6868815 2.6844225 -2.988987
v 6.6861157 2.6816506 -2.9891918
l 6717 6718
v 6.684866 2.67713 -2.989526
v 6.6841903 2.6746707 -2.9896591
l 6719 6720
v 6.6790729 2.6499875 -2.9920223
v 6.6777644 2.6422901 -2.9929364
l 6721 6722
v 6.6817746 2.6658821 -2.9901347
v 6.6790729 2.6499875 -2.9920223
l 6723 6724
v 6.6841903 2.6746707 -2.9896591
v 6.6817746 2.6658821 -2.9901347
l 6725 6726
v 6.6978402 2.7136314 -2.9840412
v 6.6916876 2.6981807 -2.9864562
l 6727 6728
v 6.688642 2.6905324 -2.9876516
v 6.6868815 2.6844225 -2.988987
l 6729 6730
v 6.6916876 2.6981807 -2.9864562
v 6.688642 2.6905324 -2.9876516
l 6731 6732
v 6.6980238 2.714092 -2.9839692
v 6.7095428 2.7364171 -2.9819665
l 6733 6734
v 6.7121091 2.7403948 -2.9819002
v 6.7095428 2.7364171 -2.9819665
l 6735 6736
v 6.6980238 2.714092 -2.9839692
v 6.6978402 2.7136314 -2.9840412
l 6737 6738
v 6.6777644 2.6422901 -2.9929364
v 6.6774235 2.6402845 -2.9931746
l 6739 6740
v 6.6774235 2.6402845 -2.9931746
v 6.6765599 2.6275358 -2.9954922
l 6741 6742
v 6.6756554 2.589684 -2.9977274
v 6.6756492 2.5885878 -2.9978042
l 6743 6744
v 6.6756492 2.5885878 -2.9978042
v 6.6756358 2.5862274 -2.9979696
l 6745 6746
v 6.6755552 2.5720458 -2.9989631
v 6.6755428 2.5697834 -2.9991217
l 6747 6748
v 6.6755867 2.5775599 -2.9985769
v 6.6755729 2.575165 -2.9987445
l 6749 6750
v 6.6756043 2.5806961 -2.9983571
v 6.6755867 2.5775599 -2.9985769
l 6751 6752
v 6.6755729 2.575165 -2.9987445
v 6.6755552 2.5720458 -2.9989631
l 6753 6754
v 6.6765599 2.6275358 -2.9954922
v 6.6763997 2.6246824 -2.995605
l 6755 6756
v 6.6757922 2.6138833 -2.996032
v 6.6757741 2.6106436 -2.996259
l 6757 6758
v 6.6757741 2.6106436 -2.996259
v 6.6757607 2.6083519 -2.9964197
l 6759 6760
v 6.6763997 2.6246824 -2.995605
v 6.6757922 2.6138833 -2.996032
l 6761 6762
v 6.6756668 2.5917585 -2.997582
v 6.6756554 2.589684 -2.9977274
l 6763 6764
v 6.6756668 2.5917585 -2.997582
v 6.6756983 2.5972896 -2.9971945
l 6765 6766
v 6.6757298 2.6028209 -2.9968071
v 6.6757116 2.5996156 -2.9970317
l 6767 6768
v 6.6757116 2.5996156 -2.9970317
v 6.6756983 2.5972896 -2.9971945
l 6769 6770
v 6.675561 2.5665114 -2.9988923
v 6.6755428 2.5697834 -2.9991217
l 6771 6772
v 6.6755881 2.5617087 -2.9985559
v 6.675561 2.5665114 -2.9988923
l 6773 6774
v 6.6755748 2.5641026 -2.9987235
v 6.6755881 2.5617087 -2.9985559
l 6775 6776
v 6.675561 2.5665114 -2.9988923
v 6.6755748 2.5641026 -2.9987235
l 6777 6778
v 6.6756372 2.5530403 -2.9979486
v 6.6756063 2.5585713 -2.9983361
l 6779 6780
v 6.6756063 2.5585713 -2.9983361
v 6.6756196 2.5561948 -2.9981697
l 6781 6782
v 6.6756196 2.5561948 -2.9981697
v 6.6756372 2.5530403 -2.9979486
l 6783 6784
v 6.6756063 2.5585713 -2.9983361
v 6.675561 2.5665114 -2.9988923
l 6785 6786
v 6.6756506 2.5506806 -2.9977832
v 6.6756554 2.5498829 -2.9977274
l 6787 6788
v 6.6756372 2.5530403 -2.9979486
v 6.6756506 2.5506806 -2.9977832
l 6789 6790
v 6.6770773 2.4959202 -2.9922094
v 6.6759825 2.5120823 -2.9951475
l 6791 6792
v 6.6758566 2.5143218 -2.9952362
v 6.6759825 2.5120823 -2.9951475
l 6793 6794
v 6.6756554 2.5498829 -2.9977274
v 6.6756687 2.547509 -2.997561
l 6795 6796
v 6.6757002 2.5419779 -2.9971735
v 6.6756687 2.547509 -2.997561
l 6797 6798
v 6.6756687 2.547509 -2.997561
v 6.6756821 2.5451667 -2.9973969
l 6799 6800
v 6.6756821 2.5451667 -2.9973969
v 6.6757002 2.5419779 -2.9971735
l 6801 6802
v 6.6757445 2.5341387 -2.9966245
v 6.6757131 2.5396528 -2.9970107
l 6803 6804
v 6.6757002 2.5419779 -2.9971735
v 6.6757131 2.5396528 -2.9970107
l 6805 6806
v 6.675838 2.5175967 -2.9954655
v 6.6758566 2.5143218 -2.9952362
l 6807 6808
v 6.6757941 2.5253842 -2.996011
v 6.675807 2.5231109 -2.9958518
l 6809 6810
v 6.6757445 2.5341387 -2.9966245
v 6.6757627 2.5309155 -2.9963987
l 6811 6812
v 6.6819701 2.462323 -2.9877152
v 6.6838078 2.4556367 -2.9873536
l 6813 6814
v 6.6770773 2.4959202 -2.9922094
v 6.677619 2.4879205 -2.9907551
l 6815 6816
v 6.677619 2.4879205 -2.9907551
v 6.6791854 2.4787054 -2.9896607
l 6817 6818
v 6.6791854 2.4787054 -2.9896607
v 6.6819701 2.462323 -2.9877152
l 6819 6820
v 7.4314675 2.2903218 -3.0408912
v 7.4358974 2.2903218 -3.0409334
l 6821 6822
v 7.4452085 2.2903218 -3.0410221
v 7.4358974 2.2903218 -3.0409334
l 6823 6824
v 7.4691286 2.2903218 -3.04125
v 7.4737506 2.2903218 -3.0412941
l 6825 6826
v 7.4691286 2.2903218 -3.04125
v 7.4562397 2.2903218 -3.0411272
l 6827 6828
v 7.4308367 2.8378832 -3.047188
v 7.4286275 2.8378832 -3.0471535
l 6829 6830
v 7.4138279 2.8378832 -3.046921
v 7.4245715 2.8378832 -3.0470898
l 6831 6832
v 7.4286275 2.8378832 -3.0471535
v 7.4245715 2.8378832 -3.0470898
l 6833 6834
v 7.3925776 2.8378832 -3.0465875
v 7.3885303 2.8378832 -3.046524
l 6835 6836
v 7.3988051 2.8378832 -3.0466852
v 7.3925776 2.8378832 -3.0465875
l 6837 6838
v 7.4055576 2.8378832 -3.0467913
v 7.3988051 2.8378832 -3.0466852
l 6839 6840
v 7.7241192 2.3409188 -3.0689905
v 7.7224479 2.3409188 -3.0483062
l 6841 6842
v 7.7203436 2.3409188 -3.1157155
v 7.7241192 2.3409188 -3.0689905
l 6843 6844
v 8.1086702 2.3435133 -2.8958941
v 8.117012 2.3514152 -2.8976455
l 6845 6846
v 7.9282928 2.2844729 -2.9365587
v 7.9312177 2.2845414 -2.9351602
l 6847 6848
v 8.0063276 2.8337872 -2.9173641
v 8.0006723 2.8349452 -2.919095
l 6849 6850
v 8.1297426 2.7646277 -2.9089372
v 8.1273928 2.7672675 -2.9081643
l 6851 6852
v 7.7203436 2.3409188 -3.1157155
v 7.709415 2.3409188 -3.1600499
l 6853 6854
v 7.709415 2.3409188 -3.1600499
v 7.6919279 2.3409188 -3.2013979
l 6855 6856
v 7.6396608 2.3409188 -3.272754
v 7.6684785 2.3409188 -3.2391644
l 6857 6858
v 7.6919279 2.3409188 -3.2013979
v 7.6684785 2.3409188 -3.2391644
l 6859 6860
v 7.7203436 2.7872863 -3.1157155
v 7.7241192 2.7872863 -3.0689905
l 6861 6862
v 7.7229457 2.7872863 -3.0544682
v 7.7241192 2.7872863 -3.0689905
l 6863 6864
v 7.709415 2.7872863 -3.1600499
v 7.6919279 2.7872863 -3.2013979
l 6865 6866
v 7.709415 2.7872863 -3.1600499
v 7.7203436 2.7872863 -3.1157155
l 6867 6868
v 7.6396608 2.3409188 -3.272754
v 7.6060715 2.3409188 -3.3015714
l 6869 6870
v 7.6060715 2.3409188 -3.3015714
v 7.568305 2.3409188 -3.325021
l 6871 6872
v 7.2033167 2.3409188 -3.2391644
v 7.2321339 2.3409188 -3.272754
l 6873 6874
v 7.1798668 2.3409188 -3.2013979
v 7.2033167 2.3409188 -3.2391644
l 6875 6876
v 7.2657237 2.3409188 -3.3015714
v 7.2321339 2.3409188 -3.272754
l 6877 6878
v 7.2657237 2.3409188 -3.3015714
v 7.3034902 2.3409188 -3.325021
l 6879 6880
v 7.4826226 2.3409188 -3.3534367
v 7.526957 2.3409188 -3.3425081
l 6881 6882
v 7.568305 2.3409188 -3.325021
v 7.526957 2.3409188 -3.3425081
l 6883 6884
v 7.526957 2.7872863 -3.3425081
v 7.568305 2.7872863 -3.325021
l 6885 6886
v 7.4826226 2.7872863 -3.3534367
v 7.526957 2.7872863 -3.3425081
l 6887 6888
v 7.4358974 2.7872863 -3.3572121
v 7.3891721 2.7872863 -3.3534367
l 6889 6890
v 7.4358974 2.7872863 -3.3572121
v 7.4826226 2.7872863 -3.3534367
l 6891 6892
v 7.4358974 2.3409188 -3.3572121
v 7.3891721 2.3409188 -3.3534367
l 6893 6894
v 7.4826226 2.3409188 -3.3534367
v 7.4358974 2.3409188 -3.3572121
l 6895 6896
v 7.3448381 2.3409188 -3.3425081
v 7.3891721 2.3409188 -3.3534367
l 6897 6898
v 7.3034902 2.3409188 -3.325021
v 7.3448381 2.3409188 -3.3425081
l 6899 6900
v 7.3034902 2.7872863 -3.325021
v 7.3448381 2.7872863 -3.3425081
l 6901 6902
v 7.3891721 2.7872863 -3.3534367
v 7.3448381 2.7872863 -3.3425081
l 6903 6904
v 7.3034902 2.7872863 -3.325021
v 7.2657237 2.7872863 -3.3015714
l 6905 6906
v 7.2657237 2.7872863 -3.3015714
v 7.2321339 2.7872863 -3.272754
l 6907 6908
v 7.1623797 2.3409188 -3.1600499
v 7.1514511 2.3409188 -3.1157155
l 6909 6910
v 7.1623797 2.3409188 -3.1600499
v 7.1798668 2.3409188 -3.2013979
l 6911 6912
v 7.1485691 2.3409188 -3.057935
v 7.147676 2.3409188 -3.0689905
l 6913 6914
v 7.147676 2.3409188 -3.0689905
v 7.1514511 2.3409188 -3.1157155
l 6915 6916
v 6.9276776 2.2845414 -2.991395
v 6.909049 2.2857635 -2.9877701
l 6917 6918
v 7.1798668 2.7872863 -3.2013979
v 7.2033167 2.7872863 -3.2391644
l 6919 6920
v 7.2321339 2.7872863 -3.272754
v 7.2033167 2.7872863 -3.2391644
l 6921 6922
v 7.1798668 2.7872863 -3.2013979
v 7.1623797 2.7872863 -3.1600499
l 6923 6924
v 7.1623797 2.7872863 -3.1600499
v 7.1514511 2.7872863 -3.1157155
l 6925 6926
v 6.8139215 2.824172 -2.9797609
v 6.8300691 2.8288453 -2.9824257
l 6927 6928
v 7.1480627 2.7872863 -3.0642011
v 7.147676 2.7872863 -3.0689905
l 6929 6930
v 7.1514511 2.7872863 -3.1157155
v 7.147676 2.7872863 -3.0689905
l 6931 6932
v 7.6060715 2.7872863 -3.3015714
v 7.568305 2.7872863 -3.325021
l 6933 6934
v 7.6060715 2.7872863 -3.3015714
v 7.6396608 2.7872863 -3.272754
l 6935 6936
v 7.6684785 2.7872863 -3.2391644
v 7.6919279 2.7872863 -3.2013979
l 6937 6938
v 7.6396608 2.7872863 -3.272754
v 7.6684785 2.7872863 -3.2391644
l 6939 6940
v 8.1682158 -2.4256752 -2.9188552
v 8.1656818 -2.4203622 -2.9171088
l 6941 6942
v 8.1656818 -2.4203622 -2.9171088
v 8.1682119 -2.4256661 -2.9188523
l 6943 6944
v 8.1904736 -2.5970247 -2.9391677
v 8.1905594 -2.5917585 -2.939518
l 6945 6946
v 8.1273928 -2.7672675 -2.9081643
v 8.1297426 -2.7646277 -2.9089372
l 6947 6948
v 7.7203436 -2.3409188 -3.1157155
v 7.7241192 -2.3409188 -3.0689905
l 6949 6950
v 7.7224479 -2.3409188 -3.0483062
v 7.7241192 -2.3409188 -3.0689905
l 6951 6952
v 7.709415 -2.3409188 -3.1600499
v 7.6919279 -2.3409188 -3.2013979
l 6953 6954
v 7.709415 -2.3409188 -3.1600499
v 7.7203436 -2.3409188 -3.1157155
l 6955 6956
v 7.7203436 -2.7872863 -3.1157155
v 7.709415 -2.7872863 -3.1600499
l 6957 6958
v 7.709415 -2.7872863 -3.1600499
v 7.6919279 -2.7872863 -3.2013979
l 6959 6960
v 7.6396608 -2.7872863 -3.272754
v 7.6684785 -2.7872863 -3.2391644
l 6961 6962
v 7.6919279 -2.7872863 -3.2013979
v 7.6684785 -2.7872863 -3.2391644
l 6963 6964
v 7.6684785 -2.3409188 -3.2391644
v 7.6919279 -2.3409188 -3.2013979
l 6965 6966
v 7.6396608 -2.3409188 -3.272754
v 7.6684785 -2.3409188 -3.2391644
l 6967 6968
v 7.6060715 -2.3409188 -3.3015714
v 7.568305 -2.3409188 -3.325021
l 6969 6970
v 7.6060715 -2.3409188 -3.3015714
v 7.6396608 -2.3409188 -3.272754
l 6971 6972
v 7.6396608 -2.7872863 -3.272754
v 7.6060715 -2.7872863 -3.3015714
l 6973 6974
v 7.6060715 -2.7872863 -3.3015714
v 7.568305 -2.7872863 -3.325021
l 6975 6976
v 7.4826226 -2.7872863 -3.3534367
v 7.526957 -2.7872863 -3.3425081
l 6977 6978
v 7.568305 -2.7872863 -3.325021
v 7.526957 -2.7872863 -3.3425081
l 6979 6980
v 7.526957 -2.3409188 -3.3425081
v 7.568305 -2.3409188 -3.325021
l 6981 6982
v 7.4826226 -2.3409188 -3.3534367
v 7.526957 -2.3409188 -3.3425081
l 6983 6984
v 7.1359248 -2.2903218 -3.0278616
v 7.1371894 -2.2903218 -3.0279865
l 6985 6986
v 7.4358974 -2.3409188 -3.3572121
v 7.3891721 -2.3409188 -3.3534367
l 6987 6988
v 7.4358974 -2.3409188 -3.3572121
v 7.4826226 -2.3409188 -3.3534367
l 6989 6990
v 7.4826226 -2.7872863 -3.3534367
v 7.4358974 -2.7872863 -3.3572121
l 6991 6992
v 7.4358974 -2.7872863 -3.3572121
v 7.3891721 -2.7872863 -3.3534367
l 6993 6994
v 7.3448381 -2.7872863 -3.3425081
v 7.3891721 -2.7872863 -3.3534367
l 6995 6996
v 7.3034902 -2.7872863 -3.325021
v 7.3448381 -2.7872863 -3.3425081
l 6997 6998
v 7.3034902 -2.3409188 -3.325021
v 7.3448381 -2.3409188 -3.3425081
l 6999 7000
v 7.3891721 -2.3409188 -3.3534367
v 7.3448381 -2.3409188 -3.3425081
l 7001 7002
v 7.1295104 -2.2946897 -3.0305245
v 7.1295304 -2.2943571 -3.0302756
l 7003 7004
v 7.1295304 -2.2943571 -3.0302756
v 7.1295986 -2.2932336 -3.0294342
l 7005 7006
v 7.1295986 -2.2932336 -3.0294342
v 7.1296167 -2.292932 -3.0292084
l 7007 7008
v 7.1294556 -2.2955942 -3.0312018
v 7.1295104 -2.2946897 -3.0305245
l 7009 7010
v 7.3034902 -2.3409188 -3.325021
v 7.2657237 -2.3409188 -3.3015714
l 7011 7012
v 7.2657237 -2.3409188 -3.3015714
v 7.2321339 -2.3409188 -3.272754
l 7013 7014
v 7.2657237 -2.7872863 -3.3015714
v 7.2321339 -2.7872863 -3.272754
l 7015 7016
v 7.2657237 -2.7872863 -3.3015714
v 7.3034902 -2.7872863 -3.325021
l 7017 7018
v 7.2033167 -2.7872863 -3.2391644
v 7.2321339 -2.7872863 -3.272754
l 7019 7020
v 7.1798668 -2.7872863 -3.2013979
v 7.2033167 -2.7872863 -3.2391644
l 7021 7022
v 7.1798668 -2.3409188 -3.2013979
v 7.2033167 -2.3409188 -3.2391644
l 7023 7024
v 7.2321339 -2.3409188 -3.272754
v 7.2033167 -2.3409188 -3.2391644
l 7025 7026
v 7.1798668 -2.3409188 -3.2013979
v 7.1623797 -2.3409188 -3.1600499
l 7027 7028
v 7.1623797 -2.3409188 -3.1600499
v 7.1514511 -2.3409188 -3.1157155
l 7029 7030
v 7.1623797 -2.7872863 -3.1600499
v 7.1514511 -2.7872863 -3.1157155
l 7031 7032
v 7.1623797 -2.7872863 -3.1600499
v 7.1798668 -2.7872863 -3.2013979
l 7033 7034
v 7.1480627 -2.7872863 -3.0642011
v 7.147676 -2.7872863 -3.0689905
l 7035 7036
v 7.147676 -2.7872863 -3.0689905
v 7.1514511 -2.7872863 -3.1157155
l 7037 7038
v 6.8300691 -2.8288453 -2.9824257
v 6.8139215 -2.824172 -2.9797609
l 7039 7040
v 6.6770773 -2.4959202 -2.9922094
v 6.677619 -2.4879205 -2.9907551
l 7041 7042
v 6.677619 -2.4879205 -2.9907551
v 6.6791854 -2.4787054 -2.9896607
l 7043 7044
v 6.6791854 -2.4787054 -2.9896607
v 6.6819701 -2.462323 -2.9877152
l 7045 7046
v 6.909049 -2.2857635 -2.9877701
v 6.9276776 -2.2845414 -2.991395
l 7047 7048
v 7.1485691 -2.3409188 -3.057935
v 7.147676 -2.3409188 -3.0689905
l 7049 7050
v 7.1514511 -2.3409188 -3.1157155
v 7.147676 -2.3409188 -3.0689905
l 7051 7052
v 7.7203436 -2.7872863 -3.1157155
v 7.7241192 -2.7872863 -3.0689905
l 7053 7054
v 7.7241192 -2.7872863 -3.0689905
v 7.7229457 -2.7872863 -3.0544682
l 7055 7056
v 2.8631768 0 -2.6963432
v 2.8567936 0.0054542907 -2.6946683
l 7057 7058
v 2.8567936 -0.0054542907 -2.6946683
v 2.8631768 0 -2.6963432
l 7059 7060
v 6.6841984 -2.4542725 -2.9870846
v 6.6819701 -2.462323 -2.9877152
l 7061 7062
v 6.684866 -2.4519417 -2.9866254
v 6.6841984 -2.4542725 -2.9870846
l 7063 7064
v 7.129703 -2.2915072 -3.0281417
v 7.1359248 -2.2903218 -3.0278616
l 7065 7066
v 7.1296167 -2.292932 -3.0292084
v 7.129703 -2.2915072 -3.0281417
l 7067 7068
